[epoch 1] Predicted Actions: [2, 2, 2, 2, 2, 2, 2, 2, 2, 2]
[epoch 1] Actual Actions:    [5, 5, 5, 5, 5, 5, 5, 5, 5, 5]
[epoch 1] Predicted Positions: [[0.5116727352142334, 0.47810235619544983], [0.5116788744926453, 0.47810760140419006], [0.5116726756095886, 0.47810235619544983], [0.5117605328559875, 0.4779779613018036], [0.5116726756095886, 0.47810235619544983], [0.5116726756095886, 0.47810235619544983], [0.5116726756095886, 0.47810235619544983], [0.5116732120513916, 0.4781036674976349], [0.5116726756095886, 0.47810235619544983], [0.5116726756095886, 0.47810235619544983]]
[epoch 1] Actual Positions:    [[0.2222222238779068, 0.6666666865348816], [0.6666666865348816, 1.0], [0.4444444477558136, 0.8888888955116272], [1.0, 0.3333333432674408], [0.4444444477558136, 0.4444444477558136], [0.2222222238779068, 0.2222222238779068], [0.3333333432674408, 0.8888888955116272], [0.6666666865348816, 0.0], [0.7777777910232544, 0.3333333432674408], [0.0, 0.8888888955116272]]
[epoch 1] Predicted Actions: [5, 5, 5, 5, 5, 5, 5, 5, 5, 5]
[epoch 1] Actual Actions:    [5, 5, 5, 5, 5, 5, 5, 5, 5, 5]
[epoch 1] Predicted Positions: [[0.35364487767219543, 0.6499002575874329], [0.35365843772888184, 0.6498991847038269], [0.3536449074745178, 0.6499003171920776], [0.35364553332328796, 0.6498782634735107], [0.3536449372768402, 0.6499003171920776], [0.3536449372768402, 0.6499003171920776], [0.3536449372768402, 0.6499003171920776], [0.3536481559276581, 0.6498997211456299], [0.3536449074745178, 0.649901807308197], [0.3536449074745178, 0.6499004364013672]]
[epoch 1] Actual Positions:    [[0.2222222238779068, 0.6666666865348816], [0.6666666865348816, 1.0], [0.4444444477558136, 0.8888888955116272], [1.0, 0.3333333432674408], [0.4444444477558136, 0.4444444477558136], [0.2222222238779068, 0.2222222238779068], [0.3333333432674408, 0.8888888955116272], [0.6666666865348816, 0.0], [0.7777777910232544, 0.3333333432674408], [0.0, 0.8888888955116272]]
[epoch 1] Predicted Actions: [5, 5, 5, 5, 5, 5, 5, 5, 5, 5]
[epoch 1] Actual Actions:    [5, 5, 5, 5, 5, 5, 5, 5, 5, 5]
[epoch 1] Predicted Positions: [[0.9847661256790161, 0.11109182983636856], [0.9847646951675415, 0.111114501953125], [0.9847661256790161, 0.11109175533056259], [0.9847697019577026, 0.11107843369245529], [0.9847661256790161, 0.11109182983636856], [0.9847661256790161, 0.11109178513288498], [0.9847661256790161, 0.11109187453985214], [0.9847660064697266, 0.11109408736228943], [0.9847660064697266, 0.11109410971403122], [0.9847661256790161, 0.11109209060668945]]
[epoch 1] Actual Positions:    [[0.2222222238779068, 0.6666666865348816], [0.6666666865348816, 1.0], [0.4444444477558136, 0.8888888955116272], [1.0, 0.3333333432674408], [0.4444444477558136, 0.4444444477558136], [0.2222222238779068, 0.2222222238779068], [0.3333333432674408, 0.8888888955116272], [0.6666666865348816, 0.0], [0.7777777910232544, 0.3333333432674408], [0.0, 0.8888888955116272]]
[epoch 1] Predicted Actions: [5, 5, 5, 5, 5, 5, 5, 5, 5, 5]
[epoch 1] Actual Actions:    [5, 5, 5, 5, 5, 5, 5, 5, 5, 5]
[epoch 1] Predicted Positions: [[0.920708954334259, 0.7989754676818848], [0.920692503452301, 0.7990004420280457], [0.9207090735435486, 0.7989752888679504], [0.920726478099823, 0.7989500761032104], [0.920708954334259, 0.7989754676818848], [0.9207090735435486, 0.7989752888679504], [0.920708954334259, 0.7989754676818848], [0.9207113981246948, 0.7989722490310669], [0.9207079410552979, 0.7989780306816101], [0.920708954334259, 0.7989756464958191]]
[epoch 1] Actual Positions:    [[0.2222222238779068, 0.6666666865348816], [0.6666666865348816, 1.0], [0.4444444477558136, 0.8888888955116272], [1.0, 0.3333333432674408], [0.4444444477558136, 0.4444444477558136], [0.2222222238779068, 0.2222222238779068], [0.3333333432674408, 0.8888888955116272], [0.6666666865348816, 0.0], [0.7777777910232544, 0.3333333432674408], [0.0, 0.8888888955116272]]
[epoch 1] Predicted Actions: [5, 5, 5, 5, 5, 5, 5, 5, 5, 5]
[epoch 1] Actual Actions:    [5, 5, 5, 5, 5, 5, 5, 5, 5, 5]
[epoch 1] Predicted Positions: [[0.567439079284668, 0.630010724067688], [0.5673991441726685, 0.6300041079521179], [0.5674390196800232, 0.6300106644630432], [0.5674474239349365, 0.6300246715545654], [0.5674390196800232, 0.6300106644630432], [0.567439079284668, 0.6300106644630432], [0.5674390196800232, 0.630010724067688], [0.5674434304237366, 0.6300066709518433], [0.5674352645874023, 0.6300104260444641], [0.5674384236335754, 0.6300104260444641]]
[epoch 1] Actual Positions:    [[0.2222222238779068, 0.6666666865348816], [0.6666666865348816, 1.0], [0.4444444477558136, 0.8888888955116272], [1.0, 0.3333333432674408], [0.4444444477558136, 0.4444444477558136], [0.2222222238779068, 0.2222222238779068], [0.3333333432674408, 0.8888888955116272], [0.6666666865348816, 0.0], [0.7777777910232544, 0.3333333432674408], [0.0, 0.8888888955116272]]
[epoch 2] Predicted Actions: [9, 9, 9, 9, 9, 9, 9, 9, 9, 9]
[epoch 2] Actual Actions:    [5, 5, 5, 5, 5, 5, 5, 5, 5, 5]
[epoch 2] Predicted Positions: [[0.8125585317611694, 0.6036117076873779], [0.8125671744346619, 0.6036106944084167], [0.8125584721565247, 0.6036118865013123], [0.8125472068786621, 0.6036137342453003], [0.8125584721565247, 0.6036117076873779], [0.8125584721565247, 0.6036117672920227], [0.8125585317611694, 0.6036117076873779], [0.8125568628311157, 0.6036148071289062], [0.8125571012496948, 0.6036109924316406], [0.8125584721565247, 0.6036117672920227]]
[epoch 2] Actual Positions:    [[0.2222222238779068, 0.6666666865348816], [0.6666666865348816, 1.0], [0.4444444477558136, 0.8888888955116272], [1.0, 0.3333333432674408], [0.4444444477558136, 0.4444444477558136], [0.2222222238779068, 0.2222222238779068], [0.3333333432674408, 0.8888888955116272], [0.6666666865348816, 0.0], [0.7777777910232544, 0.3333333432674408], [0.0, 0.8888888955116272]]
[epoch 2] Predicted Actions: [2, 2, 2, 2, 2, 2, 2, 2, 2, 2]
[epoch 2] Actual Actions:    [5, 5, 5, 5, 5, 5, 5, 5, 5, 5]
[epoch 2] Predicted Positions: [[0.8473270535469055, 0.6830757856369019], [0.8473252654075623, 0.6830682754516602], [0.8473271131515503, 0.6830759048461914], [0.8473408818244934, 0.6830881237983704], [0.8473270535469055, 0.6830758452415466], [0.8473271131515503, 0.6830759048461914], [0.847326934337616, 0.6830757856369019], [0.8473315834999084, 0.683079719543457], [0.8473265171051025, 0.6830750107765198], [0.8473272323608398, 0.6830759048461914]]
[epoch 2] Actual Positions:    [[0.2222222238779068, 0.6666666865348816], [0.6666666865348816, 1.0], [0.4444444477558136, 0.8888888955116272], [1.0, 0.3333333432674408], [0.4444444477558136, 0.4444444477558136], [0.2222222238779068, 0.2222222238779068], [0.3333333432674408, 0.8888888955116272], [0.6666666865348816, 0.0], [0.7777777910232544, 0.3333333432674408], [0.0, 0.8888888955116272]]
[epoch 2] Predicted Actions: [4, 4, 4, 4, 4, 4, 4, 4, 4, 4]
[epoch 2] Actual Actions:    [5, 5, 5, 5, 5, 5, 5, 5, 5, 5]
[epoch 2] Predicted Positions: [[0.8102275729179382, 0.6873727440834045], [0.8102282881736755, 0.6873683929443359], [0.8102276921272278, 0.6873728036880493], [0.8102509379386902, 0.6873924136161804], [0.8102276921272278, 0.6873728036880493], [0.8102276921272278, 0.6873728036880493], [0.8102275133132935, 0.6873726844787598], [0.8102300763130188, 0.6873748898506165], [0.8102275133132935, 0.6873722672462463], [0.8102276921272278, 0.6873726844787598]]
[epoch 2] Actual Positions:    [[0.2222222238779068, 0.6666666865348816], [0.6666666865348816, 1.0], [0.4444444477558136, 0.8888888955116272], [1.0, 0.3333333432674408], [0.4444444477558136, 0.4444444477558136], [0.2222222238779068, 0.2222222238779068], [0.3333333432674408, 0.8888888955116272], [0.6666666865348816, 0.0], [0.7777777910232544, 0.3333333432674408], [0.0, 0.8888888955116272]]
[epoch 2] Predicted Actions: [2, 2, 2, 2, 2, 2, 2, 2, 2, 2]
[epoch 2] Actual Actions:    [5, 5, 5, 5, 5, 5, 5, 5, 5, 5]
[epoch 2] Predicted Positions: [[0.8163610100746155, 0.7023613452911377], [0.8163629174232483, 0.7023587822914124], [0.8163610696792603, 0.7023614048957825], [0.816382110118866, 0.702383816242218], [0.8163610696792603, 0.7023614048957825], [0.816361129283905, 0.7023614645004272], [0.8163610696792603, 0.7023613452911377], [0.8163629770278931, 0.7023636102676392], [0.8163610696792603, 0.702360987663269], [0.8163610696792603, 0.7023612856864929]]
[epoch 2] Actual Positions:    [[0.2222222238779068, 0.6666666865348816], [0.6666666865348816, 1.0], [0.4444444477558136, 0.8888888955116272], [1.0, 0.3333333432674408], [0.4444444477558136, 0.4444444477558136], [0.2222222238779068, 0.2222222238779068], [0.3333333432674408, 0.8888888955116272], [0.6666666865348816, 0.0], [0.7777777910232544, 0.3333333432674408], [0.0, 0.8888888955116272]]
[epoch 2] Predicted Actions: [5, 5, 5, 5, 5, 5, 5, 5, 5, 5]
[epoch 2] Actual Actions:    [5, 5, 5, 5, 5, 5, 5, 5, 5, 5]
[epoch 2] Predicted Positions: [[0.8293836712837219, 0.7187637090682983], [0.8293861150741577, 0.7187623977661133], [0.8293836116790771, 0.7187638282775879], [0.8294017910957336, 0.7187878489494324], [0.8293836116790771, 0.7187638282775879], [0.8293836116790771, 0.7187637686729431], [0.8293836116790771, 0.7187637686729431], [0.8293853998184204, 0.7187663912773132], [0.8293834328651428, 0.7187631726264954], [0.8293834924697876, 0.7187635898590088]]
[epoch 2] Actual Positions:    [[0.2222222238779068, 0.6666666865348816], [0.6666666865348816, 1.0], [0.4444444477558136, 0.8888888955116272], [1.0, 0.3333333432674408], [0.4444444477558136, 0.4444444477558136], [0.2222222238779068, 0.2222222238779068], [0.3333333432674408, 0.8888888955116272], [0.6666666865348816, 0.0], [0.7777777910232544, 0.3333333432674408], [0.0, 0.8888888955116272]]
[epoch 3] Predicted Actions: [6, 6, 6, 6, 6, 6, 6, 6, 6, 6]
[epoch 3] Actual Actions:    [5, 5, 5, 5, 5, 5, 5, 5, 5, 5]
[epoch 3] Predicted Positions: [[0.1391555666923523, 0.2489127665758133], [0.13915300369262695, 0.2489132583141327], [0.13915501534938812, 0.24891264736652374], [0.13914532959461212, 0.2488899827003479], [0.1391550600528717, 0.24891264736652374], [0.1391550600528717, 0.24891261756420135], [0.13915516436100006, 0.2489127367734909], [0.13915394246578217, 0.2489095777273178], [0.1391553282737732, 0.24891319870948792], [0.13915526866912842, 0.24891285598278046]]
[epoch 3] Actual Positions:    [[0.2222222238779068, 0.6666666865348816], [0.6666666865348816, 1.0], [0.4444444477558136, 0.8888888955116272], [1.0, 0.3333333432674408], [0.4444444477558136, 0.4444444477558136], [0.2222222238779068, 0.2222222238779068], [0.3333333432674408, 0.8888888955116272], [0.6666666865348816, 0.0], [0.7777777910232544, 0.3333333432674408], [0.0, 0.8888888955116272]]
[epoch 3] Predicted Actions: [6, 6, 6, 6, 6, 6, 6, 6, 6, 6]
[epoch 3] Actual Actions:    [5, 5, 5, 5, 5, 5, 5, 5, 5, 5]
[epoch 3] Predicted Positions: [[0.15112745761871338, 0.25538209080696106], [0.15112438797950745, 0.2553821802139282], [0.15112709999084473, 0.25538209080696106], [0.15111936628818512, 0.2553626000881195], [0.1511271446943283, 0.25538209080696106], [0.15112712979316711, 0.25538209080696106], [0.1511271595954895, 0.25538209080696106], [0.15112631022930145, 0.25537949800491333], [0.15112736821174622, 0.2553827166557312], [0.15112726390361786, 0.2553822994232178]]
[epoch 3] Actual Positions:    [[0.2222222238779068, 0.6666666865348816], [0.6666666865348816, 1.0], [0.4444444477558136, 0.8888888955116272], [1.0, 0.3333333432674408], [0.4444444477558136, 0.4444444477558136], [0.2222222238779068, 0.2222222238779068], [0.3333333432674408, 0.8888888955116272], [0.6666666865348816, 0.0], [0.7777777910232544, 0.3333333432674408], [0.0, 0.8888888955116272]]
[epoch 3] Predicted Actions: [6, 6, 6, 6, 6, 6, 6, 6, 6, 6]
[epoch 3] Actual Actions:    [5, 5, 5, 5, 5, 5, 5, 5, 5, 5]
[epoch 3] Predicted Positions: [[0.18010595440864563, 0.27691593766212463], [0.1801024079322815, 0.2769155502319336], [0.18010587990283966, 0.27691590785980225], [0.18009789288043976, 0.2769007086753845], [0.18010587990283966, 0.276915967464447], [0.18010567128658295, 0.27691587805747986], [0.18010590970516205, 0.27691593766212463], [0.1801050752401352, 0.27691450715065], [0.1801060438156128, 0.2769164443016052], [0.18010596930980682, 0.27691611647605896]]
[epoch 3] Actual Positions:    [[0.2222222238779068, 0.6666666865348816], [0.6666666865348816, 1.0], [0.4444444477558136, 0.8888888955116272], [1.0, 0.3333333432674408], [0.4444444477558136, 0.4444444477558136], [0.2222222238779068, 0.2222222238779068], [0.3333333432674408, 0.8888888955116272], [0.6666666865348816, 0.0], [0.7777777910232544, 0.3333333432674408], [0.0, 0.8888888955116272]]
[epoch 3] Predicted Actions: [0, 0, 0, 0, 0, 0, 0, 0, 0, 0]
[epoch 3] Actual Actions:    [5, 5, 5, 5, 5, 5, 5, 5, 5, 5]
[epoch 3] Predicted Positions: [[0.2188105434179306, 0.3057572543621063], [0.21880702674388885, 0.3057571053504944], [0.21881042420864105, 0.3057572841644287], [0.2188035547733307, 0.30574747920036316], [0.21881042420864105, 0.3057572543621063], [0.2188105434179306, 0.3057572543621063], [0.21881045401096344, 0.3057572841644287], [0.21881012618541718, 0.30575743317604065], [0.2188105583190918, 0.3057577908039093], [0.21881045401096344, 0.30575740337371826]]
[epoch 3] Actual Positions:    [[0.2222222238779068, 0.6666666865348816], [0.6666666865348816, 1.0], [0.4444444477558136, 0.8888888955116272], [1.0, 0.3333333432674408], [0.4444444477558136, 0.4444444477558136], [0.2222222238779068, 0.2222222238779068], [0.3333333432674408, 0.8888888955116272], [0.6666666865348816, 0.0], [0.7777777910232544, 0.3333333432674408], [0.0, 0.8888888955116272]]
[epoch 3] Predicted Actions: [0, 0, 0, 0, 0, 0, 0, 0, 0, 0]
[epoch 3] Actual Actions:    [5, 5, 5, 5, 5, 5, 5, 5, 5, 5]
[epoch 3] Predicted Positions: [[0.2584225833415985, 0.3340553343296051], [0.2584194839000702, 0.33405494689941406], [0.25842252373695374, 0.3340552747249603], [0.25841909646987915, 0.334051251411438], [0.25842252373695374, 0.3340552747249603], [0.25842246413230896, 0.3340552747249603], [0.25842252373695374, 0.3340552747249603], [0.25842273235321045, 0.334056556224823], [0.2584226131439209, 0.33405572175979614], [0.2584225833415985, 0.3340553939342499]]
[epoch 3] Actual Positions:    [[0.2222222238779068, 0.6666666865348816], [0.6666666865348816, 1.0], [0.4444444477558136, 0.8888888955116272], [1.0, 0.3333333432674408], [0.4444444477558136, 0.4444444477558136], [0.2222222238779068, 0.2222222238779068], [0.3333333432674408, 0.8888888955116272], [0.6666666865348816, 0.0], [0.7777777910232544, 0.3333333432674408], [0.0, 0.8888888955116272]]
[epoch 4] Predicted Actions: [0, 0, 0, 0, 0, 0, 0, 0, 0, 0]
[epoch 4] Actual Actions:    [5, 5, 5, 5, 5, 5, 5, 5, 5, 5]
[epoch 4] Predicted Positions: [[0.29179343581199646, 0.3587334156036377], [0.2917914390563965, 0.3587333559989929], [0.29179343581199646, 0.3587334156036377], [0.29179248213768005, 0.3587329387664795], [0.29179343581199646, 0.35873347520828247], [0.2917928397655487, 0.3587329387664795], [0.2917934060096741, 0.3587334156036377], [0.29179391264915466, 0.35873496532440186], [0.29179346561431885, 0.35873377323150635], [0.29179349541664124, 0.358733594417572]]
[epoch 4] Actual Positions:    [[0.2222222238779068, 0.6666666865348816], [0.6666666865348816, 1.0], [0.4444444477558136, 0.8888888955116272], [1.0, 0.3333333432674408], [0.4444444477558136, 0.4444444477558136], [0.2222222238779068, 0.2222222238779068], [0.3333333432674408, 0.8888888955116272], [0.6666666865348816, 0.0], [0.7777777910232544, 0.3333333432674408], [0.0, 0.8888888955116272]]
[epoch 4] Predicted Actions: [2, 2, 2, 2, 2, 2, 2, 2, 2, 2]
[epoch 4] Actual Actions:    [5, 5, 5, 5, 5, 5, 5, 5, 5, 5]
[epoch 4] Predicted Positions: [[0.3179042637348175, 0.37926772236824036], [0.31790271401405334, 0.3792674243450165], [0.3179042637348175, 0.37926775217056274], [0.3179045021533966, 0.3792685568332672], [0.3179042637348175, 0.37926769256591797], [0.3179042637348175, 0.37926772236824036], [0.3179042637348175, 0.37926769256591797], [0.3179047405719757, 0.37926897406578064], [0.31790420413017273, 0.3792678415775299], [0.3179042339324951, 0.37926775217056274]]
[epoch 4] Actual Positions:    [[0.2222222238779068, 0.6666666865348816], [0.6666666865348816, 1.0], [0.4444444477558136, 0.8888888955116272], [1.0, 0.3333333432674408], [0.4444444477558136, 0.4444444477558136], [0.2222222238779068, 0.2222222238779068], [0.3333333432674408, 0.8888888955116272], [0.6666666865348816, 0.0], [0.7777777910232544, 0.3333333432674408], [0.0, 0.8888888955116272]]
[epoch 4] Predicted Actions: [2, 2, 2, 2, 2, 2, 2, 2, 2, 2]
[epoch 4] Actual Actions:    [5, 5, 5, 5, 5, 5, 5, 5, 5, 5]
[epoch 4] Predicted Positions: [[0.3382797837257385, 0.39728501439094543], [0.3382789194583893, 0.39728471636772156], [0.3382797837257385, 0.39728501439094543], [0.3382802903652191, 0.39728614687919617], [0.3382797837257385, 0.39728501439094543], [0.3382797837257385, 0.39728501439094543], [0.3382797837257385, 0.39728501439094543], [0.3382801115512848, 0.39728590846061707], [0.338279664516449, 0.39728501439094543], [0.3382797837257385, 0.39728501439094543]]
[epoch 4] Actual Positions:    [[0.2222222238779068, 0.6666666865348816], [0.6666666865348816, 1.0], [0.4444444477558136, 0.8888888955116272], [1.0, 0.3333333432674408], [0.4444444477558136, 0.4444444477558136], [0.2222222238779068, 0.2222222238779068], [0.3333333432674408, 0.8888888955116272], [0.6666666865348816, 0.0], [0.7777777910232544, 0.3333333432674408], [0.0, 0.8888888955116272]]
[epoch 4] Predicted Actions: [5, 5, 5, 5, 5, 5, 5, 5, 5, 5]
[epoch 4] Actual Actions:    [5, 5, 5, 5, 5, 5, 5, 5, 5, 5]
[epoch 4] Predicted Positions: [[0.3555273115634918, 0.41456156969070435], [0.3555266857147217, 0.4145611822605133], [0.355527400970459, 0.41456156969070435], [0.35552772879600525, 0.41456252336502075], [0.355527400970459, 0.4145616292953491], [0.3555271029472351, 0.41456151008605957], [0.35552725195884705, 0.41456153988838196], [0.35552746057510376, 0.4145621061325073], [0.3555273413658142, 0.4145616292953491], [0.355527400970459, 0.4145616292953491]]
[epoch 4] Actual Positions:    [[0.2222222238779068, 0.6666666865348816], [0.6666666865348816, 1.0], [0.4444444477558136, 0.8888888955116272], [1.0, 0.3333333432674408], [0.4444444477558136, 0.4444444477558136], [0.2222222238779068, 0.2222222238779068], [0.3333333432674408, 0.8888888955116272], [0.6666666865348816, 0.0], [0.7777777910232544, 0.3333333432674408], [0.0, 0.8888888955116272]]
[epoch 4] Predicted Actions: [5, 5, 5, 5, 5, 5, 5, 5, 5, 5]
[epoch 4] Actual Actions:    [5, 5, 5, 5, 5, 5, 5, 5, 5, 5]
[epoch 4] Predicted Positions: [[0.4952959716320038, 0.4980687201023102], [0.4952959716320038, 0.4980687201023102], [0.4952959716320038, 0.4980687201023102], [0.4952959716320038, 0.4980687201023102], [0.4952959716320038, 0.4980687201023102], [0.4952959716320038, 0.4980687201023102], [0.4952959716320038, 0.4980687201023102], [0.4952959716320038, 0.4980687201023102], [0.4952959716320038, 0.4980687201023102], [0.4952959716320038, 0.4980687201023102]]
[epoch 4] Actual Positions:    [[0.2222222238779068, 0.6666666865348816], [0.6666666865348816, 1.0], [0.4444444477558136, 0.8888888955116272], [1.0, 0.3333333432674408], [0.4444444477558136, 0.4444444477558136], [0.2222222238779068, 0.2222222238779068], [0.3333333432674408, 0.8888888955116272], [0.6666666865348816, 0.0], [0.7777777910232544, 0.3333333432674408], [0.0, 0.8888888955116272]]
[epoch 5] Predicted Actions: [5, 5, 5, 5, 5, 5, 5, 5, 5, 5]
[epoch 5] Actual Actions:    [5, 5, 5, 5, 5, 5, 5, 5, 5, 5]
[epoch 5] Predicted Positions: [[0.49510887265205383, 0.4980708062648773], [0.49510887265205383, 0.4980708062648773], [0.49510887265205383, 0.4980708062648773], [0.49510887265205383, 0.4980708062648773], [0.49510887265205383, 0.4980708062648773], [0.49510887265205383, 0.4980708062648773], [0.49510887265205383, 0.4980708062648773], [0.49510887265205383, 0.4980708062648773], [0.49510887265205383, 0.4980708062648773], [0.49510887265205383, 0.4980708062648773]]
[epoch 5] Actual Positions:    [[0.2222222238779068, 0.6666666865348816], [0.6666666865348816, 1.0], [0.4444444477558136, 0.8888888955116272], [1.0, 0.3333333432674408], [0.4444444477558136, 0.4444444477558136], [0.2222222238779068, 0.2222222238779068], [0.3333333432674408, 0.8888888955116272], [0.6666666865348816, 0.0], [0.7777777910232544, 0.3333333432674408], [0.0, 0.8888888955116272]]
[epoch 5] Predicted Actions: [5, 5, 5, 5, 5, 5, 5, 5, 5, 5]
[epoch 5] Actual Actions:    [5, 5, 5, 5, 5, 5, 5, 5, 5, 5]
[epoch 5] Predicted Positions: [[0.49490323662757874, 0.4981037974357605], [0.49490323662757874, 0.4981037974357605], [0.49490323662757874, 0.4981037974357605], [0.49490323662757874, 0.4981037974357605], [0.49490323662757874, 0.4981037974357605], [0.49490323662757874, 0.4981037974357605], [0.49490323662757874, 0.4981037974357605], [0.49490323662757874, 0.4981037974357605], [0.49490323662757874, 0.4981037974357605], [0.49490323662757874, 0.4981037974357605]]
[epoch 5] Actual Positions:    [[0.2222222238779068, 0.6666666865348816], [0.6666666865348816, 1.0], [0.4444444477558136, 0.8888888955116272], [1.0, 0.3333333432674408], [0.4444444477558136, 0.4444444477558136], [0.2222222238779068, 0.2222222238779068], [0.3333333432674408, 0.8888888955116272], [0.6666666865348816, 0.0], [0.7777777910232544, 0.3333333432674408], [0.0, 0.8888888955116272]]
[epoch 5] Predicted Actions: [5, 5, 5, 5, 5, 5, 5, 5, 5, 5]
[epoch 5] Actual Actions:    [5, 5, 5, 5, 5, 5, 5, 5, 5, 5]
[epoch 5] Predicted Positions: [[0.49468669295310974, 0.49815550446510315], [0.49468669295310974, 0.49815550446510315], [0.49468669295310974, 0.49815550446510315], [0.49468669295310974, 0.49815550446510315], [0.49468669295310974, 0.49815550446510315], [0.49468669295310974, 0.49815550446510315], [0.49468669295310974, 0.49815550446510315], [0.49468669295310974, 0.49815550446510315], [0.49468669295310974, 0.49815550446510315], [0.49468669295310974, 0.49815550446510315]]
[epoch 5] Actual Positions:    [[0.2222222238779068, 0.6666666865348816], [0.6666666865348816, 1.0], [0.4444444477558136, 0.8888888955116272], [1.0, 0.3333333432674408], [0.4444444477558136, 0.4444444477558136], [0.2222222238779068, 0.2222222238779068], [0.3333333432674408, 0.8888888955116272], [0.6666666865348816, 0.0], [0.7777777910232544, 0.3333333432674408], [0.0, 0.8888888955116272]]
[epoch 5] Predicted Actions: [5, 5, 5, 5, 5, 5, 5, 5, 5, 5]
[epoch 5] Actual Actions:    [5, 5, 5, 5, 5, 5, 5, 5, 5, 5]
[epoch 5] Predicted Positions: [[0.49446332454681396, 0.4982266426086426], [0.49446332454681396, 0.4982266426086426], [0.49446332454681396, 0.4982266426086426], [0.49446332454681396, 0.4982266426086426], [0.49446332454681396, 0.4982266426086426], [0.49446332454681396, 0.4982266426086426], [0.49446332454681396, 0.4982266426086426], [0.49446332454681396, 0.4982266426086426], [0.49446332454681396, 0.4982266426086426], [0.49446332454681396, 0.4982266426086426]]
[epoch 5] Actual Positions:    [[0.2222222238779068, 0.6666666865348816], [0.6666666865348816, 1.0], [0.4444444477558136, 0.8888888955116272], [1.0, 0.3333333432674408], [0.4444444477558136, 0.4444444477558136], [0.2222222238779068, 0.2222222238779068], [0.3333333432674408, 0.8888888955116272], [0.6666666865348816, 0.0], [0.7777777910232544, 0.3333333432674408], [0.0, 0.8888888955116272]]
[epoch 5] Predicted Actions: [5, 5, 5, 5, 5, 5, 5, 5, 5, 5]
[epoch 5] Actual Actions:    [5, 5, 5, 5, 5, 5, 5, 5, 5, 5]
[epoch 5] Predicted Positions: [[0.4942338764667511, 0.4983157217502594], [0.4942338764667511, 0.4983157217502594], [0.4942338764667511, 0.4983157217502594], [0.4942338764667511, 0.4983157217502594], [0.4942338764667511, 0.4983157217502594], [0.4942338764667511, 0.4983157217502594], [0.4942338764667511, 0.4983157217502594], [0.4942338764667511, 0.4983157217502594], [0.4942338764667511, 0.4983157217502594], [0.4942338764667511, 0.4983157217502594]]
[epoch 5] Actual Positions:    [[0.2222222238779068, 0.6666666865348816], [0.6666666865348816, 1.0], [0.4444444477558136, 0.8888888955116272], [1.0, 0.3333333432674408], [0.4444444477558136, 0.4444444477558136], [0.2222222238779068, 0.2222222238779068], [0.3333333432674408, 0.8888888955116272], [0.6666666865348816, 0.0], [0.7777777910232544, 0.3333333432674408], [0.0, 0.8888888955116272]]
[epoch 6] Predicted Actions: [5, 5, 5, 5, 5, 5, 5, 5, 5, 5]
[epoch 6] Actual Actions:    [5, 5, 5, 5, 5, 5, 5, 5, 5, 5]
[epoch 6] Predicted Positions: [[0.4939977824687958, 0.49841970205307007], [0.4939977824687958, 0.49841970205307007], [0.4939977824687958, 0.49841970205307007], [0.4939977824687958, 0.49841970205307007], [0.4939977824687958, 0.49841970205307007], [0.4939977824687958, 0.49841970205307007], [0.4939977824687958, 0.49841970205307007], [0.4939977824687958, 0.49841970205307007], [0.4939977824687958, 0.49841970205307007], [0.4939977824687958, 0.49841970205307007]]
[epoch 6] Actual Positions:    [[0.2222222238779068, 0.6666666865348816], [0.6666666865348816, 1.0], [0.4444444477558136, 0.8888888955116272], [1.0, 0.3333333432674408], [0.4444444477558136, 0.4444444477558136], [0.2222222238779068, 0.2222222238779068], [0.3333333432674408, 0.8888888955116272], [0.6666666865348816, 0.0], [0.7777777910232544, 0.3333333432674408], [0.0, 0.8888888955116272]]
[epoch 6] Predicted Actions: [5, 5, 5, 5, 5, 5, 5, 5, 5, 5]
[epoch 6] Actual Actions:    [5, 5, 5, 5, 5, 5, 5, 5, 5, 5]
[epoch 6] Predicted Positions: [[0.4937545955181122, 0.4985356330871582], [0.4937545955181122, 0.4985356330871582], [0.4937545955181122, 0.4985356330871582], [0.4937545955181122, 0.4985356330871582], [0.4937545955181122, 0.4985356330871582], [0.4937545955181122, 0.4985356330871582], [0.4937545955181122, 0.4985356330871582], [0.4937545955181122, 0.4985356330871582], [0.4937545955181122, 0.4985356330871582], [0.4937545955181122, 0.4985356330871582]]
[epoch 6] Actual Positions:    [[0.2222222238779068, 0.6666666865348816], [0.6666666865348816, 1.0], [0.4444444477558136, 0.8888888955116272], [1.0, 0.3333333432674408], [0.4444444477558136, 0.4444444477558136], [0.2222222238779068, 0.2222222238779068], [0.3333333432674408, 0.8888888955116272], [0.6666666865348816, 0.0], [0.7777777910232544, 0.3333333432674408], [0.0, 0.8888888955116272]]
[epoch 6] Predicted Actions: [5, 5, 5, 5, 5, 5, 5, 5, 5, 5]
[epoch 6] Actual Actions:    [5, 5, 5, 5, 5, 5, 5, 5, 5, 5]
[epoch 6] Predicted Positions: [[0.4935021698474884, 0.4986617863178253], [0.4935021698474884, 0.4986617863178253], [0.4935021698474884, 0.4986617863178253], [0.4935021698474884, 0.4986617863178253], [0.4935021698474884, 0.4986617863178253], [0.4935021698474884, 0.4986617863178253], [0.4935021698474884, 0.4986617863178253], [0.4935021698474884, 0.4986617863178253], [0.4935021698474884, 0.4986617863178253], [0.4935021698474884, 0.4986617863178253]]
[epoch 6] Actual Positions:    [[0.2222222238779068, 0.6666666865348816], [0.6666666865348816, 1.0], [0.4444444477558136, 0.8888888955116272], [1.0, 0.3333333432674408], [0.4444444477558136, 0.4444444477558136], [0.2222222238779068, 0.2222222238779068], [0.3333333432674408, 0.8888888955116272], [0.6666666865348816, 0.0], [0.7777777910232544, 0.3333333432674408], [0.0, 0.8888888955116272]]
[epoch 6] Predicted Actions: [5, 5, 5, 5, 5, 5, 5, 5, 5, 5]
[epoch 6] Actual Actions:    [5, 5, 5, 5, 5, 5, 5, 5, 5, 5]
[epoch 6] Predicted Positions: [[0.49323850870132446, 0.498797208070755], [0.49323850870132446, 0.498797208070755], [0.49323850870132446, 0.498797208070755], [0.49323850870132446, 0.498797208070755], [0.49323850870132446, 0.498797208070755], [0.49323850870132446, 0.498797208070755], [0.49323850870132446, 0.498797208070755], [0.49323850870132446, 0.498797208070755], [0.49323850870132446, 0.498797208070755], [0.49323850870132446, 0.498797208070755]]
[epoch 6] Actual Positions:    [[0.2222222238779068, 0.6666666865348816], [0.6666666865348816, 1.0], [0.4444444477558136, 0.8888888955116272], [1.0, 0.3333333432674408], [0.4444444477558136, 0.4444444477558136], [0.2222222238779068, 0.2222222238779068], [0.3333333432674408, 0.8888888955116272], [0.6666666865348816, 0.0], [0.7777777910232544, 0.3333333432674408], [0.0, 0.8888888955116272]]
[epoch 6] Predicted Actions: [5, 5, 5, 5, 5, 5, 5, 5, 5, 5]
[epoch 6] Actual Actions:    [5, 5, 5, 5, 5, 5, 5, 5, 5, 5]
[epoch 6] Predicted Positions: [[0.4929616451263428, 0.4989417493343353], [0.4929616451263428, 0.4989417493343353], [0.4929616451263428, 0.4989417493343353], [0.4929616451263428, 0.4989417493343353], [0.4929616451263428, 0.4989417493343353], [0.4929616451263428, 0.4989417493343353], [0.4929616451263428, 0.4989417493343353], [0.4929616451263428, 0.4989417493343353], [0.4929616451263428, 0.4989417493343353], [0.4929616451263428, 0.4989417493343353]]
[epoch 6] Actual Positions:    [[0.2222222238779068, 0.6666666865348816], [0.6666666865348816, 1.0], [0.4444444477558136, 0.8888888955116272], [1.0, 0.3333333432674408], [0.4444444477558136, 0.4444444477558136], [0.2222222238779068, 0.2222222238779068], [0.3333333432674408, 0.8888888955116272], [0.6666666865348816, 0.0], [0.7777777910232544, 0.3333333432674408], [0.0, 0.8888888955116272]]
[epoch 7] Predicted Actions: [5, 5, 5, 5, 5, 5, 5, 5, 5, 5]
[epoch 7] Actual Actions:    [5, 5, 5, 5, 5, 5, 5, 5, 5, 5]
[epoch 7] Predicted Positions: [[0.4926697015762329, 0.49909552931785583], [0.4926697015762329, 0.49909552931785583], [0.4926697015762329, 0.49909552931785583], [0.4926697015762329, 0.49909552931785583], [0.4926697015762329, 0.49909552931785583], [0.4926697015762329, 0.49909552931785583], [0.4926697015762329, 0.49909552931785583], [0.4926697015762329, 0.49909552931785583], [0.4926697015762329, 0.49909552931785583], [0.4926697015762329, 0.49909552931785583]]
[epoch 7] Actual Positions:    [[0.2222222238779068, 0.6666666865348816], [0.6666666865348816, 1.0], [0.4444444477558136, 0.8888888955116272], [1.0, 0.3333333432674408], [0.4444444477558136, 0.4444444477558136], [0.2222222238779068, 0.2222222238779068], [0.3333333432674408, 0.8888888955116272], [0.6666666865348816, 0.0], [0.7777777910232544, 0.3333333432674408], [0.0, 0.8888888955116272]]
[epoch 7] Predicted Actions: [5, 5, 5, 5, 5, 5, 5, 5, 5, 5]
[epoch 7] Actual Actions:    [5, 5, 5, 5, 5, 5, 5, 5, 5, 5]
[epoch 7] Predicted Positions: [[0.49236246943473816, 0.4992586672306061], [0.49236246943473816, 0.4992586672306061], [0.49236246943473816, 0.4992586672306061], [0.49236246943473816, 0.4992586672306061], [0.49236246943473816, 0.4992586672306061], [0.49236246943473816, 0.4992586672306061], [0.49236246943473816, 0.4992586672306061], [0.49236246943473816, 0.4992586672306061], [0.49236246943473816, 0.4992586672306061], [0.49236246943473816, 0.4992586672306061]]
[epoch 7] Actual Positions:    [[0.2222222238779068, 0.6666666865348816], [0.6666666865348816, 1.0], [0.4444444477558136, 0.8888888955116272], [1.0, 0.3333333432674408], [0.4444444477558136, 0.4444444477558136], [0.2222222238779068, 0.2222222238779068], [0.3333333432674408, 0.8888888955116272], [0.6666666865348816, 0.0], [0.7777777910232544, 0.3333333432674408], [0.0, 0.8888888955116272]]
[epoch 7] Predicted Actions: [5, 5, 5, 5, 5, 5, 5, 5, 5, 5]
[epoch 7] Actual Actions:    [5, 5, 5, 5, 5, 5, 5, 5, 5, 5]
[epoch 7] Predicted Positions: [[0.4920393228530884, 0.49943238496780396], [0.4920393228530884, 0.49943238496780396], [0.4920393228530884, 0.49943238496780396], [0.4920393228530884, 0.49943238496780396], [0.4920393228530884, 0.49943238496780396], [0.4920393228530884, 0.49943238496780396], [0.4920393228530884, 0.49943238496780396], [0.4920393228530884, 0.49943238496780396], [0.4920393228530884, 0.49943238496780396], [0.4920393228530884, 0.49943238496780396]]
[epoch 7] Actual Positions:    [[0.2222222238779068, 0.6666666865348816], [0.6666666865348816, 1.0], [0.4444444477558136, 0.8888888955116272], [1.0, 0.3333333432674408], [0.4444444477558136, 0.4444444477558136], [0.2222222238779068, 0.2222222238779068], [0.3333333432674408, 0.8888888955116272], [0.6666666865348816, 0.0], [0.7777777910232544, 0.3333333432674408], [0.0, 0.8888888955116272]]
[epoch 7] Predicted Actions: [5, 5, 5, 5, 5, 5, 5, 5, 5, 5]
[epoch 7] Actual Actions:    [5, 5, 5, 5, 5, 5, 5, 5, 5, 5]
[epoch 7] Predicted Positions: [[0.49170055985450745, 0.49961769580841064], [0.49170055985450745, 0.49961769580841064], [0.49170055985450745, 0.49961769580841064], [0.49170055985450745, 0.49961769580841064], [0.49170055985450745, 0.49961769580841064], [0.49170055985450745, 0.49961769580841064], [0.49170055985450745, 0.49961769580841064], [0.49170055985450745, 0.49961769580841064], [0.49170055985450745, 0.49961769580841064], [0.49170055985450745, 0.49961769580841064]]
[epoch 7] Actual Positions:    [[0.2222222238779068, 0.6666666865348816], [0.6666666865348816, 1.0], [0.4444444477558136, 0.8888888955116272], [1.0, 0.3333333432674408], [0.4444444477558136, 0.4444444477558136], [0.2222222238779068, 0.2222222238779068], [0.3333333432674408, 0.8888888955116272], [0.6666666865348816, 0.0], [0.7777777910232544, 0.3333333432674408], [0.0, 0.8888888955116272]]
[epoch 7] Predicted Actions: [5, 5, 5, 5, 5, 5, 5, 5, 5, 5]
[epoch 7] Actual Actions:    [5, 5, 5, 5, 5, 5, 5, 5, 5, 5]
[epoch 7] Predicted Positions: [[0.4913468658924103, 0.4998157024383545], [0.4913468658924103, 0.4998157024383545], [0.4913468658924103, 0.4998157024383545], [0.4913468658924103, 0.4998157024383545], [0.4913468658924103, 0.4998157024383545], [0.4913468658924103, 0.4998157024383545], [0.4913468658924103, 0.4998157024383545], [0.4913468658924103, 0.4998157024383545], [0.4913468658924103, 0.4998157024383545], [0.4913468658924103, 0.4998157024383545]]
[epoch 7] Actual Positions:    [[0.2222222238779068, 0.6666666865348816], [0.6666666865348816, 1.0], [0.4444444477558136, 0.8888888955116272], [1.0, 0.3333333432674408], [0.4444444477558136, 0.4444444477558136], [0.2222222238779068, 0.2222222238779068], [0.3333333432674408, 0.8888888955116272], [0.6666666865348816, 0.0], [0.7777777910232544, 0.3333333432674408], [0.0, 0.8888888955116272]]
[epoch 8] Predicted Actions: [5, 5, 5, 5, 5, 5, 5, 5, 5, 5]
[epoch 8] Actual Actions:    [5, 5, 5, 5, 5, 5, 5, 5, 5, 5]
[epoch 8] Predicted Positions: [[0.4909791052341461, 0.5000277161598206], [0.4909791052341461, 0.5000277161598206], [0.4909791052341461, 0.5000277161598206], [0.4909791052341461, 0.5000277161598206], [0.4909791052341461, 0.5000277161598206], [0.4909791052341461, 0.5000277161598206], [0.4909791052341461, 0.5000277161598206], [0.4909791052341461, 0.5000277161598206], [0.4909791052341461, 0.5000277161598206], [0.4909791052341461, 0.5000277161598206]]
[epoch 8] Actual Positions:    [[0.2222222238779068, 0.6666666865348816], [0.6666666865348816, 1.0], [0.4444444477558136, 0.8888888955116272], [1.0, 0.3333333432674408], [0.4444444477558136, 0.4444444477558136], [0.2222222238779068, 0.2222222238779068], [0.3333333432674408, 0.8888888955116272], [0.6666666865348816, 0.0], [0.7777777910232544, 0.3333333432674408], [0.0, 0.8888888955116272]]
[epoch 8] Predicted Actions: [5, 5, 5, 5, 5, 5, 5, 5, 5, 5]
[epoch 8] Actual Actions:    [5, 5, 5, 5, 5, 5, 5, 5, 5, 5]
[epoch 8] Predicted Positions: [[0.4905991554260254, 0.5002543330192566], [0.4905991554260254, 0.5002543330192566], [0.4905991554260254, 0.5002543330192566], [0.4905991554260254, 0.5002543330192566], [0.4905991554260254, 0.5002543330192566], [0.4905991554260254, 0.5002543330192566], [0.4905991554260254, 0.5002543330192566], [0.4905991554260254, 0.5002543330192566], [0.4905991554260254, 0.5002543330192566], [0.4905991554260254, 0.5002543330192566]]
[epoch 8] Actual Positions:    [[0.2222222238779068, 0.6666666865348816], [0.6666666865348816, 1.0], [0.4444444477558136, 0.8888888955116272], [1.0, 0.3333333432674408], [0.4444444477558136, 0.4444444477558136], [0.2222222238779068, 0.2222222238779068], [0.3333333432674408, 0.8888888955116272], [0.6666666865348816, 0.0], [0.7777777910232544, 0.3333333432674408], [0.0, 0.8888888955116272]]
[epoch 8] Predicted Actions: [5, 5, 5, 5, 5, 5, 5, 5, 5, 5]
[epoch 8] Actual Actions:    [5, 5, 5, 5, 5, 5, 5, 5, 5, 5]
[epoch 8] Predicted Positions: [[0.49020686745643616, 0.5004976987838745], [0.49020686745643616, 0.5004976987838745], [0.49020686745643616, 0.5004976987838745], [0.49020686745643616, 0.5004976987838745], [0.49020686745643616, 0.5004976987838745], [0.49020686745643616, 0.5004976987838745], [0.49020686745643616, 0.5004976987838745], [0.49020686745643616, 0.5004976987838745], [0.49020686745643616, 0.5004976987838745], [0.49020686745643616, 0.5004976987838745]]
[epoch 8] Actual Positions:    [[0.2222222238779068, 0.6666666865348816], [0.6666666865348816, 1.0], [0.4444444477558136, 0.8888888955116272], [1.0, 0.3333333432674408], [0.4444444477558136, 0.4444444477558136], [0.2222222238779068, 0.2222222238779068], [0.3333333432674408, 0.8888888955116272], [0.6666666865348816, 0.0], [0.7777777910232544, 0.3333333432674408], [0.0, 0.8888888955116272]]
[epoch 8] Predicted Actions: [5, 5, 5, 5, 5, 5, 5, 5, 5, 5]
[epoch 8] Actual Actions:    [5, 5, 5, 5, 5, 5, 5, 5, 5, 5]
[epoch 8] Predicted Positions: [[0.4898030459880829, 0.5007593035697937], [0.4898030459880829, 0.5007593035697937], [0.4898030459880829, 0.5007593035697937], [0.4898030459880829, 0.5007593035697937], [0.4898030459880829, 0.5007593035697937], [0.4898030459880829, 0.5007593035697937], [0.4898030459880829, 0.5007593035697937], [0.4898030459880829, 0.5007593035697937], [0.4898030459880829, 0.5007593035697937], [0.4898030459880829, 0.5007593035697937]]
[epoch 8] Actual Positions:    [[0.2222222238779068, 0.6666666865348816], [0.6666666865348816, 1.0], [0.4444444477558136, 0.8888888955116272], [1.0, 0.3333333432674408], [0.4444444477558136, 0.4444444477558136], [0.2222222238779068, 0.2222222238779068], [0.3333333432674408, 0.8888888955116272], [0.6666666865348816, 0.0], [0.7777777910232544, 0.3333333432674408], [0.0, 0.8888888955116272]]
[epoch 8] Predicted Actions: [5, 5, 5, 5, 5, 5, 5, 5, 5, 5]
[epoch 8] Actual Actions:    [5, 5, 5, 5, 5, 5, 5, 5, 5, 5]
[epoch 8] Predicted Positions: [[0.4893888235092163, 0.5010406374931335], [0.4893888235092163, 0.5010406374931335], [0.4893888235092163, 0.5010406374931335], [0.4893888235092163, 0.5010406374931335], [0.4893888235092163, 0.5010406374931335], [0.4893888235092163, 0.5010406374931335], [0.4893888235092163, 0.5010406374931335], [0.4893888235092163, 0.5010406374931335], [0.4893888235092163, 0.5010406374931335], [0.4893888235092163, 0.5010406374931335]]
[epoch 8] Actual Positions:    [[0.2222222238779068, 0.6666666865348816], [0.6666666865348816, 1.0], [0.4444444477558136, 0.8888888955116272], [1.0, 0.3333333432674408], [0.4444444477558136, 0.4444444477558136], [0.2222222238779068, 0.2222222238779068], [0.3333333432674408, 0.8888888955116272], [0.6666666865348816, 0.0], [0.7777777910232544, 0.3333333432674408], [0.0, 0.8888888955116272]]
[epoch 9] Predicted Actions: [5, 5, 5, 5, 5, 5, 5, 5, 5, 5]
[epoch 9] Actual Actions:    [5, 5, 5, 5, 5, 5, 5, 5, 5, 5]
[epoch 9] Predicted Positions: [[0.4889652729034424, 0.5013432502746582], [0.4889652729034424, 0.5013432502746582], [0.4889652729034424, 0.5013432502746582], [0.4889652729034424, 0.5013432502746582], [0.4889652729034424, 0.5013432502746582], [0.4889652729034424, 0.5013432502746582], [0.4889652729034424, 0.5013432502746582], [0.4889652729034424, 0.5013432502746582], [0.4889652729034424, 0.5013432502746582], [0.4889652729034424, 0.5013432502746582]]
[epoch 9] Actual Positions:    [[0.2222222238779068, 0.6666666865348816], [0.6666666865348816, 1.0], [0.4444444477558136, 0.8888888955116272], [1.0, 0.3333333432674408], [0.4444444477558136, 0.4444444477558136], [0.2222222238779068, 0.2222222238779068], [0.3333333432674408, 0.8888888955116272], [0.6666666865348816, 0.0], [0.7777777910232544, 0.3333333432674408], [0.0, 0.8888888955116272]]
[epoch 9] Predicted Actions: [5, 5, 5, 5, 5, 5, 5, 5, 5, 5]
[epoch 9] Actual Actions:    [5, 5, 5, 5, 5, 5, 5, 5, 5, 5]
[epoch 9] Predicted Positions: [[0.48853471875190735, 0.501667320728302], [0.48853471875190735, 0.501667320728302], [0.48853471875190735, 0.501667320728302], [0.48853471875190735, 0.501667320728302], [0.48853471875190735, 0.501667320728302], [0.48853471875190735, 0.501667320728302], [0.48853471875190735, 0.501667320728302], [0.48853471875190735, 0.501667320728302], [0.48853471875190735, 0.501667320728302], [0.48853471875190735, 0.501667320728302]]
[epoch 9] Actual Positions:    [[0.2222222238779068, 0.6666666865348816], [0.6666666865348816, 1.0], [0.4444444477558136, 0.8888888955116272], [1.0, 0.3333333432674408], [0.4444444477558136, 0.4444444477558136], [0.2222222238779068, 0.2222222238779068], [0.3333333432674408, 0.8888888955116272], [0.6666666865348816, 0.0], [0.7777777910232544, 0.3333333432674408], [0.0, 0.8888888955116272]]
[epoch 9] Predicted Actions: [5, 5, 5, 5, 5, 5, 5, 5, 5, 5]
[epoch 9] Actual Actions:    [5, 5, 5, 5, 5, 5, 5, 5, 5, 5]
[epoch 9] Predicted Positions: [[0.4880966544151306, 0.5020153522491455], [0.4880966544151306, 0.5020153522491455], [0.4880966544151306, 0.5020153522491455], [0.4880966544151306, 0.5020153522491455], [0.4880966544151306, 0.5020153522491455], [0.4880966544151306, 0.5020153522491455], [0.4880966544151306, 0.5020153522491455], [0.4880966544151306, 0.5020153522491455], [0.4880966544151306, 0.5020153522491455], [0.4880966544151306, 0.5020153522491455]]
[epoch 9] Actual Positions:    [[0.2222222238779068, 0.6666666865348816], [0.6666666865348816, 1.0], [0.4444444477558136, 0.8888888955116272], [1.0, 0.3333333432674408], [0.4444444477558136, 0.4444444477558136], [0.2222222238779068, 0.2222222238779068], [0.3333333432674408, 0.8888888955116272], [0.6666666865348816, 0.0], [0.7777777910232544, 0.3333333432674408], [0.0, 0.8888888955116272]]
[epoch 9] Predicted Actions: [5, 5, 5, 5, 5, 5, 5, 5, 5, 5]
[epoch 9] Actual Actions:    [5, 5, 5, 5, 5, 5, 5, 5, 5, 5]
[epoch 9] Predicted Positions: [[0.4876517653465271, 0.5023887753486633], [0.4876517653465271, 0.5023887753486633], [0.4876517653465271, 0.5023887753486633], [0.4876517653465271, 0.5023887753486633], [0.4876517653465271, 0.5023887753486633], [0.4876517653465271, 0.5023887753486633], [0.4876517653465271, 0.5023887753486633], [0.4876517653465271, 0.5023887753486633], [0.4876517653465271, 0.5023887753486633], [0.4876517653465271, 0.5023887753486633]]
[epoch 9] Actual Positions:    [[0.2222222238779068, 0.6666666865348816], [0.6666666865348816, 1.0], [0.4444444477558136, 0.8888888955116272], [1.0, 0.3333333432674408], [0.4444444477558136, 0.4444444477558136], [0.2222222238779068, 0.2222222238779068], [0.3333333432674408, 0.8888888955116272], [0.6666666865348816, 0.0], [0.7777777910232544, 0.3333333432674408], [0.0, 0.8888888955116272]]
[epoch 9] Predicted Actions: [5, 5, 5, 5, 5, 5, 5, 5, 5, 5]
[epoch 9] Actual Actions:    [5, 5, 5, 5, 5, 5, 5, 5, 5, 5]
[epoch 9] Predicted Positions: [[0.48720070719718933, 0.5027889609336853], [0.48720070719718933, 0.5027889609336853], [0.48720070719718933, 0.5027889609336853], [0.48720070719718933, 0.5027889609336853], [0.48720070719718933, 0.5027889609336853], [0.48720070719718933, 0.5027889609336853], [0.48720070719718933, 0.5027889609336853], [0.48720070719718933, 0.5027889609336853], [0.48720070719718933, 0.5027889609336853], [0.48720070719718933, 0.5027889609336853]]
[epoch 9] Actual Positions:    [[0.2222222238779068, 0.6666666865348816], [0.6666666865348816, 1.0], [0.4444444477558136, 0.8888888955116272], [1.0, 0.3333333432674408], [0.4444444477558136, 0.4444444477558136], [0.2222222238779068, 0.2222222238779068], [0.3333333432674408, 0.8888888955116272], [0.6666666865348816, 0.0], [0.7777777910232544, 0.3333333432674408], [0.0, 0.8888888955116272]]
[epoch 10] Predicted Actions: [5, 5, 5, 5, 5, 5, 5, 5, 5, 5]
[epoch 10] Actual Actions:    [5, 5, 5, 5, 5, 5, 5, 5, 5, 5]
[epoch 10] Predicted Positions: [[0.4867441952228546, 0.5032173991203308], [0.4867441952228546, 0.5032173991203308], [0.4867441952228546, 0.5032173991203308], [0.4867441952228546, 0.5032173991203308], [0.4867441952228546, 0.5032173991203308], [0.4867441952228546, 0.5032173991203308], [0.4867441952228546, 0.5032173991203308], [0.4867441952228546, 0.5032173991203308], [0.4867441952228546, 0.5032173991203308], [0.4867441952228546, 0.5032173991203308]]
[epoch 10] Actual Positions:    [[0.2222222238779068, 0.6666666865348816], [0.6666666865348816, 1.0], [0.4444444477558136, 0.8888888955116272], [1.0, 0.3333333432674408], [0.4444444477558136, 0.4444444477558136], [0.2222222238779068, 0.2222222238779068], [0.3333333432674408, 0.8888888955116272], [0.6666666865348816, 0.0], [0.7777777910232544, 0.3333333432674408], [0.0, 0.8888888955116272]]
[epoch 10] Predicted Actions: [5, 5, 5, 5, 5, 5, 5, 5, 5, 5]
[epoch 10] Actual Actions:    [5, 5, 5, 5, 5, 5, 5, 5, 5, 5]
[epoch 10] Predicted Positions: [[0.4862847328186035, 0.5036736130714417], [0.4862847328186035, 0.5036736130714417], [0.4862847328186035, 0.5036736130714417], [0.4862847328186035, 0.5036736130714417], [0.4862847328186035, 0.5036736130714417], [0.4862847328186035, 0.5036736130714417], [0.4862847328186035, 0.5036736130714417], [0.4862847328186035, 0.5036736130714417], [0.4862847328186035, 0.5036736130714417], [0.4862847328186035, 0.5036736130714417]]
[epoch 10] Actual Positions:    [[0.2222222238779068, 0.6666666865348816], [0.6666666865348816, 1.0], [0.4444444477558136, 0.8888888955116272], [1.0, 0.3333333432674408], [0.4444444477558136, 0.4444444477558136], [0.2222222238779068, 0.2222222238779068], [0.3333333432674408, 0.8888888955116272], [0.6666666865348816, 0.0], [0.7777777910232544, 0.3333333432674408], [0.0, 0.8888888955116272]]
[epoch 10] Predicted Actions: [5, 5, 5, 5, 5, 5, 5, 5, 5, 5]
[epoch 10] Actual Actions:    [5, 5, 5, 5, 5, 5, 5, 5, 5, 5]
[epoch 10] Predicted Positions: [[0.4858209490776062, 0.5041608214378357], [0.4858209490776062, 0.5041608214378357], [0.4858209490776062, 0.5041608214378357], [0.4858209490776062, 0.5041608214378357], [0.4858209490776062, 0.5041608214378357], [0.4858209490776062, 0.5041608214378357], [0.4858209490776062, 0.5041608214378357], [0.4858209490776062, 0.5041608214378357], [0.4858209490776062, 0.5041608214378357], [0.4858209490776062, 0.5041608214378357]]
[epoch 10] Actual Positions:    [[0.2222222238779068, 0.6666666865348816], [0.6666666865348816, 1.0], [0.4444444477558136, 0.8888888955116272], [1.0, 0.3333333432674408], [0.4444444477558136, 0.4444444477558136], [0.2222222238779068, 0.2222222238779068], [0.3333333432674408, 0.8888888955116272], [0.6666666865348816, 0.0], [0.7777777910232544, 0.3333333432674408], [0.0, 0.8888888955116272]]
[epoch 10] Predicted Actions: [5, 5, 5, 5, 5, 5, 5, 5, 5, 5]
[epoch 10] Actual Actions:    [5, 5, 5, 5, 5, 5, 5, 5, 5, 5]
[epoch 10] Predicted Positions: [[0.4853532612323761, 0.5046806931495667], [0.4853532612323761, 0.5046806931495667], [0.4853532612323761, 0.5046806931495667], [0.4853532612323761, 0.5046806931495667], [0.4853532612323761, 0.5046806931495667], [0.4853532612323761, 0.5046806931495667], [0.4853532612323761, 0.5046806931495667], [0.4853532612323761, 0.5046806931495667], [0.4853532612323761, 0.5046806931495667], [0.4853532612323761, 0.5046806931495667]]
[epoch 10] Actual Positions:    [[0.2222222238779068, 0.6666666865348816], [0.6666666865348816, 1.0], [0.4444444477558136, 0.8888888955116272], [1.0, 0.3333333432674408], [0.4444444477558136, 0.4444444477558136], [0.2222222238779068, 0.2222222238779068], [0.3333333432674408, 0.8888888955116272], [0.6666666865348816, 0.0], [0.7777777910232544, 0.3333333432674408], [0.0, 0.8888888955116272]]
[epoch 10] Predicted Actions: [5, 5, 5, 5, 5, 5, 5, 5, 5, 5]
[epoch 10] Actual Actions:    [5, 5, 5, 5, 5, 5, 5, 5, 5, 5]
[epoch 10] Predicted Positions: [[0.4848822355270386, 0.5052348375320435], [0.4848822355270386, 0.5052348375320435], [0.4848822355270386, 0.5052348375320435], [0.4848822355270386, 0.5052348375320435], [0.4848822355270386, 0.5052348375320435], [0.4848822355270386, 0.5052348375320435], [0.4848822355270386, 0.5052348375320435], [0.4848822355270386, 0.5052348375320435], [0.4848822355270386, 0.5052348375320435], [0.4848822355270386, 0.5052348375320435]]
[epoch 10] Actual Positions:    [[0.2222222238779068, 0.6666666865348816], [0.6666666865348816, 1.0], [0.4444444477558136, 0.8888888955116272], [1.0, 0.3333333432674408], [0.4444444477558136, 0.4444444477558136], [0.2222222238779068, 0.2222222238779068], [0.3333333432674408, 0.8888888955116272], [0.6666666865348816, 0.0], [0.7777777910232544, 0.3333333432674408], [0.0, 0.8888888955116272]]
[epoch 11] Predicted Actions: [5, 5, 5, 5, 5, 5, 5, 5, 5, 5]
[epoch 11] Actual Actions:    [5, 5, 5, 5, 5, 5, 5, 5, 5, 5]
[epoch 11] Predicted Positions: [[0.48440828919410706, 0.5058251619338989], [0.48440828919410706, 0.5058251619338989], [0.48440828919410706, 0.5058251619338989], [0.48440828919410706, 0.5058251619338989], [0.48440828919410706, 0.5058251619338989], [0.48440828919410706, 0.5058251619338989], [0.48440828919410706, 0.5058251619338989], [0.48440828919410706, 0.5058251619338989], [0.48440828919410706, 0.5058251619338989], [0.48440828919410706, 0.5058251619338989]]
[epoch 11] Actual Positions:    [[0.2222222238779068, 0.6666666865348816], [0.6666666865348816, 1.0], [0.4444444477558136, 0.8888888955116272], [1.0, 0.3333333432674408], [0.4444444477558136, 0.4444444477558136], [0.2222222238779068, 0.2222222238779068], [0.3333333432674408, 0.8888888955116272], [0.6666666865348816, 0.0], [0.7777777910232544, 0.3333333432674408], [0.0, 0.8888888955116272]]
[epoch 11] Predicted Actions: [5, 5, 5, 5, 5, 5, 5, 5, 5, 5]
[epoch 11] Actual Actions:    [5, 5, 5, 5, 5, 5, 5, 5, 5, 5]
[epoch 11] Predicted Positions: [[0.4839341938495636, 0.5064504742622375], [0.4839341938495636, 0.5064504742622375], [0.4839341938495636, 0.5064504742622375], [0.4839341938495636, 0.5064504742622375], [0.4839341938495636, 0.5064504742622375], [0.4839341938495636, 0.5064504742622375], [0.4839341938495636, 0.5064504742622375], [0.4839341938495636, 0.5064504742622375], [0.4839341938495636, 0.5064504742622375], [0.4839341938495636, 0.5064504742622375]]
[epoch 11] Actual Positions:    [[0.2222222238779068, 0.6666666865348816], [0.6666666865348816, 1.0], [0.4444444477558136, 0.8888888955116272], [1.0, 0.3333333432674408], [0.4444444477558136, 0.4444444477558136], [0.2222222238779068, 0.2222222238779068], [0.3333333432674408, 0.8888888955116272], [0.6666666865348816, 0.0], [0.7777777910232544, 0.3333333432674408], [0.0, 0.8888888955116272]]
[epoch 11] Predicted Actions: [5, 5, 5, 5, 5, 5, 5, 5, 5, 5]
[epoch 11] Actual Actions:    [5, 5, 5, 5, 5, 5, 5, 5, 5, 5]
[epoch 11] Predicted Positions: [[0.4834579825401306, 0.5071157217025757], [0.4834579825401306, 0.5071157217025757], [0.4834579825401306, 0.5071157217025757], [0.4834579825401306, 0.5071157217025757], [0.4834579825401306, 0.5071157217025757], [0.4834579825401306, 0.5071157217025757], [0.4834579825401306, 0.5071157217025757], [0.4834579825401306, 0.5071157217025757], [0.4834579825401306, 0.5071157217025757], [0.4834579825401306, 0.5071157217025757]]
[epoch 11] Actual Positions:    [[0.2222222238779068, 0.6666666865348816], [0.6666666865348816, 1.0], [0.4444444477558136, 0.8888888955116272], [1.0, 0.3333333432674408], [0.4444444477558136, 0.4444444477558136], [0.2222222238779068, 0.2222222238779068], [0.3333333432674408, 0.8888888955116272], [0.6666666865348816, 0.0], [0.7777777910232544, 0.3333333432674408], [0.0, 0.8888888955116272]]
[epoch 11] Predicted Actions: [5, 5, 5, 5, 5, 5, 5, 5, 5, 5]
[epoch 11] Actual Actions:    [5, 5, 5, 5, 5, 5, 5, 5, 5, 5]
[epoch 11] Predicted Positions: [[0.4829801619052887, 0.50782310962677], [0.4829801619052887, 0.50782310962677], [0.4829801619052887, 0.50782310962677], [0.4829801619052887, 0.50782310962677], [0.4829801619052887, 0.50782310962677], [0.4829801619052887, 0.50782310962677], [0.4829801619052887, 0.50782310962677], [0.4829801619052887, 0.50782310962677], [0.4829801619052887, 0.50782310962677], [0.4829801619052887, 0.50782310962677]]
[epoch 11] Actual Positions:    [[0.2222222238779068, 0.6666666865348816], [0.6666666865348816, 1.0], [0.4444444477558136, 0.8888888955116272], [1.0, 0.3333333432674408], [0.4444444477558136, 0.4444444477558136], [0.2222222238779068, 0.2222222238779068], [0.3333333432674408, 0.8888888955116272], [0.6666666865348816, 0.0], [0.7777777910232544, 0.3333333432674408], [0.0, 0.8888888955116272]]
[epoch 11] Predicted Actions: [5, 5, 5, 5, 5, 5, 5, 5, 5, 5]
[epoch 11] Actual Actions:    [5, 5, 5, 5, 5, 5, 5, 5, 5, 5]
[epoch 11] Predicted Positions: [[0.48250120878219604, 0.5085752010345459], [0.48250120878219604, 0.5085752010345459], [0.48250120878219604, 0.5085752010345459], [0.48250120878219604, 0.5085752010345459], [0.48250120878219604, 0.5085752010345459], [0.48250120878219604, 0.5085752010345459], [0.48250120878219604, 0.5085752010345459], [0.48250120878219604, 0.5085752010345459], [0.48250120878219604, 0.5085752010345459], [0.48250120878219604, 0.5085752010345459]]
[epoch 11] Actual Positions:    [[0.2222222238779068, 0.6666666865348816], [0.6666666865348816, 1.0], [0.4444444477558136, 0.8888888955116272], [1.0, 0.3333333432674408], [0.4444444477558136, 0.4444444477558136], [0.2222222238779068, 0.2222222238779068], [0.3333333432674408, 0.8888888955116272], [0.6666666865348816, 0.0], [0.7777777910232544, 0.3333333432674408], [0.0, 0.8888888955116272]]
[epoch 12] Predicted Actions: [5, 5, 5, 5, 5, 5, 5, 5, 5, 5]
[epoch 12] Actual Actions:    [5, 5, 5, 5, 5, 5, 5, 5, 5, 5]
[epoch 12] Predicted Positions: [[0.4820215106010437, 0.5093748569488525], [0.4820215106010437, 0.5093748569488525], [0.4820215106010437, 0.5093748569488525], [0.4820215106010437, 0.5093748569488525], [0.4820215106010437, 0.5093748569488525], [0.4820215106010437, 0.5093748569488525], [0.4820215106010437, 0.5093748569488525], [0.4820215106010437, 0.5093748569488525], [0.4820215106010437, 0.5093748569488525], [0.4820215106010437, 0.5093748569488525]]
[epoch 12] Actual Positions:    [[0.2222222238779068, 0.6666666865348816], [0.6666666865348816, 1.0], [0.4444444477558136, 0.8888888955116272], [1.0, 0.3333333432674408], [0.4444444477558136, 0.4444444477558136], [0.2222222238779068, 0.2222222238779068], [0.3333333432674408, 0.8888888955116272], [0.6666666865348816, 0.0], [0.7777777910232544, 0.3333333432674408], [0.0, 0.8888888955116272]]
[epoch 12] Predicted Actions: [5, 5, 5, 5, 5, 5, 5, 5, 5, 5]
[epoch 12] Actual Actions:    [5, 5, 5, 5, 5, 5, 5, 5, 5, 5]
[epoch 12] Predicted Positions: [[0.4815441071987152, 0.5102206468582153], [0.4815441071987152, 0.5102206468582153], [0.4815441071987152, 0.5102206468582153], [0.4815441071987152, 0.5102206468582153], [0.4815441071987152, 0.5102206468582153], [0.4815441071987152, 0.5102206468582153], [0.4815441071987152, 0.5102206468582153], [0.4815441071987152, 0.5102206468582153], [0.4815441071987152, 0.5102206468582153], [0.4815441071987152, 0.5102206468582153]]
[epoch 12] Actual Positions:    [[0.2222222238779068, 0.6666666865348816], [0.6666666865348816, 1.0], [0.4444444477558136, 0.8888888955116272], [1.0, 0.3333333432674408], [0.4444444477558136, 0.4444444477558136], [0.2222222238779068, 0.2222222238779068], [0.3333333432674408, 0.8888888955116272], [0.6666666865348816, 0.0], [0.7777777910232544, 0.3333333432674408], [0.0, 0.8888888955116272]]
[epoch 12] Predicted Actions: [5, 5, 5, 5, 5, 5, 5, 5, 5, 5]
[epoch 12] Actual Actions:    [5, 5, 5, 5, 5, 5, 5, 5, 5, 5]
[epoch 12] Predicted Positions: [[0.4810669720172882, 0.5111203193664551], [0.4810669720172882, 0.5111203193664551], [0.4810669720172882, 0.5111203193664551], [0.4810669720172882, 0.5111203193664551], [0.4810669720172882, 0.5111203193664551], [0.4810669720172882, 0.5111203193664551], [0.4810669720172882, 0.5111203193664551], [0.4810669720172882, 0.5111203193664551], [0.4810669720172882, 0.5111203193664551], [0.4810669720172882, 0.5111203193664551]]
[epoch 12] Actual Positions:    [[0.2222222238779068, 0.6666666865348816], [0.6666666865348816, 1.0], [0.4444444477558136, 0.8888888955116272], [1.0, 0.3333333432674408], [0.4444444477558136, 0.4444444477558136], [0.2222222238779068, 0.2222222238779068], [0.3333333432674408, 0.8888888955116272], [0.6666666865348816, 0.0], [0.7777777910232544, 0.3333333432674408], [0.0, 0.8888888955116272]]
[epoch 12] Predicted Actions: [5, 5, 5, 5, 5, 5, 5, 5, 5, 5]
[epoch 12] Actual Actions:    [5, 5, 5, 5, 5, 5, 5, 5, 5, 5]
[epoch 12] Predicted Positions: [[0.4805906414985657, 0.5120777487754822], [0.4805906414985657, 0.5120777487754822], [0.4805906414985657, 0.5120777487754822], [0.4805906414985657, 0.5120777487754822], [0.4805906414985657, 0.5120777487754822], [0.4805906414985657, 0.5120777487754822], [0.4805906414985657, 0.5120777487754822], [0.4805906414985657, 0.5120777487754822], [0.4805906414985657, 0.5120777487754822], [0.4805906414985657, 0.5120777487754822]]
[epoch 12] Actual Positions:    [[0.2222222238779068, 0.6666666865348816], [0.6666666865348816, 1.0], [0.4444444477558136, 0.8888888955116272], [1.0, 0.3333333432674408], [0.4444444477558136, 0.4444444477558136], [0.2222222238779068, 0.2222222238779068], [0.3333333432674408, 0.8888888955116272], [0.6666666865348816, 0.0], [0.7777777910232544, 0.3333333432674408], [0.0, 0.8888888955116272]]
[epoch 12] Predicted Actions: [5, 5, 5, 5, 5, 5, 5, 5, 5, 5]
[epoch 12] Actual Actions:    [5, 5, 5, 5, 5, 5, 5, 5, 5, 5]
[epoch 12] Predicted Positions: [[0.4801158905029297, 0.5130974650382996], [0.4801158905029297, 0.5130974650382996], [0.4801158905029297, 0.5130974650382996], [0.4801158905029297, 0.5130974650382996], [0.4801158905029297, 0.5130974650382996], [0.4801158905029297, 0.5130974650382996], [0.4801158905029297, 0.5130974650382996], [0.4801158905029297, 0.5130974650382996], [0.4801158905029297, 0.5130974650382996], [0.4801158905029297, 0.5130974650382996]]
[epoch 12] Actual Positions:    [[0.2222222238779068, 0.6666666865348816], [0.6666666865348816, 1.0], [0.4444444477558136, 0.8888888955116272], [1.0, 0.3333333432674408], [0.4444444477558136, 0.4444444477558136], [0.2222222238779068, 0.2222222238779068], [0.3333333432674408, 0.8888888955116272], [0.6666666865348816, 0.0], [0.7777777910232544, 0.3333333432674408], [0.0, 0.8888888955116272]]
[epoch 13] Predicted Actions: [5, 5, 5, 5, 5, 5, 5, 5, 5, 5]
[epoch 13] Actual Actions:    [5, 5, 5, 5, 5, 5, 5, 5, 5, 5]
[epoch 13] Predicted Positions: [[0.47964340448379517, 0.5141844749450684], [0.47964340448379517, 0.5141844749450684], [0.47964340448379517, 0.5141844749450684], [0.47964340448379517, 0.5141844749450684], [0.47964340448379517, 0.5141844749450684], [0.47964340448379517, 0.5141844749450684], [0.47964340448379517, 0.5141844749450684], [0.47964340448379517, 0.5141844749450684], [0.47964340448379517, 0.5141844749450684], [0.47964340448379517, 0.5141844749450684]]
[epoch 13] Actual Positions:    [[0.2222222238779068, 0.6666666865348816], [0.6666666865348816, 1.0], [0.4444444477558136, 0.8888888955116272], [1.0, 0.3333333432674408], [0.4444444477558136, 0.4444444477558136], [0.2222222238779068, 0.2222222238779068], [0.3333333432674408, 0.8888888955116272], [0.6666666865348816, 0.0], [0.7777777910232544, 0.3333333432674408], [0.0, 0.8888888955116272]]
[epoch 13] Predicted Actions: [5, 5, 5, 5, 5, 5, 5, 5, 5, 5]
[epoch 13] Actual Actions:    [5, 5, 5, 5, 5, 5, 5, 5, 5, 5]
[epoch 13] Predicted Positions: [[0.4791766405105591, 0.5153378844261169], [0.4791766405105591, 0.5153378844261169], [0.4791766405105591, 0.5153378844261169], [0.4791766405105591, 0.5153378844261169], [0.4791766405105591, 0.5153378844261169], [0.4791766405105591, 0.5153378844261169], [0.4791766405105591, 0.5153378844261169], [0.4791766405105591, 0.5153378844261169], [0.4791766405105591, 0.5153378844261169], [0.4791766405105591, 0.5153378844261169]]
[epoch 13] Actual Positions:    [[0.2222222238779068, 0.6666666865348816], [0.6666666865348816, 1.0], [0.4444444477558136, 0.8888888955116272], [1.0, 0.3333333432674408], [0.4444444477558136, 0.4444444477558136], [0.2222222238779068, 0.2222222238779068], [0.3333333432674408, 0.8888888955116272], [0.6666666865348816, 0.0], [0.7777777910232544, 0.3333333432674408], [0.0, 0.8888888955116272]]
[epoch 13] Predicted Actions: [5, 5, 5, 5, 5, 5, 5, 5, 5, 5]
[epoch 13] Actual Actions:    [5, 5, 5, 5, 5, 5, 5, 5, 5, 5]
[epoch 13] Predicted Positions: [[0.4787144362926483, 0.516568124294281], [0.4787144362926483, 0.516568124294281], [0.4787144362926483, 0.516568124294281], [0.4787144362926483, 0.516568124294281], [0.4787144362926483, 0.516568124294281], [0.4787144362926483, 0.516568124294281], [0.4787144362926483, 0.516568124294281], [0.4787144362926483, 0.516568124294281], [0.4787144362926483, 0.516568124294281], [0.4787144362926483, 0.516568124294281]]
[epoch 13] Actual Positions:    [[0.2222222238779068, 0.6666666865348816], [0.6666666865348816, 1.0], [0.4444444477558136, 0.8888888955116272], [1.0, 0.3333333432674408], [0.4444444477558136, 0.4444444477558136], [0.2222222238779068, 0.2222222238779068], [0.3333333432674408, 0.8888888955116272], [0.6666666865348816, 0.0], [0.7777777910232544, 0.3333333432674408], [0.0, 0.8888888955116272]]
[epoch 13] Predicted Actions: [5, 5, 5, 5, 5, 5, 5, 5, 5, 5]
[epoch 13] Actual Actions:    [5, 5, 5, 5, 5, 5, 5, 5, 5, 5]
[epoch 13] Predicted Positions: [[0.4782593548297882, 0.5178730487823486], [0.4782593548297882, 0.5178730487823486], [0.4782593548297882, 0.5178730487823486], [0.4782593548297882, 0.5178730487823486], [0.4782593548297882, 0.5178730487823486], [0.4782593548297882, 0.5178730487823486], [0.4782593548297882, 0.5178730487823486], [0.4782593548297882, 0.5178730487823486], [0.4782593548297882, 0.5178730487823486], [0.4782593548297882, 0.5178730487823486]]
[epoch 13] Actual Positions:    [[0.2222222238779068, 0.6666666865348816], [0.6666666865348816, 1.0], [0.4444444477558136, 0.8888888955116272], [1.0, 0.3333333432674408], [0.4444444477558136, 0.4444444477558136], [0.2222222238779068, 0.2222222238779068], [0.3333333432674408, 0.8888888955116272], [0.6666666865348816, 0.0], [0.7777777910232544, 0.3333333432674408], [0.0, 0.8888888955116272]]
[epoch 13] Predicted Actions: [5, 5, 5, 5, 5, 5, 5, 5, 5, 5]
[epoch 13] Actual Actions:    [5, 5, 5, 5, 5, 5, 5, 5, 5, 5]
[epoch 13] Predicted Positions: [[0.4778138995170593, 0.5192496180534363], [0.4778138995170593, 0.5192496180534363], [0.4778138995170593, 0.5192496180534363], [0.4778138995170593, 0.5192496180534363], [0.4778138995170593, 0.5192496180534363], [0.4778138995170593, 0.5192496180534363], [0.4778138995170593, 0.5192496180534363], [0.4778138995170593, 0.5192496180534363], [0.4778138995170593, 0.5192496180534363], [0.4778138995170593, 0.5192496180534363]]
[epoch 13] Actual Positions:    [[0.2222222238779068, 0.6666666865348816], [0.6666666865348816, 1.0], [0.4444444477558136, 0.8888888955116272], [1.0, 0.3333333432674408], [0.4444444477558136, 0.4444444477558136], [0.2222222238779068, 0.2222222238779068], [0.3333333432674408, 0.8888888955116272], [0.6666666865348816, 0.0], [0.7777777910232544, 0.3333333432674408], [0.0, 0.8888888955116272]]
[epoch 14] Predicted Actions: [5, 5, 5, 5, 5, 5, 5, 5, 5, 5]
[epoch 14] Actual Actions:    [5, 5, 5, 5, 5, 5, 5, 5, 5, 5]
[epoch 14] Predicted Positions: [[0.47738081216812134, 0.5206944346427917], [0.47738081216812134, 0.5206944346427917], [0.47738081216812134, 0.5206944346427917], [0.47738081216812134, 0.5206944346427917], [0.47738081216812134, 0.5206944346427917], [0.47738081216812134, 0.5206944346427917], [0.47738081216812134, 0.5206944346427917], [0.47738081216812134, 0.5206944346427917], [0.47738081216812134, 0.5206944346427917], [0.47738081216812134, 0.5206944346427917]]
[epoch 14] Actual Positions:    [[0.2222222238779068, 0.6666666865348816], [0.6666666865348816, 1.0], [0.4444444477558136, 0.8888888955116272], [1.0, 0.3333333432674408], [0.4444444477558136, 0.4444444477558136], [0.2222222238779068, 0.2222222238779068], [0.3333333432674408, 0.8888888955116272], [0.6666666865348816, 0.0], [0.7777777910232544, 0.3333333432674408], [0.0, 0.8888888955116272]]
[epoch 14] Predicted Actions: [5, 5, 5, 5, 5, 5, 5, 5, 5, 5]
[epoch 14] Actual Actions:    [5, 5, 5, 5, 5, 5, 5, 5, 5, 5]
[epoch 14] Predicted Positions: [[0.476965069770813, 0.5221941471099854], [0.476965069770813, 0.5221941471099854], [0.476965069770813, 0.5221941471099854], [0.476965069770813, 0.5221941471099854], [0.476965069770813, 0.5221941471099854], [0.476965069770813, 0.5221941471099854], [0.476965069770813, 0.5221941471099854], [0.476965069770813, 0.5221941471099854], [0.476965069770813, 0.5221941471099854], [0.476965069770813, 0.5221941471099854]]
[epoch 14] Actual Positions:    [[0.2222222238779068, 0.6666666865348816], [0.6666666865348816, 1.0], [0.4444444477558136, 0.8888888955116272], [1.0, 0.3333333432674408], [0.4444444477558136, 0.4444444477558136], [0.2222222238779068, 0.2222222238779068], [0.3333333432674408, 0.8888888955116272], [0.6666666865348816, 0.0], [0.7777777910232544, 0.3333333432674408], [0.0, 0.8888888955116272]]
[epoch 14] Predicted Actions: [5, 5, 5, 5, 5, 5, 5, 5, 5, 5]
[epoch 14] Actual Actions:    [5, 5, 5, 5, 5, 5, 5, 5, 5, 5]
[epoch 14] Predicted Positions: [[0.47656649351119995, 0.5237529873847961], [0.47656649351119995, 0.5237529873847961], [0.47656649351119995, 0.5237529873847961], [0.47656649351119995, 0.5237529873847961], [0.47656649351119995, 0.5237529873847961], [0.47656649351119995, 0.5237529873847961], [0.47656649351119995, 0.5237529873847961], [0.47656649351119995, 0.5237529873847961], [0.47656649351119995, 0.5237529873847961], [0.47656649351119995, 0.5237529873847961]]
[epoch 14] Actual Positions:    [[0.2222222238779068, 0.6666666865348816], [0.6666666865348816, 1.0], [0.4444444477558136, 0.8888888955116272], [1.0, 0.3333333432674408], [0.4444444477558136, 0.4444444477558136], [0.2222222238779068, 0.2222222238779068], [0.3333333432674408, 0.8888888955116272], [0.6666666865348816, 0.0], [0.7777777910232544, 0.3333333432674408], [0.0, 0.8888888955116272]]
[epoch 14] Predicted Actions: [5, 5, 5, 5, 5, 5, 5, 5, 5, 5]
[epoch 14] Actual Actions:    [5, 5, 5, 5, 5, 5, 5, 5, 5, 5]
[epoch 14] Predicted Positions: [[0.47618725895881653, 0.5253660678863525], [0.47618725895881653, 0.5253660678863525], [0.47618725895881653, 0.5253660678863525], [0.47618725895881653, 0.5253660678863525], [0.47618725895881653, 0.5253660678863525], [0.47618725895881653, 0.5253660678863525], [0.47618725895881653, 0.5253660678863525], [0.47618725895881653, 0.5253660678863525], [0.47618725895881653, 0.5253660678863525], [0.47618725895881653, 0.5253660678863525]]
[epoch 14] Actual Positions:    [[0.2222222238779068, 0.6666666865348816], [0.6666666865348816, 1.0], [0.4444444477558136, 0.8888888955116272], [1.0, 0.3333333432674408], [0.4444444477558136, 0.4444444477558136], [0.2222222238779068, 0.2222222238779068], [0.3333333432674408, 0.8888888955116272], [0.6666666865348816, 0.0], [0.7777777910232544, 0.3333333432674408], [0.0, 0.8888888955116272]]
[epoch 14] Predicted Actions: [5, 5, 5, 5, 5, 5, 5, 5, 5, 5]
[epoch 14] Actual Actions:    [5, 5, 5, 5, 5, 5, 5, 5, 5, 5]
[epoch 14] Predicted Positions: [[0.47582951188087463, 0.5270277857780457], [0.47582951188087463, 0.5270277857780457], [0.47582951188087463, 0.5270277857780457], [0.47582951188087463, 0.5270277857780457], [0.47582951188087463, 0.5270277857780457], [0.47582951188087463, 0.5270277857780457], [0.47582951188087463, 0.5270277857780457], [0.47582951188087463, 0.5270277857780457], [0.47582951188087463, 0.5270277857780457], [0.47582951188087463, 0.5270277857780457]]
[epoch 14] Actual Positions:    [[0.2222222238779068, 0.6666666865348816], [0.6666666865348816, 1.0], [0.4444444477558136, 0.8888888955116272], [1.0, 0.3333333432674408], [0.4444444477558136, 0.4444444477558136], [0.2222222238779068, 0.2222222238779068], [0.3333333432674408, 0.8888888955116272], [0.6666666865348816, 0.0], [0.7777777910232544, 0.3333333432674408], [0.0, 0.8888888955116272]]
[epoch 15] Predicted Actions: [5, 5, 5, 5, 5, 5, 5, 5, 5, 5]
[epoch 15] Actual Actions:    [5, 5, 5, 5, 5, 5, 5, 5, 5, 5]
[epoch 15] Predicted Positions: [[0.47549518942832947, 0.5287322998046875], [0.47549518942832947, 0.5287322998046875], [0.47549518942832947, 0.5287322998046875], [0.47549518942832947, 0.5287322998046875], [0.47549518942832947, 0.5287322998046875], [0.47549518942832947, 0.5287322998046875], [0.47549518942832947, 0.5287322998046875], [0.47549518942832947, 0.5287322998046875], [0.47549518942832947, 0.5287322998046875], [0.47549518942832947, 0.5287322998046875]]
[epoch 15] Actual Positions:    [[0.2222222238779068, 0.6666666865348816], [0.6666666865348816, 1.0], [0.4444444477558136, 0.8888888955116272], [1.0, 0.3333333432674408], [0.4444444477558136, 0.4444444477558136], [0.2222222238779068, 0.2222222238779068], [0.3333333432674408, 0.8888888955116272], [0.6666666865348816, 0.0], [0.7777777910232544, 0.3333333432674408], [0.0, 0.8888888955116272]]
[epoch 15] Predicted Actions: [5, 5, 5, 5, 5, 5, 5, 5, 5, 5]
[epoch 15] Actual Actions:    [5, 5, 5, 5, 5, 5, 5, 5, 5, 5]
[epoch 15] Predicted Positions: [[0.4751880168914795, 0.5304614305496216], [0.4751880168914795, 0.5304614305496216], [0.4751880168914795, 0.5304614305496216], [0.4751880168914795, 0.5304614305496216], [0.4751880168914795, 0.5304614305496216], [0.4751880168914795, 0.5304614305496216], [0.4751880168914795, 0.5304614305496216], [0.4751880168914795, 0.5304614305496216], [0.4751880168914795, 0.5304614305496216], [0.4751880168914795, 0.5304614305496216]]
[epoch 15] Actual Positions:    [[0.2222222238779068, 0.6666666865348816], [0.6666666865348816, 1.0], [0.4444444477558136, 0.8888888955116272], [1.0, 0.3333333432674408], [0.4444444477558136, 0.4444444477558136], [0.2222222238779068, 0.2222222238779068], [0.3333333432674408, 0.8888888955116272], [0.6666666865348816, 0.0], [0.7777777910232544, 0.3333333432674408], [0.0, 0.8888888955116272]]
[epoch 15] Predicted Actions: [5, 5, 5, 5, 5, 5, 5, 5, 5, 5]
[epoch 15] Actual Actions:    [5, 5, 5, 5, 5, 5, 5, 5, 5, 5]
[epoch 15] Predicted Positions: [[0.474907249212265, 0.5322200059890747], [0.474907249212265, 0.5322200059890747], [0.474907249212265, 0.5322200059890747], [0.474907249212265, 0.5322200059890747], [0.474907249212265, 0.5322200059890747], [0.474907249212265, 0.5322200059890747], [0.474907249212265, 0.5322200059890747], [0.474907249212265, 0.5322200059890747], [0.474907249212265, 0.5322200059890747], [0.474907249212265, 0.5322200059890747]]
[epoch 15] Actual Positions:    [[0.2222222238779068, 0.6666666865348816], [0.6666666865348816, 1.0], [0.4444444477558136, 0.8888888955116272], [1.0, 0.3333333432674408], [0.4444444477558136, 0.4444444477558136], [0.2222222238779068, 0.2222222238779068], [0.3333333432674408, 0.8888888955116272], [0.6666666865348816, 0.0], [0.7777777910232544, 0.3333333432674408], [0.0, 0.8888888955116272]]
[epoch 15] Predicted Actions: [5, 5, 5, 5, 5, 5, 5, 5, 5, 5]
[epoch 15] Actual Actions:    [5, 5, 5, 5, 5, 5, 5, 5, 5, 5]
[epoch 15] Predicted Positions: [[0.47465407848358154, 0.5340012907981873], [0.47465407848358154, 0.5340012907981873], [0.47465407848358154, 0.5340012907981873], [0.47465407848358154, 0.5340012907981873], [0.47465407848358154, 0.5340012907981873], [0.47465407848358154, 0.5340012907981873], [0.47465407848358154, 0.5340012907981873], [0.47465407848358154, 0.5340012907981873], [0.47465407848358154, 0.5340012907981873], [0.47465407848358154, 0.5340012907981873]]
[epoch 15] Actual Positions:    [[0.2222222238779068, 0.6666666865348816], [0.6666666865348816, 1.0], [0.4444444477558136, 0.8888888955116272], [1.0, 0.3333333432674408], [0.4444444477558136, 0.4444444477558136], [0.2222222238779068, 0.2222222238779068], [0.3333333432674408, 0.8888888955116272], [0.6666666865348816, 0.0], [0.7777777910232544, 0.3333333432674408], [0.0, 0.8888888955116272]]
[epoch 15] Predicted Actions: [5, 5, 5, 5, 5, 5, 5, 5, 5, 5]
[epoch 15] Actual Actions:    [5, 5, 5, 5, 5, 5, 5, 5, 5, 5]
[epoch 15] Predicted Positions: [[0.47442927956581116, 0.5357983708381653], [0.47442927956581116, 0.5357983708381653], [0.47442927956581116, 0.5357983708381653], [0.47442927956581116, 0.5357983708381653], [0.47442927956581116, 0.5357983708381653], [0.47442927956581116, 0.5357983708381653], [0.47442927956581116, 0.5357983708381653], [0.47442927956581116, 0.5357983708381653], [0.47442927956581116, 0.5357983708381653], [0.47442927956581116, 0.5357983708381653]]
[epoch 15] Actual Positions:    [[0.2222222238779068, 0.6666666865348816], [0.6666666865348816, 1.0], [0.4444444477558136, 0.8888888955116272], [1.0, 0.3333333432674408], [0.4444444477558136, 0.4444444477558136], [0.2222222238779068, 0.2222222238779068], [0.3333333432674408, 0.8888888955116272], [0.6666666865348816, 0.0], [0.7777777910232544, 0.3333333432674408], [0.0, 0.8888888955116272]]
[epoch 16] Predicted Actions: [5, 5, 5, 5, 5, 5, 5, 5, 5, 5]
[epoch 16] Actual Actions:    [5, 5, 5, 5, 5, 5, 5, 5, 5, 5]
[epoch 16] Predicted Positions: [[0.47423359751701355, 0.5376042723655701], [0.47423359751701355, 0.5376042723655701], [0.47423359751701355, 0.5376042723655701], [0.47423359751701355, 0.5376042723655701], [0.47423359751701355, 0.5376042723655701], [0.47423359751701355, 0.5376042723655701], [0.47423359751701355, 0.5376042723655701], [0.47423359751701355, 0.5376042723655701], [0.47423359751701355, 0.5376042723655701], [0.47423359751701355, 0.5376042723655701]]
[epoch 16] Actual Positions:    [[0.2222222238779068, 0.6666666865348816], [0.6666666865348816, 1.0], [0.4444444477558136, 0.8888888955116272], [1.0, 0.3333333432674408], [0.4444444477558136, 0.4444444477558136], [0.2222222238779068, 0.2222222238779068], [0.3333333432674408, 0.8888888955116272], [0.6666666865348816, 0.0], [0.7777777910232544, 0.3333333432674408], [0.0, 0.8888888955116272]]
[epoch 16] Predicted Actions: [5, 5, 5, 5, 5, 5, 5, 5, 5, 5]
[epoch 16] Actual Actions:    [5, 5, 5, 5, 5, 5, 5, 5, 5, 5]
[epoch 16] Predicted Positions: [[0.4740684926509857, 0.5393988490104675], [0.4740684926509857, 0.5393988490104675], [0.4740684926509857, 0.5393988490104675], [0.4740684926509857, 0.5393988490104675], [0.4740684926509857, 0.5393988490104675], [0.4740684926509857, 0.5393988490104675], [0.4740684926509857, 0.5393988490104675], [0.4740684926509857, 0.5393988490104675], [0.4740684926509857, 0.5393988490104675], [0.4740684926509857, 0.5393988490104675]]
[epoch 16] Actual Positions:    [[0.2222222238779068, 0.6666666865348816], [0.6666666865348816, 1.0], [0.4444444477558136, 0.8888888955116272], [1.0, 0.3333333432674408], [0.4444444477558136, 0.4444444477558136], [0.2222222238779068, 0.2222222238779068], [0.3333333432674408, 0.8888888955116272], [0.6666666865348816, 0.0], [0.7777777910232544, 0.3333333432674408], [0.0, 0.8888888955116272]]
[epoch 16] Predicted Actions: [5, 5, 5, 5, 5, 5, 5, 5, 5, 5]
[epoch 16] Actual Actions:    [5, 5, 5, 5, 5, 5, 5, 5, 5, 5]
[epoch 16] Predicted Positions: [[0.4739326536655426, 0.5411880612373352], [0.4739326536655426, 0.5411880612373352], [0.4739326536655426, 0.5411880612373352], [0.4739326536655426, 0.5411880612373352], [0.4739326536655426, 0.5411880612373352], [0.4739326536655426, 0.5411880612373352], [0.4739326536655426, 0.5411880612373352], [0.4739326536655426, 0.5411880612373352], [0.4739326536655426, 0.5411880612373352], [0.4739326536655426, 0.5411880612373352]]
[epoch 16] Actual Positions:    [[0.2222222238779068, 0.6666666865348816], [0.6666666865348816, 1.0], [0.4444444477558136, 0.8888888955116272], [1.0, 0.3333333432674408], [0.4444444477558136, 0.4444444477558136], [0.2222222238779068, 0.2222222238779068], [0.3333333432674408, 0.8888888955116272], [0.6666666865348816, 0.0], [0.7777777910232544, 0.3333333432674408], [0.0, 0.8888888955116272]]
[epoch 16] Predicted Actions: [5, 5, 5, 5, 5, 5, 5, 5, 5, 5]
[epoch 16] Actual Actions:    [5, 5, 5, 5, 5, 5, 5, 5, 5, 5]
[epoch 16] Predicted Positions: [[0.4738259017467499, 0.5429655313491821], [0.4738259017467499, 0.5429655313491821], [0.4738259017467499, 0.5429655313491821], [0.4738259017467499, 0.5429655313491821], [0.4738259017467499, 0.5429655313491821], [0.4738259017467499, 0.5429655313491821], [0.4738259017467499, 0.5429655313491821], [0.4738259017467499, 0.5429655313491821], [0.4738259017467499, 0.5429655313491821], [0.4738259017467499, 0.5429655313491821]]
[epoch 16] Actual Positions:    [[0.2222222238779068, 0.6666666865348816], [0.6666666865348816, 1.0], [0.4444444477558136, 0.8888888955116272], [1.0, 0.3333333432674408], [0.4444444477558136, 0.4444444477558136], [0.2222222238779068, 0.2222222238779068], [0.3333333432674408, 0.8888888955116272], [0.6666666865348816, 0.0], [0.7777777910232544, 0.3333333432674408], [0.0, 0.8888888955116272]]
[epoch 16] Predicted Actions: [5, 5, 5, 5, 5, 5, 5, 5, 5, 5]
[epoch 16] Actual Actions:    [5, 5, 5, 5, 5, 5, 5, 5, 5, 5]
[epoch 16] Predicted Positions: [[0.4737478196620941, 0.5447246432304382], [0.4737478196620941, 0.5447246432304382], [0.4737478196620941, 0.5447246432304382], [0.4737478196620941, 0.5447246432304382], [0.4737478196620941, 0.5447246432304382], [0.4737478196620941, 0.5447246432304382], [0.4737478196620941, 0.5447246432304382], [0.4737478196620941, 0.5447246432304382], [0.4737478196620941, 0.5447246432304382], [0.4737478196620941, 0.5447246432304382]]
[epoch 16] Actual Positions:    [[0.2222222238779068, 0.6666666865348816], [0.6666666865348816, 1.0], [0.4444444477558136, 0.8888888955116272], [1.0, 0.3333333432674408], [0.4444444477558136, 0.4444444477558136], [0.2222222238779068, 0.2222222238779068], [0.3333333432674408, 0.8888888955116272], [0.6666666865348816, 0.0], [0.7777777910232544, 0.3333333432674408], [0.0, 0.8888888955116272]]
[epoch 17] Predicted Actions: [5, 5, 5, 5, 5, 5, 5, 5, 5, 5]
[epoch 17] Actual Actions:    [5, 5, 5, 5, 5, 5, 5, 5, 5, 5]
[epoch 17] Predicted Positions: [[0.473697692155838, 0.5464591383934021], [0.473697692155838, 0.5464591383934021], [0.473697692155838, 0.5464591383934021], [0.473697692155838, 0.5464591383934021], [0.473697692155838, 0.5464591383934021], [0.473697692155838, 0.5464591383934021], [0.473697692155838, 0.5464591383934021], [0.473697692155838, 0.5464591383934021], [0.473697692155838, 0.5464591383934021], [0.473697692155838, 0.5464591383934021]]
[epoch 17] Actual Positions:    [[0.2222222238779068, 0.6666666865348816], [0.6666666865348816, 1.0], [0.4444444477558136, 0.8888888955116272], [1.0, 0.3333333432674408], [0.4444444477558136, 0.4444444477558136], [0.2222222238779068, 0.2222222238779068], [0.3333333432674408, 0.8888888955116272], [0.6666666865348816, 0.0], [0.7777777910232544, 0.3333333432674408], [0.0, 0.8888888955116272]]
[epoch 17] Predicted Actions: [5, 5, 5, 5, 5, 5, 5, 5, 5, 5]
[epoch 17] Actual Actions:    [5, 5, 5, 5, 5, 5, 5, 5, 5, 5]
[epoch 17] Predicted Positions: [[0.4736747443675995, 0.548149824142456], [0.4736747443675995, 0.548149824142456], [0.4736747443675995, 0.548149824142456], [0.4736747443675995, 0.548149824142456], [0.4736747443675995, 0.548149824142456], [0.4736747443675995, 0.548149824142456], [0.4736747443675995, 0.548149824142456], [0.4736747443675995, 0.548149824142456], [0.4736747443675995, 0.548149824142456], [0.4736747443675995, 0.548149824142456]]
[epoch 17] Actual Positions:    [[0.2222222238779068, 0.6666666865348816], [0.6666666865348816, 1.0], [0.4444444477558136, 0.8888888955116272], [1.0, 0.3333333432674408], [0.4444444477558136, 0.4444444477558136], [0.2222222238779068, 0.2222222238779068], [0.3333333432674408, 0.8888888955116272], [0.6666666865348816, 0.0], [0.7777777910232544, 0.3333333432674408], [0.0, 0.8888888955116272]]
[epoch 17] Predicted Actions: [5, 5, 5, 5, 5, 5, 5, 5, 5, 5]
[epoch 17] Actual Actions:    [5, 5, 5, 5, 5, 5, 5, 5, 5, 5]
[epoch 17] Predicted Positions: [[0.4736775755882263, 0.5498046278953552], [0.4736775755882263, 0.5498046278953552], [0.4736775755882263, 0.5498046278953552], [0.4736775755882263, 0.5498046278953552], [0.4736775755882263, 0.5498046278953552], [0.4736775755882263, 0.5498046278953552], [0.4736775755882263, 0.5498046278953552], [0.4736775755882263, 0.5498046278953552], [0.4736775755882263, 0.5498046278953552], [0.4736775755882263, 0.5498046278953552]]
[epoch 17] Actual Positions:    [[0.2222222238779068, 0.6666666865348816], [0.6666666865348816, 1.0], [0.4444444477558136, 0.8888888955116272], [1.0, 0.3333333432674408], [0.4444444477558136, 0.4444444477558136], [0.2222222238779068, 0.2222222238779068], [0.3333333432674408, 0.8888888955116272], [0.6666666865348816, 0.0], [0.7777777910232544, 0.3333333432674408], [0.0, 0.8888888955116272]]
[epoch 17] Predicted Actions: [5, 5, 5, 5, 5, 5, 5, 5, 5, 5]
[epoch 17] Actual Actions:    [5, 5, 5, 5, 5, 5, 5, 5, 5, 5]
[epoch 17] Predicted Positions: [[0.4737049639225006, 0.5514184236526489], [0.4737049639225006, 0.5514184236526489], [0.4737049639225006, 0.5514184236526489], [0.4737049639225006, 0.5514184236526489], [0.4737049639225006, 0.5514184236526489], [0.4737049639225006, 0.5514184236526489], [0.4737049639225006, 0.5514184236526489], [0.4737049639225006, 0.5514184236526489], [0.4737049639225006, 0.5514184236526489], [0.4737049639225006, 0.5514184236526489]]
[epoch 17] Actual Positions:    [[0.2222222238779068, 0.6666666865348816], [0.6666666865348816, 1.0], [0.4444444477558136, 0.8888888955116272], [1.0, 0.3333333432674408], [0.4444444477558136, 0.4444444477558136], [0.2222222238779068, 0.2222222238779068], [0.3333333432674408, 0.8888888955116272], [0.6666666865348816, 0.0], [0.7777777910232544, 0.3333333432674408], [0.0, 0.8888888955116272]]
[epoch 17] Predicted Actions: [5, 5, 5, 5, 5, 5, 5, 5, 5, 5]
[epoch 17] Actual Actions:    [5, 5, 5, 5, 5, 5, 5, 5, 5, 5]
[epoch 17] Predicted Positions: [[0.47375547885894775, 0.5529865026473999], [0.47375547885894775, 0.5529865026473999], [0.47375547885894775, 0.5529865026473999], [0.47375547885894775, 0.5529865026473999], [0.47375547885894775, 0.5529865026473999], [0.47375547885894775, 0.5529865026473999], [0.47375547885894775, 0.5529865026473999], [0.47375547885894775, 0.5529865026473999], [0.47375547885894775, 0.5529865026473999], [0.47375547885894775, 0.5529865026473999]]
[epoch 17] Actual Positions:    [[0.2222222238779068, 0.6666666865348816], [0.6666666865348816, 1.0], [0.4444444477558136, 0.8888888955116272], [1.0, 0.3333333432674408], [0.4444444477558136, 0.4444444477558136], [0.2222222238779068, 0.2222222238779068], [0.3333333432674408, 0.8888888955116272], [0.6666666865348816, 0.0], [0.7777777910232544, 0.3333333432674408], [0.0, 0.8888888955116272]]
[epoch 18] Predicted Actions: [5, 5, 5, 5, 5, 5, 5, 5, 5, 5]
[epoch 18] Actual Actions:    [5, 5, 5, 5, 5, 5, 5, 5, 5, 5]
[epoch 18] Predicted Positions: [[0.4738275110721588, 0.5545046329498291], [0.4738275110721588, 0.5545046329498291], [0.4738275110721588, 0.5545046329498291], [0.4738275110721588, 0.5545046329498291], [0.4738275110721588, 0.5545046329498291], [0.4738275110721588, 0.5545046329498291], [0.4738275110721588, 0.5545046329498291], [0.4738275110721588, 0.5545046329498291], [0.4738275110721588, 0.5545046329498291], [0.4738275110721588, 0.5545046329498291]]
[epoch 18] Actual Positions:    [[0.2222222238779068, 0.6666666865348816], [0.6666666865348816, 1.0], [0.4444444477558136, 0.8888888955116272], [1.0, 0.3333333432674408], [0.4444444477558136, 0.4444444477558136], [0.2222222238779068, 0.2222222238779068], [0.3333333432674408, 0.8888888955116272], [0.6666666865348816, 0.0], [0.7777777910232544, 0.3333333432674408], [0.0, 0.8888888955116272]]
[epoch 18] Predicted Actions: [5, 5, 5, 5, 5, 5, 5, 5, 5, 5]
[epoch 18] Actual Actions:    [5, 5, 5, 5, 5, 5, 5, 5, 5, 5]
[epoch 18] Predicted Positions: [[0.47391873598098755, 0.5559567809104919], [0.47391873598098755, 0.5559567809104919], [0.47391873598098755, 0.5559567809104919], [0.47391873598098755, 0.5559567809104919], [0.47391873598098755, 0.5559567809104919], [0.47391873598098755, 0.5559567809104919], [0.47391873598098755, 0.5559567809104919], [0.47391873598098755, 0.5559567809104919], [0.47391873598098755, 0.5559567809104919], [0.47391873598098755, 0.5559567809104919]]
[epoch 18] Actual Positions:    [[0.2222222238779068, 0.6666666865348816], [0.6666666865348816, 1.0], [0.4444444477558136, 0.8888888955116272], [1.0, 0.3333333432674408], [0.4444444477558136, 0.4444444477558136], [0.2222222238779068, 0.2222222238779068], [0.3333333432674408, 0.8888888955116272], [0.6666666865348816, 0.0], [0.7777777910232544, 0.3333333432674408], [0.0, 0.8888888955116272]]
[epoch 18] Predicted Actions: [5, 5, 5, 5, 5, 5, 5, 5, 5, 5]
[epoch 18] Actual Actions:    [5, 5, 5, 5, 5, 5, 5, 5, 5, 5]
[epoch 18] Predicted Positions: [[0.47402799129486084, 0.5573520660400391], [0.47402799129486084, 0.5573520660400391], [0.47402799129486084, 0.5573520660400391], [0.47402799129486084, 0.5573520660400391], [0.47402799129486084, 0.5573520660400391], [0.47402799129486084, 0.5573520660400391], [0.47402799129486084, 0.5573520660400391], [0.47402799129486084, 0.5573520660400391], [0.47402799129486084, 0.5573520660400391], [0.47402799129486084, 0.5573520660400391]]
[epoch 18] Actual Positions:    [[0.2222222238779068, 0.6666666865348816], [0.6666666865348816, 1.0], [0.4444444477558136, 0.8888888955116272], [1.0, 0.3333333432674408], [0.4444444477558136, 0.4444444477558136], [0.2222222238779068, 0.2222222238779068], [0.3333333432674408, 0.8888888955116272], [0.6666666865348816, 0.0], [0.7777777910232544, 0.3333333432674408], [0.0, 0.8888888955116272]]
[epoch 18] Predicted Actions: [5, 5, 5, 5, 5, 5, 5, 5, 5, 5]
[epoch 18] Actual Actions:    [5, 5, 5, 5, 5, 5, 5, 5, 5, 5]
[epoch 18] Predicted Positions: [[0.47415339946746826, 0.558687686920166], [0.47415339946746826, 0.558687686920166], [0.47415339946746826, 0.558687686920166], [0.47415339946746826, 0.558687686920166], [0.47415339946746826, 0.558687686920166], [0.47415339946746826, 0.558687686920166], [0.47415339946746826, 0.558687686920166], [0.47415339946746826, 0.558687686920166], [0.47415339946746826, 0.558687686920166], [0.47415339946746826, 0.558687686920166]]
[epoch 18] Actual Positions:    [[0.2222222238779068, 0.6666666865348816], [0.6666666865348816, 1.0], [0.4444444477558136, 0.8888888955116272], [1.0, 0.3333333432674408], [0.4444444477558136, 0.4444444477558136], [0.2222222238779068, 0.2222222238779068], [0.3333333432674408, 0.8888888955116272], [0.6666666865348816, 0.0], [0.7777777910232544, 0.3333333432674408], [0.0, 0.8888888955116272]]
[epoch 18] Predicted Actions: [5, 5, 5, 5, 5, 5, 5, 5, 5, 5]
[epoch 18] Actual Actions:    [5, 5, 5, 5, 5, 5, 5, 5, 5, 5]
[epoch 18] Predicted Positions: [[0.4742933213710785, 0.5599612593650818], [0.4742933213710785, 0.5599612593650818], [0.4742933213710785, 0.5599612593650818], [0.4742933213710785, 0.5599612593650818], [0.4742933213710785, 0.5599612593650818], [0.4742933213710785, 0.5599612593650818], [0.4742933213710785, 0.5599612593650818], [0.4742933213710785, 0.5599612593650818], [0.4742933213710785, 0.5599612593650818], [0.4742933213710785, 0.5599612593650818]]
[epoch 18] Actual Positions:    [[0.2222222238779068, 0.6666666865348816], [0.6666666865348816, 1.0], [0.4444444477558136, 0.8888888955116272], [1.0, 0.3333333432674408], [0.4444444477558136, 0.4444444477558136], [0.2222222238779068, 0.2222222238779068], [0.3333333432674408, 0.8888888955116272], [0.6666666865348816, 0.0], [0.7777777910232544, 0.3333333432674408], [0.0, 0.8888888955116272]]
[epoch 19] Predicted Actions: [5, 5, 5, 5, 5, 5, 5, 5, 5, 5]
[epoch 19] Actual Actions:    [5, 5, 5, 5, 5, 5, 5, 5, 5, 5]
[epoch 19] Predicted Positions: [[0.47444576025009155, 0.5611708760261536], [0.47444576025009155, 0.5611708760261536], [0.47444576025009155, 0.5611708760261536], [0.47444576025009155, 0.5611708760261536], [0.47444576025009155, 0.5611708760261536], [0.47444576025009155, 0.5611708760261536], [0.47444576025009155, 0.5611708760261536], [0.47444576025009155, 0.5611708760261536], [0.47444576025009155, 0.5611708760261536], [0.47444576025009155, 0.5611708760261536]]
[epoch 19] Actual Positions:    [[0.2222222238779068, 0.6666666865348816], [0.6666666865348816, 1.0], [0.4444444477558136, 0.8888888955116272], [1.0, 0.3333333432674408], [0.4444444477558136, 0.4444444477558136], [0.2222222238779068, 0.2222222238779068], [0.3333333432674408, 0.8888888955116272], [0.6666666865348816, 0.0], [0.7777777910232544, 0.3333333432674408], [0.0, 0.8888888955116272]]
[epoch 19] Predicted Actions: [5, 5, 5, 5, 5, 5, 5, 5, 5, 5]
[epoch 19] Actual Actions:    [5, 5, 5, 5, 5, 5, 5, 5, 5, 5]
[epoch 19] Predicted Positions: [[0.4746074974536896, 0.5623046159744263], [0.4746074974536896, 0.5623046159744263], [0.4746074974536896, 0.5623046159744263], [0.4746074974536896, 0.5623046159744263], [0.4746074974536896, 0.5623046159744263], [0.4746074974536896, 0.5623046159744263], [0.4746074974536896, 0.5623046159744263], [0.4746074974536896, 0.5623046159744263], [0.4746074974536896, 0.5623046159744263], [0.4746074974536896, 0.5623046159744263]]
[epoch 19] Actual Positions:    [[0.2222222238779068, 0.6666666865348816], [0.6666666865348816, 1.0], [0.4444444477558136, 0.8888888955116272], [1.0, 0.3333333432674408], [0.4444444477558136, 0.4444444477558136], [0.2222222238779068, 0.2222222238779068], [0.3333333432674408, 0.8888888955116272], [0.6666666865348816, 0.0], [0.7777777910232544, 0.3333333432674408], [0.0, 0.8888888955116272]]
[epoch 19] Predicted Actions: [5, 5, 5, 5, 5, 5, 5, 5, 5, 5]
[epoch 19] Actual Actions:    [5, 5, 5, 5, 5, 5, 5, 5, 5, 5]
[epoch 19] Predicted Positions: [[0.4747779071331024, 0.5633723139762878], [0.4747779071331024, 0.5633723139762878], [0.4747779071331024, 0.5633723139762878], [0.4747779071331024, 0.5633723139762878], [0.4747779071331024, 0.5633723139762878], [0.4747779071331024, 0.5633723139762878], [0.4747779071331024, 0.5633723139762878], [0.4747779071331024, 0.5633723139762878], [0.4747779071331024, 0.5633723139762878], [0.4747779071331024, 0.5633723139762878]]
[epoch 19] Actual Positions:    [[0.2222222238779068, 0.6666666865348816], [0.6666666865348816, 1.0], [0.4444444477558136, 0.8888888955116272], [1.0, 0.3333333432674408], [0.4444444477558136, 0.4444444477558136], [0.2222222238779068, 0.2222222238779068], [0.3333333432674408, 0.8888888955116272], [0.6666666865348816, 0.0], [0.7777777910232544, 0.3333333432674408], [0.0, 0.8888888955116272]]
[epoch 19] Predicted Actions: [5, 5, 5, 5, 5, 5, 5, 5, 5, 5]
[epoch 19] Actual Actions:    [5, 5, 5, 5, 5, 5, 5, 5, 5, 5]
[epoch 19] Predicted Positions: [[0.4749554395675659, 0.5643731951713562], [0.4749554395675659, 0.5643731951713562], [0.4749554395675659, 0.5643731951713562], [0.4749554395675659, 0.5643731951713562], [0.4749554395675659, 0.5643731951713562], [0.4749554395675659, 0.5643731951713562], [0.4749554395675659, 0.5643731951713562], [0.4749554395675659, 0.5643731951713562], [0.4749554395675659, 0.5643731951713562], [0.4749554395675659, 0.5643731951713562]]
[epoch 19] Actual Positions:    [[0.2222222238779068, 0.6666666865348816], [0.6666666865348816, 1.0], [0.4444444477558136, 0.8888888955116272], [1.0, 0.3333333432674408], [0.4444444477558136, 0.4444444477558136], [0.2222222238779068, 0.2222222238779068], [0.3333333432674408, 0.8888888955116272], [0.6666666865348816, 0.0], [0.7777777910232544, 0.3333333432674408], [0.0, 0.8888888955116272]]
[epoch 19] Predicted Actions: [5, 5, 5, 5, 5, 5, 5, 5, 5, 5]
[epoch 19] Actual Actions:    [5, 5, 5, 5, 5, 5, 5, 5, 5, 5]
[epoch 19] Predicted Positions: [[0.4751381576061249, 0.5653069019317627], [0.4751381576061249, 0.5653069019317627], [0.4751381576061249, 0.5653069019317627], [0.4751381576061249, 0.5653069019317627], [0.4751381576061249, 0.5653069019317627], [0.4751381576061249, 0.5653069019317627], [0.4751381576061249, 0.5653069019317627], [0.4751381576061249, 0.5653069019317627], [0.4751381576061249, 0.5653069019317627], [0.4751381576061249, 0.5653069019317627]]
[epoch 19] Actual Positions:    [[0.2222222238779068, 0.6666666865348816], [0.6666666865348816, 1.0], [0.4444444477558136, 0.8888888955116272], [1.0, 0.3333333432674408], [0.4444444477558136, 0.4444444477558136], [0.2222222238779068, 0.2222222238779068], [0.3333333432674408, 0.8888888955116272], [0.6666666865348816, 0.0], [0.7777777910232544, 0.3333333432674408], [0.0, 0.8888888955116272]]
[epoch 20] Predicted Actions: [5, 5, 5, 5, 5, 5, 5, 5, 5, 5]
[epoch 20] Actual Actions:    [5, 5, 5, 5, 5, 5, 5, 5, 5, 5]
[epoch 20] Predicted Positions: [[0.47532448172569275, 0.5661736130714417], [0.47532448172569275, 0.5661736130714417], [0.47532448172569275, 0.5661736130714417], [0.47532448172569275, 0.5661736130714417], [0.47532448172569275, 0.5661736130714417], [0.47532448172569275, 0.5661736130714417], [0.47532448172569275, 0.5661736130714417], [0.47532448172569275, 0.5661736130714417], [0.47532448172569275, 0.5661736130714417], [0.47532448172569275, 0.5661736130714417]]
[epoch 20] Actual Positions:    [[0.2222222238779068, 0.6666666865348816], [0.6666666865348816, 1.0], [0.4444444477558136, 0.8888888955116272], [1.0, 0.3333333432674408], [0.4444444477558136, 0.4444444477558136], [0.2222222238779068, 0.2222222238779068], [0.3333333432674408, 0.8888888955116272], [0.6666666865348816, 0.0], [0.7777777910232544, 0.3333333432674408], [0.0, 0.8888888955116272]]
[epoch 20] Predicted Actions: [5, 5, 5, 5, 5, 5, 5, 5, 5, 5]
[epoch 20] Actual Actions:    [5, 5, 5, 5, 5, 5, 5, 5, 5, 5]
[epoch 20] Predicted Positions: [[0.47551092505455017, 0.5669662356376648], [0.47551092505455017, 0.5669662356376648], [0.47551092505455017, 0.5669662356376648], [0.47551092505455017, 0.5669662356376648], [0.47551092505455017, 0.5669662356376648], [0.47551092505455017, 0.5669662356376648], [0.47551092505455017, 0.5669662356376648], [0.47551092505455017, 0.5669662356376648], [0.47551092505455017, 0.5669662356376648], [0.47551092505455017, 0.5669662356376648]]
[epoch 20] Actual Positions:    [[0.2222222238779068, 0.6666666865348816], [0.6666666865348816, 1.0], [0.4444444477558136, 0.8888888955116272], [1.0, 0.3333333432674408], [0.4444444477558136, 0.4444444477558136], [0.2222222238779068, 0.2222222238779068], [0.3333333432674408, 0.8888888955116272], [0.6666666865348816, 0.0], [0.7777777910232544, 0.3333333432674408], [0.0, 0.8888888955116272]]
[epoch 20] Predicted Actions: [5, 5, 5, 5, 5, 5, 5, 5, 5, 5]
[epoch 20] Actual Actions:    [5, 5, 5, 5, 5, 5, 5, 5, 5, 5]
[epoch 20] Predicted Positions: [[0.47569772601127625, 0.5676934719085693], [0.47569772601127625, 0.5676934719085693], [0.47569772601127625, 0.5676934719085693], [0.47569772601127625, 0.5676934719085693], [0.47569772601127625, 0.5676934719085693], [0.47569772601127625, 0.5676934719085693], [0.47569772601127625, 0.5676934719085693], [0.47569772601127625, 0.5676934719085693], [0.47569772601127625, 0.5676934719085693], [0.47569772601127625, 0.5676934719085693]]
[epoch 20] Actual Positions:    [[0.2222222238779068, 0.6666666865348816], [0.6666666865348816, 1.0], [0.4444444477558136, 0.8888888955116272], [1.0, 0.3333333432674408], [0.4444444477558136, 0.4444444477558136], [0.2222222238779068, 0.2222222238779068], [0.3333333432674408, 0.8888888955116272], [0.6666666865348816, 0.0], [0.7777777910232544, 0.3333333432674408], [0.0, 0.8888888955116272]]
[epoch 20] Predicted Actions: [5, 5, 5, 5, 5, 5, 5, 5, 5, 5]
[epoch 20] Actual Actions:    [5, 5, 5, 5, 5, 5, 5, 5, 5, 5]
[epoch 20] Predicted Positions: [[0.47588351368904114, 0.5683565735816956], [0.47588351368904114, 0.5683565735816956], [0.47588351368904114, 0.5683565735816956], [0.47588351368904114, 0.5683565735816956], [0.47588351368904114, 0.5683565735816956], [0.47588351368904114, 0.5683565735816956], [0.47588351368904114, 0.5683565735816956], [0.47588351368904114, 0.5683565735816956], [0.47588351368904114, 0.5683565735816956], [0.47588351368904114, 0.5683565735816956]]
[epoch 20] Actual Positions:    [[0.2222222238779068, 0.6666666865348816], [0.6666666865348816, 1.0], [0.4444444477558136, 0.8888888955116272], [1.0, 0.3333333432674408], [0.4444444477558136, 0.4444444477558136], [0.2222222238779068, 0.2222222238779068], [0.3333333432674408, 0.8888888955116272], [0.6666666865348816, 0.0], [0.7777777910232544, 0.3333333432674408], [0.0, 0.8888888955116272]]
[epoch 20] Predicted Actions: [5, 5, 5, 5, 5, 5, 5, 5, 5, 5]
[epoch 20] Actual Actions:    [5, 5, 5, 5, 5, 5, 5, 5, 5, 5]
[epoch 20] Predicted Positions: [[0.4760669469833374, 0.568956732749939], [0.4760669469833374, 0.568956732749939], [0.4760669469833374, 0.568956732749939], [0.4760669469833374, 0.568956732749939], [0.4760669469833374, 0.568956732749939], [0.4760669469833374, 0.568956732749939], [0.4760669469833374, 0.568956732749939], [0.4760669469833374, 0.568956732749939], [0.4760669469833374, 0.568956732749939], [0.4760669469833374, 0.568956732749939]]
[epoch 20] Actual Positions:    [[0.2222222238779068, 0.6666666865348816], [0.6666666865348816, 1.0], [0.4444444477558136, 0.8888888955116272], [1.0, 0.3333333432674408], [0.4444444477558136, 0.4444444477558136], [0.2222222238779068, 0.2222222238779068], [0.3333333432674408, 0.8888888955116272], [0.6666666865348816, 0.0], [0.7777777910232544, 0.3333333432674408], [0.0, 0.8888888955116272]]
[epoch 21] Predicted Actions: [5, 5, 5, 5, 5, 5, 5, 5, 5, 5]
[epoch 21] Actual Actions:    [5, 5, 5, 5, 5, 5, 5, 5, 5, 5]
[epoch 21] Predicted Positions: [[0.47624674439430237, 0.5694954991340637], [0.47624674439430237, 0.5694954991340637], [0.47624674439430237, 0.5694954991340637], [0.47624674439430237, 0.5694954991340637], [0.47624674439430237, 0.5694954991340637], [0.47624674439430237, 0.5694954991340637], [0.47624674439430237, 0.5694954991340637], [0.47624674439430237, 0.5694954991340637], [0.47624674439430237, 0.5694954991340637], [0.47624674439430237, 0.5694954991340637]]
[epoch 21] Actual Positions:    [[0.2222222238779068, 0.6666666865348816], [0.6666666865348816, 1.0], [0.4444444477558136, 0.8888888955116272], [1.0, 0.3333333432674408], [0.4444444477558136, 0.4444444477558136], [0.2222222238779068, 0.2222222238779068], [0.3333333432674408, 0.8888888955116272], [0.6666666865348816, 0.0], [0.7777777910232544, 0.3333333432674408], [0.0, 0.8888888955116272]]
[epoch 21] Predicted Actions: [5, 5, 5, 5, 5, 5, 5, 5, 5, 5]
[epoch 21] Actual Actions:    [5, 5, 5, 5, 5, 5, 5, 5, 5, 5]
[epoch 21] Predicted Positions: [[0.4764200448989868, 0.569969892501831], [0.4764200448989868, 0.569969892501831], [0.4764200448989868, 0.569969892501831], [0.4764200448989868, 0.569969892501831], [0.4764200448989868, 0.569969892501831], [0.4764200448989868, 0.569969892501831], [0.4764200448989868, 0.569969892501831], [0.4764200448989868, 0.569969892501831], [0.4764200448989868, 0.569969892501831], [0.4764200448989868, 0.569969892501831]]
[epoch 21] Actual Positions:    [[0.2222222238779068, 0.6666666865348816], [0.6666666865348816, 1.0], [0.4444444477558136, 0.8888888955116272], [1.0, 0.3333333432674408], [0.4444444477558136, 0.4444444477558136], [0.2222222238779068, 0.2222222238779068], [0.3333333432674408, 0.8888888955116272], [0.6666666865348816, 0.0], [0.7777777910232544, 0.3333333432674408], [0.0, 0.8888888955116272]]
[epoch 21] Predicted Actions: [5, 5, 5, 5, 5, 5, 5, 5, 5, 5]
[epoch 21] Actual Actions:    [5, 5, 5, 5, 5, 5, 5, 5, 5, 5]
[epoch 21] Predicted Positions: [[0.47658777236938477, 0.5703872442245483], [0.47658777236938477, 0.5703872442245483], [0.47658777236938477, 0.5703872442245483], [0.47658777236938477, 0.5703872442245483], [0.47658777236938477, 0.5703872442245483], [0.47658777236938477, 0.5703872442245483], [0.47658777236938477, 0.5703872442245483], [0.47658777236938477, 0.5703872442245483], [0.47658777236938477, 0.5703872442245483], [0.47658777236938477, 0.5703872442245483]]
[epoch 21] Actual Positions:    [[0.2222222238779068, 0.6666666865348816], [0.6666666865348816, 1.0], [0.4444444477558136, 0.8888888955116272], [1.0, 0.3333333432674408], [0.4444444477558136, 0.4444444477558136], [0.2222222238779068, 0.2222222238779068], [0.3333333432674408, 0.8888888955116272], [0.6666666865348816, 0.0], [0.7777777910232544, 0.3333333432674408], [0.0, 0.8888888955116272]]
[epoch 21] Predicted Actions: [5, 5, 5, 5, 5, 5, 5, 5, 5, 5]
[epoch 21] Actual Actions:    [5, 5, 5, 5, 5, 5, 5, 5, 5, 5]
[epoch 21] Predicted Positions: [[0.47674882411956787, 0.5707496404647827], [0.47674882411956787, 0.5707496404647827], [0.47674882411956787, 0.5707496404647827], [0.47674882411956787, 0.5707496404647827], [0.47674882411956787, 0.5707496404647827], [0.47674882411956787, 0.5707496404647827], [0.47674882411956787, 0.5707496404647827], [0.47674882411956787, 0.5707496404647827], [0.47674882411956787, 0.5707496404647827], [0.47674882411956787, 0.5707496404647827]]
[epoch 21] Actual Positions:    [[0.2222222238779068, 0.6666666865348816], [0.6666666865348816, 1.0], [0.4444444477558136, 0.8888888955116272], [1.0, 0.3333333432674408], [0.4444444477558136, 0.4444444477558136], [0.2222222238779068, 0.2222222238779068], [0.3333333432674408, 0.8888888955116272], [0.6666666865348816, 0.0], [0.7777777910232544, 0.3333333432674408], [0.0, 0.8888888955116272]]
[epoch 21] Predicted Actions: [5, 5, 5, 5, 5, 5, 5, 5, 5, 5]
[epoch 21] Actual Actions:    [5, 5, 5, 5, 5, 5, 5, 5, 5, 5]
[epoch 21] Predicted Positions: [[0.4769026041030884, 0.5710594058036804], [0.4769026041030884, 0.5710594058036804], [0.4769026041030884, 0.5710594058036804], [0.4769026041030884, 0.5710594058036804], [0.4769026041030884, 0.5710594058036804], [0.4769026041030884, 0.5710594058036804], [0.4769026041030884, 0.5710594058036804], [0.4769026041030884, 0.5710594058036804], [0.4769026041030884, 0.5710594058036804], [0.4769026041030884, 0.5710594058036804]]
[epoch 21] Actual Positions:    [[0.2222222238779068, 0.6666666865348816], [0.6666666865348816, 1.0], [0.4444444477558136, 0.8888888955116272], [1.0, 0.3333333432674408], [0.4444444477558136, 0.4444444477558136], [0.2222222238779068, 0.2222222238779068], [0.3333333432674408, 0.8888888955116272], [0.6666666865348816, 0.0], [0.7777777910232544, 0.3333333432674408], [0.0, 0.8888888955116272]]
[epoch 22] Predicted Actions: [5, 5, 5, 5, 5, 5, 5, 5, 5, 5]
[epoch 22] Actual Actions:    [5, 5, 5, 5, 5, 5, 5, 5, 5, 5]
[epoch 22] Predicted Positions: [[0.4770483374595642, 0.5713189244270325], [0.4770483374595642, 0.5713189244270325], [0.4770483374595642, 0.5713189244270325], [0.4770483374595642, 0.5713189244270325], [0.4770483374595642, 0.5713189244270325], [0.4770483374595642, 0.5713189244270325], [0.4770483374595642, 0.5713189244270325], [0.4770483374595642, 0.5713189244270325], [0.4770483374595642, 0.5713189244270325], [0.4770483374595642, 0.5713189244270325]]
[epoch 22] Actual Positions:    [[0.2222222238779068, 0.6666666865348816], [0.6666666865348816, 1.0], [0.4444444477558136, 0.8888888955116272], [1.0, 0.3333333432674408], [0.4444444477558136, 0.4444444477558136], [0.2222222238779068, 0.2222222238779068], [0.3333333432674408, 0.8888888955116272], [0.6666666865348816, 0.0], [0.7777777910232544, 0.3333333432674408], [0.0, 0.8888888955116272]]
[epoch 22] Predicted Actions: [5, 5, 5, 5, 5, 5, 5, 5, 5, 5]
[epoch 22] Actual Actions:    [5, 5, 5, 5, 5, 5, 5, 5, 5, 5]
[epoch 22] Predicted Positions: [[0.47718414664268494, 0.5715284943580627], [0.47718414664268494, 0.5715284943580627], [0.47718414664268494, 0.5715284943580627], [0.47718414664268494, 0.5715284943580627], [0.47718414664268494, 0.5715284943580627], [0.47718414664268494, 0.5715284943580627], [0.47718414664268494, 0.5715284943580627], [0.47718414664268494, 0.5715284943580627], [0.47718414664268494, 0.5715284943580627], [0.47718414664268494, 0.5715284943580627]]
[epoch 22] Actual Positions:    [[0.2222222238779068, 0.6666666865348816], [0.6666666865348816, 1.0], [0.4444444477558136, 0.8888888955116272], [1.0, 0.3333333432674408], [0.4444444477558136, 0.4444444477558136], [0.2222222238779068, 0.2222222238779068], [0.3333333432674408, 0.8888888955116272], [0.6666666865348816, 0.0], [0.7777777910232544, 0.3333333432674408], [0.0, 0.8888888955116272]]
[epoch 22] Predicted Actions: [5, 5, 5, 5, 5, 5, 5, 5, 5, 5]
[epoch 22] Actual Actions:    [5, 5, 5, 5, 5, 5, 5, 5, 5, 5]
[epoch 22] Predicted Positions: [[0.47731104493141174, 0.5716932415962219], [0.47731104493141174, 0.5716932415962219], [0.47731104493141174, 0.5716932415962219], [0.47731104493141174, 0.5716932415962219], [0.47731104493141174, 0.5716932415962219], [0.47731104493141174, 0.5716932415962219], [0.47731104493141174, 0.5716932415962219], [0.47731104493141174, 0.5716932415962219], [0.47731104493141174, 0.5716932415962219], [0.47731104493141174, 0.5716932415962219]]
[epoch 22] Actual Positions:    [[0.2222222238779068, 0.6666666865348816], [0.6666666865348816, 1.0], [0.4444444477558136, 0.8888888955116272], [1.0, 0.3333333432674408], [0.4444444477558136, 0.4444444477558136], [0.2222222238779068, 0.2222222238779068], [0.3333333432674408, 0.8888888955116272], [0.6666666865348816, 0.0], [0.7777777910232544, 0.3333333432674408], [0.0, 0.8888888955116272]]
[epoch 22] Predicted Actions: [5, 5, 5, 5, 5, 5, 5, 5, 5, 5]
[epoch 22] Actual Actions:    [5, 5, 5, 5, 5, 5, 5, 5, 5, 5]
[epoch 22] Predicted Positions: [[0.47742873430252075, 0.5718159675598145], [0.47742873430252075, 0.5718159675598145], [0.47742873430252075, 0.5718159675598145], [0.47742873430252075, 0.5718159675598145], [0.47742873430252075, 0.5718159675598145], [0.47742873430252075, 0.5718159675598145], [0.47742873430252075, 0.5718159675598145], [0.47742873430252075, 0.5718159675598145], [0.47742873430252075, 0.5718159675598145], [0.47742873430252075, 0.5718159675598145]]
[epoch 22] Actual Positions:    [[0.2222222238779068, 0.6666666865348816], [0.6666666865348816, 1.0], [0.4444444477558136, 0.8888888955116272], [1.0, 0.3333333432674408], [0.4444444477558136, 0.4444444477558136], [0.2222222238779068, 0.2222222238779068], [0.3333333432674408, 0.8888888955116272], [0.6666666865348816, 0.0], [0.7777777910232544, 0.3333333432674408], [0.0, 0.8888888955116272]]
[epoch 22] Predicted Actions: [5, 5, 5, 5, 5, 5, 5, 5, 5, 5]
[epoch 22] Actual Actions:    [5, 5, 5, 5, 5, 5, 5, 5, 5, 5]
[epoch 22] Predicted Positions: [[0.47753700613975525, 0.5718993544578552], [0.47753700613975525, 0.5718993544578552], [0.47753700613975525, 0.5718993544578552], [0.47753700613975525, 0.5718993544578552], [0.47753700613975525, 0.5718993544578552], [0.47753700613975525, 0.5718993544578552], [0.47753700613975525, 0.5718993544578552], [0.47753700613975525, 0.5718993544578552], [0.47753700613975525, 0.5718993544578552], [0.47753700613975525, 0.5718993544578552]]
[epoch 22] Actual Positions:    [[0.2222222238779068, 0.6666666865348816], [0.6666666865348816, 1.0], [0.4444444477558136, 0.8888888955116272], [1.0, 0.3333333432674408], [0.4444444477558136, 0.4444444477558136], [0.2222222238779068, 0.2222222238779068], [0.3333333432674408, 0.8888888955116272], [0.6666666865348816, 0.0], [0.7777777910232544, 0.3333333432674408], [0.0, 0.8888888955116272]]
[epoch 23] Predicted Actions: [5, 5, 5, 5, 5, 5, 5, 5, 5, 5]
[epoch 23] Actual Actions:    [5, 5, 5, 5, 5, 5, 5, 5, 5, 5]
[epoch 23] Predicted Positions: [[0.4776356518268585, 0.5719459056854248], [0.4776356518268585, 0.5719459056854248], [0.4776356518268585, 0.5719459056854248], [0.4776356518268585, 0.5719459056854248], [0.4776356518268585, 0.5719459056854248], [0.4776356518268585, 0.5719459056854248], [0.4776356518268585, 0.5719459056854248], [0.4776356518268585, 0.5719459056854248], [0.4776356518268585, 0.5719459056854248], [0.4776356518268585, 0.5719459056854248]]
[epoch 23] Actual Positions:    [[0.2222222238779068, 0.6666666865348816], [0.6666666865348816, 1.0], [0.4444444477558136, 0.8888888955116272], [1.0, 0.3333333432674408], [0.4444444477558136, 0.4444444477558136], [0.2222222238779068, 0.2222222238779068], [0.3333333432674408, 0.8888888955116272], [0.6666666865348816, 0.0], [0.7777777910232544, 0.3333333432674408], [0.0, 0.8888888955116272]]
[epoch 23] Predicted Actions: [5, 5, 5, 5, 5, 5, 5, 5, 5, 5]
[epoch 23] Actual Actions:    [5, 5, 5, 5, 5, 5, 5, 5, 5, 5]
[epoch 23] Predicted Positions: [[0.47772377729415894, 0.5719582438468933], [0.47772377729415894, 0.5719582438468933], [0.47772377729415894, 0.5719582438468933], [0.47772377729415894, 0.5719582438468933], [0.47772377729415894, 0.5719582438468933], [0.47772377729415894, 0.5719582438468933], [0.47772377729415894, 0.5719582438468933], [0.47772377729415894, 0.5719582438468933], [0.47772377729415894, 0.5719582438468933], [0.47772377729415894, 0.5719582438468933]]
[epoch 23] Actual Positions:    [[0.2222222238779068, 0.6666666865348816], [0.6666666865348816, 1.0], [0.4444444477558136, 0.8888888955116272], [1.0, 0.3333333432674408], [0.4444444477558136, 0.4444444477558136], [0.2222222238779068, 0.2222222238779068], [0.3333333432674408, 0.8888888955116272], [0.6666666865348816, 0.0], [0.7777777910232544, 0.3333333432674408], [0.0, 0.8888888955116272]]
[epoch 23] Predicted Actions: [5, 5, 5, 5, 5, 5, 5, 5, 5, 5]
[epoch 23] Actual Actions:    [5, 5, 5, 5, 5, 5, 5, 5, 5, 5]
[epoch 23] Predicted Positions: [[0.47780248522758484, 0.5719395875930786], [0.47780248522758484, 0.5719395875930786], [0.47780248522758484, 0.5719395875930786], [0.47780248522758484, 0.5719395875930786], [0.47780248522758484, 0.5719395875930786], [0.47780248522758484, 0.5719395875930786], [0.47780248522758484, 0.5719395875930786], [0.47780248522758484, 0.5719395875930786], [0.47780248522758484, 0.5719395875930786], [0.47780248522758484, 0.5719395875930786]]
[epoch 23] Actual Positions:    [[0.2222222238779068, 0.6666666865348816], [0.6666666865348816, 1.0], [0.4444444477558136, 0.8888888955116272], [1.0, 0.3333333432674408], [0.4444444477558136, 0.4444444477558136], [0.2222222238779068, 0.2222222238779068], [0.3333333432674408, 0.8888888955116272], [0.6666666865348816, 0.0], [0.7777777910232544, 0.3333333432674408], [0.0, 0.8888888955116272]]
[epoch 23] Predicted Actions: [5, 5, 5, 5, 5, 5, 5, 5, 5, 5]
[epoch 23] Actual Actions:    [5, 5, 5, 5, 5, 5, 5, 5, 5, 5]
[epoch 23] Predicted Positions: [[0.477871835231781, 0.571892499923706], [0.477871835231781, 0.571892499923706], [0.477871835231781, 0.571892499923706], [0.477871835231781, 0.571892499923706], [0.477871835231781, 0.571892499923706], [0.477871835231781, 0.571892499923706], [0.477871835231781, 0.571892499923706], [0.477871835231781, 0.571892499923706], [0.477871835231781, 0.571892499923706], [0.477871835231781, 0.571892499923706]]
[epoch 23] Actual Positions:    [[0.2222222238779068, 0.6666666865348816], [0.6666666865348816, 1.0], [0.4444444477558136, 0.8888888955116272], [1.0, 0.3333333432674408], [0.4444444477558136, 0.4444444477558136], [0.2222222238779068, 0.2222222238779068], [0.3333333432674408, 0.8888888955116272], [0.6666666865348816, 0.0], [0.7777777910232544, 0.3333333432674408], [0.0, 0.8888888955116272]]
[epoch 23] Predicted Actions: [5, 5, 5, 5, 5, 5, 5, 5, 5, 5]
[epoch 23] Actual Actions:    [5, 5, 5, 5, 5, 5, 5, 5, 5, 5]
[epoch 23] Predicted Positions: [[0.47793206572532654, 0.5718196630477905], [0.47793206572532654, 0.5718196630477905], [0.47793206572532654, 0.5718196630477905], [0.47793206572532654, 0.5718196630477905], [0.47793206572532654, 0.5718196630477905], [0.47793206572532654, 0.5718196630477905], [0.47793206572532654, 0.5718196630477905], [0.47793206572532654, 0.5718196630477905], [0.47793206572532654, 0.5718196630477905], [0.47793206572532654, 0.5718196630477905]]
[epoch 23] Actual Positions:    [[0.2222222238779068, 0.6666666865348816], [0.6666666865348816, 1.0], [0.4444444477558136, 0.8888888955116272], [1.0, 0.3333333432674408], [0.4444444477558136, 0.4444444477558136], [0.2222222238779068, 0.2222222238779068], [0.3333333432674408, 0.8888888955116272], [0.6666666865348816, 0.0], [0.7777777910232544, 0.3333333432674408], [0.0, 0.8888888955116272]]
[epoch 24] Predicted Actions: [5, 5, 5, 5, 5, 5, 5, 5, 5, 5]
[epoch 24] Actual Actions:    [5, 5, 5, 5, 5, 5, 5, 5, 5, 5]
[epoch 24] Predicted Positions: [[0.4779834747314453, 0.571723461151123], [0.4779834747314453, 0.571723461151123], [0.4779834747314453, 0.571723461151123], [0.4779834747314453, 0.571723461151123], [0.4779834747314453, 0.571723461151123], [0.4779834747314453, 0.571723461151123], [0.4779834747314453, 0.571723461151123], [0.4779834747314453, 0.571723461151123], [0.4779834747314453, 0.571723461151123], [0.4779834747314453, 0.571723461151123]]
[epoch 24] Actual Positions:    [[0.2222222238779068, 0.6666666865348816], [0.6666666865348816, 1.0], [0.4444444477558136, 0.8888888955116272], [1.0, 0.3333333432674408], [0.4444444477558136, 0.4444444477558136], [0.2222222238779068, 0.2222222238779068], [0.3333333432674408, 0.8888888955116272], [0.6666666865348816, 0.0], [0.7777777910232544, 0.3333333432674408], [0.0, 0.8888888955116272]]
[epoch 24] Predicted Actions: [5, 5, 5, 5, 5, 5, 5, 5, 5, 5]
[epoch 24] Actual Actions:    [5, 5, 5, 5, 5, 5, 5, 5, 5, 5]
[epoch 24] Predicted Positions: [[0.47802573442459106, 0.5716079473495483], [0.47802573442459106, 0.5716079473495483], [0.47802573442459106, 0.5716079473495483], [0.47802573442459106, 0.5716079473495483], [0.47802573442459106, 0.5716079473495483], [0.47802573442459106, 0.5716079473495483], [0.47802573442459106, 0.5716079473495483], [0.47802573442459106, 0.5716079473495483], [0.47802573442459106, 0.5716079473495483], [0.47802573442459106, 0.5716079473495483]]
[epoch 24] Actual Positions:    [[0.2222222238779068, 0.6666666865348816], [0.6666666865348816, 1.0], [0.4444444477558136, 0.8888888955116272], [1.0, 0.3333333432674408], [0.4444444477558136, 0.4444444477558136], [0.2222222238779068, 0.2222222238779068], [0.3333333432674408, 0.8888888955116272], [0.6666666865348816, 0.0], [0.7777777910232544, 0.3333333432674408], [0.0, 0.8888888955116272]]
[epoch 24] Predicted Actions: [5, 5, 5, 5, 5, 5, 5, 5, 5, 5]
[epoch 24] Actual Actions:    [5, 5, 5, 5, 5, 5, 5, 5, 5, 5]
[epoch 24] Predicted Positions: [[0.4780600070953369, 0.5714741945266724], [0.4780600070953369, 0.5714741945266724], [0.4780600070953369, 0.5714741945266724], [0.4780600070953369, 0.5714741945266724], [0.4780600070953369, 0.5714741945266724], [0.4780600070953369, 0.5714741945266724], [0.4780600070953369, 0.5714741945266724], [0.4780600070953369, 0.5714741945266724], [0.4780600070953369, 0.5714741945266724], [0.4780600070953369, 0.5714741945266724]]
[epoch 24] Actual Positions:    [[0.2222222238779068, 0.6666666865348816], [0.6666666865348816, 1.0], [0.4444444477558136, 0.8888888955116272], [1.0, 0.3333333432674408], [0.4444444477558136, 0.4444444477558136], [0.2222222238779068, 0.2222222238779068], [0.3333333432674408, 0.8888888955116272], [0.6666666865348816, 0.0], [0.7777777910232544, 0.3333333432674408], [0.0, 0.8888888955116272]]
[epoch 24] Predicted Actions: [5, 5, 5, 5, 5, 5, 5, 5, 5, 5]
[epoch 24] Actual Actions:    [5, 5, 5, 5, 5, 5, 5, 5, 5, 5]
[epoch 24] Predicted Positions: [[0.4780866205692291, 0.5713245868682861], [0.4780866205692291, 0.5713245868682861], [0.4780866205692291, 0.5713245868682861], [0.4780866205692291, 0.5713245868682861], [0.4780866205692291, 0.5713245868682861], [0.4780866205692291, 0.5713245868682861], [0.4780866205692291, 0.5713245868682861], [0.4780866205692291, 0.5713245868682861], [0.4780866205692291, 0.5713245868682861], [0.4780866205692291, 0.5713245868682861]]
[epoch 24] Actual Positions:    [[0.2222222238779068, 0.6666666865348816], [0.6666666865348816, 1.0], [0.4444444477558136, 0.8888888955116272], [1.0, 0.3333333432674408], [0.4444444477558136, 0.4444444477558136], [0.2222222238779068, 0.2222222238779068], [0.3333333432674408, 0.8888888955116272], [0.6666666865348816, 0.0], [0.7777777910232544, 0.3333333432674408], [0.0, 0.8888888955116272]]
[epoch 24] Predicted Actions: [5, 5, 5, 5, 5, 5, 5, 5, 5, 5]
[epoch 24] Actual Actions:    [5, 5, 5, 5, 5, 5, 5, 5, 5, 5]
[epoch 24] Predicted Positions: [[0.4781060218811035, 0.5711613297462463], [0.4781060218811035, 0.5711613297462463], [0.4781060218811035, 0.5711613297462463], [0.4781060218811035, 0.5711613297462463], [0.4781060218811035, 0.5711613297462463], [0.4781060218811035, 0.5711613297462463], [0.4781060218811035, 0.5711613297462463], [0.4781060218811035, 0.5711613297462463], [0.4781060218811035, 0.5711613297462463], [0.4781060218811035, 0.5711613297462463]]
[epoch 24] Actual Positions:    [[0.2222222238779068, 0.6666666865348816], [0.6666666865348816, 1.0], [0.4444444477558136, 0.8888888955116272], [1.0, 0.3333333432674408], [0.4444444477558136, 0.4444444477558136], [0.2222222238779068, 0.2222222238779068], [0.3333333432674408, 0.8888888955116272], [0.6666666865348816, 0.0], [0.7777777910232544, 0.3333333432674408], [0.0, 0.8888888955116272]]
[epoch 25] Predicted Actions: [5, 5, 5, 5, 5, 5, 5, 5, 5, 5]
[epoch 25] Actual Actions:    [5, 5, 5, 5, 5, 5, 5, 5, 5, 5]
[epoch 25] Predicted Positions: [[0.4781185984611511, 0.5709866285324097], [0.4781185984611511, 0.5709866285324097], [0.4781185984611511, 0.5709866285324097], [0.4781185984611511, 0.5709866285324097], [0.4781185984611511, 0.5709866285324097], [0.4781185984611511, 0.5709866285324097], [0.4781185984611511, 0.5709866285324097], [0.4781185984611511, 0.5709866285324097], [0.4781185984611511, 0.5709866285324097], [0.4781185984611511, 0.5709866285324097]]
[epoch 25] Actual Positions:    [[0.2222222238779068, 0.6666666865348816], [0.6666666865348816, 1.0], [0.4444444477558136, 0.8888888955116272], [1.0, 0.3333333432674408], [0.4444444477558136, 0.4444444477558136], [0.2222222238779068, 0.2222222238779068], [0.3333333432674408, 0.8888888955116272], [0.6666666865348816, 0.0], [0.7777777910232544, 0.3333333432674408], [0.0, 0.8888888955116272]]
[epoch 25] Predicted Actions: [5, 5, 5, 5, 5, 5, 5, 5, 5, 5]
[epoch 25] Actual Actions:    [5, 5, 5, 5, 5, 5, 5, 5, 5, 5]
[epoch 25] Predicted Positions: [[0.4781249165534973, 0.5708047151565552], [0.4781249165534973, 0.5708047151565552], [0.4781249165534973, 0.5708047151565552], [0.4781249165534973, 0.5708047151565552], [0.4781249165534973, 0.5708047151565552], [0.4781249165534973, 0.5708047151565552], [0.4781249165534973, 0.5708047151565552], [0.4781249165534973, 0.5708047151565552], [0.4781249165534973, 0.5708047151565552], [0.4781249165534973, 0.5708047151565552]]
[epoch 25] Actual Positions:    [[0.2222222238779068, 0.6666666865348816], [0.6666666865348816, 1.0], [0.4444444477558136, 0.8888888955116272], [1.0, 0.3333333432674408], [0.4444444477558136, 0.4444444477558136], [0.2222222238779068, 0.2222222238779068], [0.3333333432674408, 0.8888888955116272], [0.6666666865348816, 0.0], [0.7777777910232544, 0.3333333432674408], [0.0, 0.8888888955116272]]
[epoch 25] Predicted Actions: [5, 5, 5, 5, 5, 5, 5, 5, 5, 5]
[epoch 25] Actual Actions:    [5, 5, 5, 5, 5, 5, 5, 5, 5, 5]
[epoch 25] Predicted Positions: [[0.47812551259994507, 0.5706152319908142], [0.47812551259994507, 0.5706152319908142], [0.47812551259994507, 0.5706152319908142], [0.47812551259994507, 0.5706152319908142], [0.47812551259994507, 0.5706152319908142], [0.47812551259994507, 0.5706152319908142], [0.47812551259994507, 0.5706152319908142], [0.47812551259994507, 0.5706152319908142], [0.47812551259994507, 0.5706152319908142], [0.47812551259994507, 0.5706152319908142]]
[epoch 25] Actual Positions:    [[0.2222222238779068, 0.6666666865348816], [0.6666666865348816, 1.0], [0.4444444477558136, 0.8888888955116272], [1.0, 0.3333333432674408], [0.4444444477558136, 0.4444444477558136], [0.2222222238779068, 0.2222222238779068], [0.3333333432674408, 0.8888888955116272], [0.6666666865348816, 0.0], [0.7777777910232544, 0.3333333432674408], [0.0, 0.8888888955116272]]
[epoch 25] Predicted Actions: [5, 5, 5, 5, 5, 5, 5, 5, 5, 5]
[epoch 25] Actual Actions:    [5, 5, 5, 5, 5, 5, 5, 5, 5, 5]
[epoch 25] Predicted Positions: [[0.47812098264694214, 0.5704202055931091], [0.47812098264694214, 0.5704202055931091], [0.47812098264694214, 0.5704202055931091], [0.47812098264694214, 0.5704202055931091], [0.47812098264694214, 0.5704202055931091], [0.47812098264694214, 0.5704202055931091], [0.47812098264694214, 0.5704202055931091], [0.47812098264694214, 0.5704202055931091], [0.47812098264694214, 0.5704202055931091], [0.47812098264694214, 0.5704202055931091]]
[epoch 25] Actual Positions:    [[0.2222222238779068, 0.6666666865348816], [0.6666666865348816, 1.0], [0.4444444477558136, 0.8888888955116272], [1.0, 0.3333333432674408], [0.4444444477558136, 0.4444444477558136], [0.2222222238779068, 0.2222222238779068], [0.3333333432674408, 0.8888888955116272], [0.6666666865348816, 0.0], [0.7777777910232544, 0.3333333432674408], [0.0, 0.8888888955116272]]
[epoch 25] Predicted Actions: [5, 5, 5, 5, 5, 5, 5, 5, 5, 5]
[epoch 25] Actual Actions:    [5, 5, 5, 5, 5, 5, 5, 5, 5, 5]
[epoch 25] Predicted Positions: [[0.4781118333339691, 0.5702211856842041], [0.4781118333339691, 0.5702211856842041], [0.4781118333339691, 0.5702211856842041], [0.4781118333339691, 0.5702211856842041], [0.4781118333339691, 0.5702211856842041], [0.4781118333339691, 0.5702211856842041], [0.4781118333339691, 0.5702211856842041], [0.4781118333339691, 0.5702211856842041], [0.4781118333339691, 0.5702211856842041], [0.4781118333339691, 0.5702211856842041]]
[epoch 25] Actual Positions:    [[0.2222222238779068, 0.6666666865348816], [0.6666666865348816, 1.0], [0.4444444477558136, 0.8888888955116272], [1.0, 0.3333333432674408], [0.4444444477558136, 0.4444444477558136], [0.2222222238779068, 0.2222222238779068], [0.3333333432674408, 0.8888888955116272], [0.6666666865348816, 0.0], [0.7777777910232544, 0.3333333432674408], [0.0, 0.8888888955116272]]
[epoch 26] Predicted Actions: [5, 5, 5, 5, 5, 5, 5, 5, 5, 5]
[epoch 26] Actual Actions:    [5, 5, 5, 5, 5, 5, 5, 5, 5, 5]
[epoch 26] Predicted Positions: [[0.478098601102829, 0.5700197815895081], [0.478098601102829, 0.5700197815895081], [0.478098601102829, 0.5700197815895081], [0.478098601102829, 0.5700197815895081], [0.478098601102829, 0.5700197815895081], [0.478098601102829, 0.5700197815895081], [0.478098601102829, 0.5700197815895081], [0.478098601102829, 0.5700197815895081], [0.478098601102829, 0.5700197815895081], [0.478098601102829, 0.5700197815895081]]
[epoch 26] Actual Positions:    [[0.2222222238779068, 0.6666666865348816], [0.6666666865348816, 1.0], [0.4444444477558136, 0.8888888955116272], [1.0, 0.3333333432674408], [0.4444444477558136, 0.4444444477558136], [0.2222222238779068, 0.2222222238779068], [0.3333333432674408, 0.8888888955116272], [0.6666666865348816, 0.0], [0.7777777910232544, 0.3333333432674408], [0.0, 0.8888888955116272]]
[epoch 26] Predicted Actions: [5, 5, 5, 5, 5, 5, 5, 5, 5, 5]
[epoch 26] Actual Actions:    [5, 5, 5, 5, 5, 5, 5, 5, 5, 5]
[epoch 26] Predicted Positions: [[0.47808197140693665, 0.569819986820221], [0.47808197140693665, 0.569819986820221], [0.47808197140693665, 0.569819986820221], [0.47808197140693665, 0.569819986820221], [0.47808197140693665, 0.569819986820221], [0.47808197140693665, 0.569819986820221], [0.47808197140693665, 0.569819986820221], [0.47808197140693665, 0.569819986820221], [0.47808197140693665, 0.569819986820221], [0.47808197140693665, 0.569819986820221]]
[epoch 26] Actual Positions:    [[0.2222222238779068, 0.6666666865348816], [0.6666666865348816, 1.0], [0.4444444477558136, 0.8888888955116272], [1.0, 0.3333333432674408], [0.4444444477558136, 0.4444444477558136], [0.2222222238779068, 0.2222222238779068], [0.3333333432674408, 0.8888888955116272], [0.6666666865348816, 0.0], [0.7777777910232544, 0.3333333432674408], [0.0, 0.8888888955116272]]
[epoch 26] Predicted Actions: [5, 5, 5, 5, 5, 5, 5, 5, 5, 5]
[epoch 26] Actual Actions:    [5, 5, 5, 5, 5, 5, 5, 5, 5, 5]
[epoch 26] Predicted Positions: [[0.47806230187416077, 0.5696205496788025], [0.47806230187416077, 0.5696205496788025], [0.47806230187416077, 0.5696205496788025], [0.47806230187416077, 0.5696205496788025], [0.47806230187416077, 0.5696205496788025], [0.47806230187416077, 0.5696205496788025], [0.47806230187416077, 0.5696205496788025], [0.47806230187416077, 0.5696205496788025], [0.47806230187416077, 0.5696205496788025], [0.47806230187416077, 0.5696205496788025]]
[epoch 26] Actual Positions:    [[0.2222222238779068, 0.6666666865348816], [0.6666666865348816, 1.0], [0.4444444477558136, 0.8888888955116272], [1.0, 0.3333333432674408], [0.4444444477558136, 0.4444444477558136], [0.2222222238779068, 0.2222222238779068], [0.3333333432674408, 0.8888888955116272], [0.6666666865348816, 0.0], [0.7777777910232544, 0.3333333432674408], [0.0, 0.8888888955116272]]
[epoch 26] Predicted Actions: [5, 5, 5, 5, 5, 5, 5, 5, 5, 5]
[epoch 26] Actual Actions:    [5, 5, 5, 5, 5, 5, 5, 5, 5, 5]
[epoch 26] Predicted Positions: [[0.4780401289463043, 0.5694229006767273], [0.4780401289463043, 0.5694229006767273], [0.4780401289463043, 0.5694229006767273], [0.4780401289463043, 0.5694229006767273], [0.4780401289463043, 0.5694229006767273], [0.4780401289463043, 0.5694229006767273], [0.4780401289463043, 0.5694229006767273], [0.4780401289463043, 0.5694229006767273], [0.4780401289463043, 0.5694229006767273], [0.4780401289463043, 0.5694229006767273]]
[epoch 26] Actual Positions:    [[0.2222222238779068, 0.6666666865348816], [0.6666666865348816, 1.0], [0.4444444477558136, 0.8888888955116272], [1.0, 0.3333333432674408], [0.4444444477558136, 0.4444444477558136], [0.2222222238779068, 0.2222222238779068], [0.3333333432674408, 0.8888888955116272], [0.6666666865348816, 0.0], [0.7777777910232544, 0.3333333432674408], [0.0, 0.8888888955116272]]
[epoch 26] Predicted Actions: [5, 5, 5, 5, 5, 5, 5, 5, 5, 5]
[epoch 26] Actual Actions:    [5, 5, 5, 5, 5, 5, 5, 5, 5, 5]
[epoch 26] Predicted Positions: [[0.4780157804489136, 0.5692278742790222], [0.4780157804489136, 0.5692278742790222], [0.4780157804489136, 0.5692278742790222], [0.4780157804489136, 0.5692278742790222], [0.4780157804489136, 0.5692278742790222], [0.4780157804489136, 0.5692278742790222], [0.4780157804489136, 0.5692278742790222], [0.4780157804489136, 0.5692278742790222], [0.4780157804489136, 0.5692278742790222], [0.4780157804489136, 0.5692278742790222]]
[epoch 26] Actual Positions:    [[0.2222222238779068, 0.6666666865348816], [0.6666666865348816, 1.0], [0.4444444477558136, 0.8888888955116272], [1.0, 0.3333333432674408], [0.4444444477558136, 0.4444444477558136], [0.2222222238779068, 0.2222222238779068], [0.3333333432674408, 0.8888888955116272], [0.6666666865348816, 0.0], [0.7777777910232544, 0.3333333432674408], [0.0, 0.8888888955116272]]
[epoch 27] Predicted Actions: [5, 5, 5, 5, 5, 5, 5, 5, 5, 5]
[epoch 27] Actual Actions:    [5, 5, 5, 5, 5, 5, 5, 5, 5, 5]
[epoch 27] Predicted Positions: [[0.47798991203308105, 0.5690367817878723], [0.47798991203308105, 0.5690367817878723], [0.47798991203308105, 0.5690367817878723], [0.47798991203308105, 0.5690367817878723], [0.47798991203308105, 0.5690367817878723], [0.47798991203308105, 0.5690367817878723], [0.47798991203308105, 0.5690367817878723], [0.47798991203308105, 0.5690367817878723], [0.47798991203308105, 0.5690367817878723], [0.47798991203308105, 0.5690367817878723]]
[epoch 27] Actual Positions:    [[0.2222222238779068, 0.6666666865348816], [0.6666666865348816, 1.0], [0.4444444477558136, 0.8888888955116272], [1.0, 0.3333333432674408], [0.4444444477558136, 0.4444444477558136], [0.2222222238779068, 0.2222222238779068], [0.3333333432674408, 0.8888888955116272], [0.6666666865348816, 0.0], [0.7777777910232544, 0.3333333432674408], [0.0, 0.8888888955116272]]
[epoch 27] Predicted Actions: [5, 5, 5, 5, 5, 5, 5, 5, 5, 5]
[epoch 27] Actual Actions:    [5, 5, 5, 5, 5, 5, 5, 5, 5, 5]
[epoch 27] Predicted Positions: [[0.47796308994293213, 0.5688527226448059], [0.47796308994293213, 0.5688527226448059], [0.47796308994293213, 0.5688527226448059], [0.47796308994293213, 0.5688527226448059], [0.47796308994293213, 0.5688527226448059], [0.47796308994293213, 0.5688527226448059], [0.47796308994293213, 0.5688527226448059], [0.47796308994293213, 0.5688527226448059], [0.47796308994293213, 0.5688527226448059], [0.47796308994293213, 0.5688527226448059]]
[epoch 27] Actual Positions:    [[0.2222222238779068, 0.6666666865348816], [0.6666666865348816, 1.0], [0.4444444477558136, 0.8888888955116272], [1.0, 0.3333333432674408], [0.4444444477558136, 0.4444444477558136], [0.2222222238779068, 0.2222222238779068], [0.3333333432674408, 0.8888888955116272], [0.6666666865348816, 0.0], [0.7777777910232544, 0.3333333432674408], [0.0, 0.8888888955116272]]
[epoch 27] Predicted Actions: [5, 5, 5, 5, 5, 5, 5, 5, 5, 5]
[epoch 27] Actual Actions:    [5, 5, 5, 5, 5, 5, 5, 5, 5, 5]
[epoch 27] Predicted Positions: [[0.4779355525970459, 0.5686740875244141], [0.4779355525970459, 0.5686740875244141], [0.4779355525970459, 0.5686740875244141], [0.4779355525970459, 0.5686740875244141], [0.4779355525970459, 0.5686740875244141], [0.4779355525970459, 0.5686740875244141], [0.4779355525970459, 0.5686740875244141], [0.4779355525970459, 0.5686740875244141], [0.4779355525970459, 0.5686740875244141], [0.4779355525970459, 0.5686740875244141]]
[epoch 27] Actual Positions:    [[0.2222222238779068, 0.6666666865348816], [0.6666666865348816, 1.0], [0.4444444477558136, 0.8888888955116272], [1.0, 0.3333333432674408], [0.4444444477558136, 0.4444444477558136], [0.2222222238779068, 0.2222222238779068], [0.3333333432674408, 0.8888888955116272], [0.6666666865348816, 0.0], [0.7777777910232544, 0.3333333432674408], [0.0, 0.8888888955116272]]
[epoch 27] Predicted Actions: [5, 5, 5, 5, 5, 5, 5, 5, 5, 5]
[epoch 27] Actual Actions:    [5, 5, 5, 5, 5, 5, 5, 5, 5, 5]
[epoch 27] Predicted Positions: [[0.47790753841400146, 0.5685014724731445], [0.47790753841400146, 0.5685014724731445], [0.47790753841400146, 0.5685014724731445], [0.47790753841400146, 0.5685014724731445], [0.47790753841400146, 0.5685014724731445], [0.47790753841400146, 0.5685014724731445], [0.47790753841400146, 0.5685014724731445], [0.47790753841400146, 0.5685014724731445], [0.47790753841400146, 0.5685014724731445], [0.47790753841400146, 0.5685014724731445]]
[epoch 27] Actual Positions:    [[0.2222222238779068, 0.6666666865348816], [0.6666666865348816, 1.0], [0.4444444477558136, 0.8888888955116272], [1.0, 0.3333333432674408], [0.4444444477558136, 0.4444444477558136], [0.2222222238779068, 0.2222222238779068], [0.3333333432674408, 0.8888888955116272], [0.6666666865348816, 0.0], [0.7777777910232544, 0.3333333432674408], [0.0, 0.8888888955116272]]
[epoch 27] Predicted Actions: [5, 5, 5, 5, 5, 5, 5, 5, 5, 5]
[epoch 27] Actual Actions:    [5, 5, 5, 5, 5, 5, 5, 5, 5, 5]
[epoch 27] Predicted Positions: [[0.4778795540332794, 0.5683356523513794], [0.4778795540332794, 0.5683356523513794], [0.4778795540332794, 0.5683356523513794], [0.4778795540332794, 0.5683356523513794], [0.4778795540332794, 0.5683356523513794], [0.4778795540332794, 0.5683356523513794], [0.4778795540332794, 0.5683356523513794], [0.4778795540332794, 0.5683356523513794], [0.4778795540332794, 0.5683356523513794], [0.4778795540332794, 0.5683356523513794]]
[epoch 27] Actual Positions:    [[0.2222222238779068, 0.6666666865348816], [0.6666666865348816, 1.0], [0.4444444477558136, 0.8888888955116272], [1.0, 0.3333333432674408], [0.4444444477558136, 0.4444444477558136], [0.2222222238779068, 0.2222222238779068], [0.3333333432674408, 0.8888888955116272], [0.6666666865348816, 0.0], [0.7777777910232544, 0.3333333432674408], [0.0, 0.8888888955116272]]
[epoch 28] Predicted Actions: [5, 5, 5, 5, 5, 5, 5, 5, 5, 5]
[epoch 28] Actual Actions:    [5, 5, 5, 5, 5, 5, 5, 5, 5, 5]
[epoch 28] Predicted Positions: [[0.4778516888618469, 0.5681768655776978], [0.4778516888618469, 0.5681768655776978], [0.4778516888618469, 0.5681768655776978], [0.4778516888618469, 0.5681768655776978], [0.4778516888618469, 0.5681768655776978], [0.4778516888618469, 0.5681768655776978], [0.4778516888618469, 0.5681768655776978], [0.4778516888618469, 0.5681768655776978], [0.4778516888618469, 0.5681768655776978], [0.4778516888618469, 0.5681768655776978]]
[epoch 28] Actual Positions:    [[0.2222222238779068, 0.6666666865348816], [0.6666666865348816, 1.0], [0.4444444477558136, 0.8888888955116272], [1.0, 0.3333333432674408], [0.4444444477558136, 0.4444444477558136], [0.2222222238779068, 0.2222222238779068], [0.3333333432674408, 0.8888888955116272], [0.6666666865348816, 0.0], [0.7777777910232544, 0.3333333432674408], [0.0, 0.8888888955116272]]
[epoch 28] Predicted Actions: [5, 5, 5, 5, 5, 5, 5, 5, 5, 5]
[epoch 28] Actual Actions:    [5, 5, 5, 5, 5, 5, 5, 5, 5, 5]
[epoch 28] Predicted Positions: [[0.4778248071670532, 0.568027913570404], [0.4778248071670532, 0.568027913570404], [0.4778248071670532, 0.568027913570404], [0.4778248071670532, 0.568027913570404], [0.4778248071670532, 0.568027913570404], [0.4778248071670532, 0.568027913570404], [0.4778248071670532, 0.568027913570404], [0.4778248071670532, 0.568027913570404], [0.4778248071670532, 0.568027913570404], [0.4778248071670532, 0.568027913570404]]
[epoch 28] Actual Positions:    [[0.2222222238779068, 0.6666666865348816], [0.6666666865348816, 1.0], [0.4444444477558136, 0.8888888955116272], [1.0, 0.3333333432674408], [0.4444444477558136, 0.4444444477558136], [0.2222222238779068, 0.2222222238779068], [0.3333333432674408, 0.8888888955116272], [0.6666666865348816, 0.0], [0.7777777910232544, 0.3333333432674408], [0.0, 0.8888888955116272]]
[epoch 28] Predicted Actions: [5, 5, 5, 5, 5, 5, 5, 5, 5, 5]
[epoch 28] Actual Actions:    [5, 5, 5, 5, 5, 5, 5, 5, 5, 5]
[epoch 28] Predicted Positions: [[0.4777986705303192, 0.5678866505622864], [0.4777986705303192, 0.5678866505622864], [0.4777986705303192, 0.5678866505622864], [0.4777986705303192, 0.5678866505622864], [0.4777986705303192, 0.5678866505622864], [0.4777986705303192, 0.5678866505622864], [0.4777986705303192, 0.5678866505622864], [0.4777986705303192, 0.5678866505622864], [0.4777986705303192, 0.5678866505622864], [0.4777986705303192, 0.5678866505622864]]
[epoch 28] Actual Positions:    [[0.2222222238779068, 0.6666666865348816], [0.6666666865348816, 1.0], [0.4444444477558136, 0.8888888955116272], [1.0, 0.3333333432674408], [0.4444444477558136, 0.4444444477558136], [0.2222222238779068, 0.2222222238779068], [0.3333333432674408, 0.8888888955116272], [0.6666666865348816, 0.0], [0.7777777910232544, 0.3333333432674408], [0.0, 0.8888888955116272]]
[epoch 28] Predicted Actions: [5, 5, 5, 5, 5, 5, 5, 5, 5, 5]
[epoch 28] Actual Actions:    [5, 5, 5, 5, 5, 5, 5, 5, 5, 5]
[epoch 28] Predicted Positions: [[0.477773517370224, 0.5677534341812134], [0.477773517370224, 0.5677534341812134], [0.477773517370224, 0.5677534341812134], [0.477773517370224, 0.5677534341812134], [0.477773517370224, 0.5677534341812134], [0.477773517370224, 0.5677534341812134], [0.477773517370224, 0.5677534341812134], [0.477773517370224, 0.5677534341812134], [0.477773517370224, 0.5677534341812134], [0.477773517370224, 0.5677534341812134]]
[epoch 28] Actual Positions:    [[0.2222222238779068, 0.6666666865348816], [0.6666666865348816, 1.0], [0.4444444477558136, 0.8888888955116272], [1.0, 0.3333333432674408], [0.4444444477558136, 0.4444444477558136], [0.2222222238779068, 0.2222222238779068], [0.3333333432674408, 0.8888888955116272], [0.6666666865348816, 0.0], [0.7777777910232544, 0.3333333432674408], [0.0, 0.8888888955116272]]
[epoch 28] Predicted Actions: [5, 5, 5, 5, 5, 5, 5, 5, 5, 5]
[epoch 28] Actual Actions:    [5, 5, 5, 5, 5, 5, 5, 5, 5, 5]
[epoch 28] Predicted Positions: [[0.4777495265007019, 0.5676284432411194], [0.4777495265007019, 0.5676284432411194], [0.4777495265007019, 0.5676284432411194], [0.4777495265007019, 0.5676284432411194], [0.4777495265007019, 0.5676284432411194], [0.4777495265007019, 0.5676284432411194], [0.4777495265007019, 0.5676284432411194], [0.4777495265007019, 0.5676284432411194], [0.4777495265007019, 0.5676284432411194], [0.4777495265007019, 0.5676284432411194]]
[epoch 28] Actual Positions:    [[0.2222222238779068, 0.6666666865348816], [0.6666666865348816, 1.0], [0.4444444477558136, 0.8888888955116272], [1.0, 0.3333333432674408], [0.4444444477558136, 0.4444444477558136], [0.2222222238779068, 0.2222222238779068], [0.3333333432674408, 0.8888888955116272], [0.6666666865348816, 0.0], [0.7777777910232544, 0.3333333432674408], [0.0, 0.8888888955116272]]
[epoch 29] Predicted Actions: [5, 5, 5, 5, 5, 5, 5, 5, 5, 5]
[epoch 29] Actual Actions:    [5, 5, 5, 5, 5, 5, 5, 5, 5, 5]
[epoch 29] Predicted Positions: [[0.47772687673568726, 0.5675116777420044], [0.47772687673568726, 0.5675116777420044], [0.47772687673568726, 0.5675116777420044], [0.47772687673568726, 0.5675116777420044], [0.47772687673568726, 0.5675116777420044], [0.47772687673568726, 0.5675116777420044], [0.47772687673568726, 0.5675116777420044], [0.47772687673568726, 0.5675116777420044], [0.47772687673568726, 0.5675116777420044], [0.47772687673568726, 0.5675116777420044]]
[epoch 29] Actual Positions:    [[0.2222222238779068, 0.6666666865348816], [0.6666666865348816, 1.0], [0.4444444477558136, 0.8888888955116272], [1.0, 0.3333333432674408], [0.4444444477558136, 0.4444444477558136], [0.2222222238779068, 0.2222222238779068], [0.3333333432674408, 0.8888888955116272], [0.6666666865348816, 0.0], [0.7777777910232544, 0.3333333432674408], [0.0, 0.8888888955116272]]
[epoch 29] Predicted Actions: [5, 5, 5, 5, 5, 5, 5, 5, 5, 5]
[epoch 29] Actual Actions:    [5, 5, 5, 5, 5, 5, 5, 5, 5, 5]
[epoch 29] Predicted Positions: [[0.47770604491233826, 0.5674048662185669], [0.47770604491233826, 0.5674048662185669], [0.47770604491233826, 0.5674048662185669], [0.47770604491233826, 0.5674048662185669], [0.47770604491233826, 0.5674048662185669], [0.47770604491233826, 0.5674048662185669], [0.47770604491233826, 0.5674048662185669], [0.47770604491233826, 0.5674048662185669], [0.47770604491233826, 0.5674048662185669], [0.47770604491233826, 0.5674048662185669]]
[epoch 29] Actual Positions:    [[0.2222222238779068, 0.6666666865348816], [0.6666666865348816, 1.0], [0.4444444477558136, 0.8888888955116272], [1.0, 0.3333333432674408], [0.4444444477558136, 0.4444444477558136], [0.2222222238779068, 0.2222222238779068], [0.3333333432674408, 0.8888888955116272], [0.6666666865348816, 0.0], [0.7777777910232544, 0.3333333432674408], [0.0, 0.8888888955116272]]
[epoch 29] Predicted Actions: [5, 5, 5, 5, 5, 5, 5, 5, 5, 5]
[epoch 29] Actual Actions:    [5, 5, 5, 5, 5, 5, 5, 5, 5, 5]
[epoch 29] Predicted Positions: [[0.47768673300743103, 0.5673061609268188], [0.47768673300743103, 0.5673061609268188], [0.47768673300743103, 0.5673061609268188], [0.47768673300743103, 0.5673061609268188], [0.47768673300743103, 0.5673061609268188], [0.47768673300743103, 0.5673061609268188], [0.47768673300743103, 0.5673061609268188], [0.47768673300743103, 0.5673061609268188], [0.47768673300743103, 0.5673061609268188], [0.47768673300743103, 0.5673061609268188]]
[epoch 29] Actual Positions:    [[0.2222222238779068, 0.6666666865348816], [0.6666666865348816, 1.0], [0.4444444477558136, 0.8888888955116272], [1.0, 0.3333333432674408], [0.4444444477558136, 0.4444444477558136], [0.2222222238779068, 0.2222222238779068], [0.3333333432674408, 0.8888888955116272], [0.6666666865348816, 0.0], [0.7777777910232544, 0.3333333432674408], [0.0, 0.8888888955116272]]
[epoch 29] Predicted Actions: [5, 5, 5, 5, 5, 5, 5, 5, 5, 5]
[epoch 29] Actual Actions:    [5, 5, 5, 5, 5, 5, 5, 5, 5, 5]
[epoch 29] Predicted Positions: [[0.4776690602302551, 0.5672156810760498], [0.4776690602302551, 0.5672156810760498], [0.4776690602302551, 0.5672156810760498], [0.4776690602302551, 0.5672156810760498], [0.4776690602302551, 0.5672156810760498], [0.4776690602302551, 0.5672156810760498], [0.4776690602302551, 0.5672156810760498], [0.4776690602302551, 0.5672156810760498], [0.4776690602302551, 0.5672156810760498], [0.4776690602302551, 0.5672156810760498]]
[epoch 29] Actual Positions:    [[0.2222222238779068, 0.6666666865348816], [0.6666666865348816, 1.0], [0.4444444477558136, 0.8888888955116272], [1.0, 0.3333333432674408], [0.4444444477558136, 0.4444444477558136], [0.2222222238779068, 0.2222222238779068], [0.3333333432674408, 0.8888888955116272], [0.6666666865348816, 0.0], [0.7777777910232544, 0.3333333432674408], [0.0, 0.8888888955116272]]
[epoch 29] Predicted Actions: [5, 5, 5, 5, 5, 5, 5, 5, 5, 5]
[epoch 29] Actual Actions:    [5, 5, 5, 5, 5, 5, 5, 5, 5, 5]
[epoch 29] Predicted Positions: [[0.47765305638313293, 0.5671331286430359], [0.47765305638313293, 0.5671331286430359], [0.47765305638313293, 0.5671331286430359], [0.47765305638313293, 0.5671331286430359], [0.47765305638313293, 0.5671331286430359], [0.47765305638313293, 0.5671331286430359], [0.47765305638313293, 0.5671331286430359], [0.47765305638313293, 0.5671331286430359], [0.47765305638313293, 0.5671331286430359], [0.47765305638313293, 0.5671331286430359]]
[epoch 29] Actual Positions:    [[0.2222222238779068, 0.6666666865348816], [0.6666666865348816, 1.0], [0.4444444477558136, 0.8888888955116272], [1.0, 0.3333333432674408], [0.4444444477558136, 0.4444444477558136], [0.2222222238779068, 0.2222222238779068], [0.3333333432674408, 0.8888888955116272], [0.6666666865348816, 0.0], [0.7777777910232544, 0.3333333432674408], [0.0, 0.8888888955116272]]
[epoch 30] Predicted Actions: [5, 5, 5, 5, 5, 5, 5, 5, 5, 5]
[epoch 30] Actual Actions:    [5, 5, 5, 5, 5, 5, 5, 5, 5, 5]
[epoch 30] Predicted Positions: [[0.4776388108730316, 0.5670584440231323], [0.4776388108730316, 0.5670584440231323], [0.4776388108730316, 0.5670584440231323], [0.4776388108730316, 0.5670584440231323], [0.4776388108730316, 0.5670584440231323], [0.4776388108730316, 0.5670584440231323], [0.4776388108730316, 0.5670584440231323], [0.4776388108730316, 0.5670584440231323], [0.4776388108730316, 0.5670584440231323], [0.4776388108730316, 0.5670584440231323]]
[epoch 30] Actual Positions:    [[0.2222222238779068, 0.6666666865348816], [0.6666666865348816, 1.0], [0.4444444477558136, 0.8888888955116272], [1.0, 0.3333333432674408], [0.4444444477558136, 0.4444444477558136], [0.2222222238779068, 0.2222222238779068], [0.3333333432674408, 0.8888888955116272], [0.6666666865348816, 0.0], [0.7777777910232544, 0.3333333432674408], [0.0, 0.8888888955116272]]
[epoch 30] Predicted Actions: [5, 5, 5, 5, 5, 5, 5, 5, 5, 5]
[epoch 30] Actual Actions:    [5, 5, 5, 5, 5, 5, 5, 5, 5, 5]
[epoch 30] Predicted Positions: [[0.4776264727115631, 0.5669922828674316], [0.4776264727115631, 0.5669922828674316], [0.4776264727115631, 0.5669922828674316], [0.4776264727115631, 0.5669922828674316], [0.4776264727115631, 0.5669922828674316], [0.4776264727115631, 0.5669922828674316], [0.4776264727115631, 0.5669922828674316], [0.4776264727115631, 0.5669922828674316], [0.4776264727115631, 0.5669922828674316], [0.4776264727115631, 0.5669922828674316]]
[epoch 30] Actual Positions:    [[0.2222222238779068, 0.6666666865348816], [0.6666666865348816, 1.0], [0.4444444477558136, 0.8888888955116272], [1.0, 0.3333333432674408], [0.4444444477558136, 0.4444444477558136], [0.2222222238779068, 0.2222222238779068], [0.3333333432674408, 0.8888888955116272], [0.6666666865348816, 0.0], [0.7777777910232544, 0.3333333432674408], [0.0, 0.8888888955116272]]
[epoch 30] Predicted Actions: [5, 5, 5, 5, 5, 5, 5, 5, 5, 5]
[epoch 30] Actual Actions:    [5, 5, 5, 5, 5, 5, 5, 5, 5, 5]
[epoch 30] Predicted Positions: [[0.4776158630847931, 0.5669334530830383], [0.4776158630847931, 0.5669334530830383], [0.4776158630847931, 0.5669334530830383], [0.4776158630847931, 0.5669334530830383], [0.4776158630847931, 0.5669334530830383], [0.4776158630847931, 0.5669334530830383], [0.4776158630847931, 0.5669334530830383], [0.4776158630847931, 0.5669334530830383], [0.4776158630847931, 0.5669334530830383], [0.4776158630847931, 0.5669334530830383]]
[epoch 30] Actual Positions:    [[0.2222222238779068, 0.6666666865348816], [0.6666666865348816, 1.0], [0.4444444477558136, 0.8888888955116272], [1.0, 0.3333333432674408], [0.4444444477558136, 0.4444444477558136], [0.2222222238779068, 0.2222222238779068], [0.3333333432674408, 0.8888888955116272], [0.6666666865348816, 0.0], [0.7777777910232544, 0.3333333432674408], [0.0, 0.8888888955116272]]
[epoch 30] Predicted Actions: [5, 5, 5, 5, 5, 5, 5, 5, 5, 5]
[epoch 30] Actual Actions:    [5, 5, 5, 5, 5, 5, 5, 5, 5, 5]
[epoch 30] Predicted Positions: [[0.4776068329811096, 0.566881537437439], [0.4776068329811096, 0.566881537437439], [0.4776068329811096, 0.566881537437439], [0.4776068329811096, 0.566881537437439], [0.4776068329811096, 0.566881537437439], [0.4776068329811096, 0.566881537437439], [0.4776068329811096, 0.566881537437439], [0.4776068329811096, 0.566881537437439], [0.4776068329811096, 0.566881537437439], [0.4776068329811096, 0.566881537437439]]
[epoch 30] Actual Positions:    [[0.2222222238779068, 0.6666666865348816], [0.6666666865348816, 1.0], [0.4444444477558136, 0.8888888955116272], [1.0, 0.3333333432674408], [0.4444444477558136, 0.4444444477558136], [0.2222222238779068, 0.2222222238779068], [0.3333333432674408, 0.8888888955116272], [0.6666666865348816, 0.0], [0.7777777910232544, 0.3333333432674408], [0.0, 0.8888888955116272]]
[epoch 30] Predicted Actions: [5, 5, 5, 5, 5, 5, 5, 5, 5, 5]
[epoch 30] Actual Actions:    [5, 5, 5, 5, 5, 5, 5, 5, 5, 5]
[epoch 30] Predicted Positions: [[0.47759947180747986, 0.5668362975120544], [0.47759947180747986, 0.5668362975120544], [0.47759947180747986, 0.5668362975120544], [0.47759947180747986, 0.5668362975120544], [0.47759947180747986, 0.5668362975120544], [0.47759947180747986, 0.5668362975120544], [0.47759947180747986, 0.5668362975120544], [0.47759947180747986, 0.5668362975120544], [0.47759947180747986, 0.5668362975120544], [0.47759947180747986, 0.5668362975120544]]
[epoch 30] Actual Positions:    [[0.2222222238779068, 0.6666666865348816], [0.6666666865348816, 1.0], [0.4444444477558136, 0.8888888955116272], [1.0, 0.3333333432674408], [0.4444444477558136, 0.4444444477558136], [0.2222222238779068, 0.2222222238779068], [0.3333333432674408, 0.8888888955116272], [0.6666666865348816, 0.0], [0.7777777910232544, 0.3333333432674408], [0.0, 0.8888888955116272]]
[epoch 31] Predicted Actions: [5, 5, 5, 5, 5, 5, 5, 5, 5, 5]
[epoch 31] Actual Actions:    [5, 5, 5, 5, 5, 5, 5, 5, 5, 5]
[epoch 31] Predicted Positions: [[0.47759366035461426, 0.5667974352836609], [0.47759366035461426, 0.5667974352836609], [0.47759366035461426, 0.5667974352836609], [0.47759366035461426, 0.5667974352836609], [0.47759366035461426, 0.5667974352836609], [0.47759366035461426, 0.5667974352836609], [0.47759366035461426, 0.5667974352836609], [0.47759366035461426, 0.5667974352836609], [0.47759366035461426, 0.5667974352836609], [0.47759366035461426, 0.5667974352836609]]
[epoch 31] Actual Positions:    [[0.2222222238779068, 0.6666666865348816], [0.6666666865348816, 1.0], [0.4444444477558136, 0.8888888955116272], [1.0, 0.3333333432674408], [0.4444444477558136, 0.4444444477558136], [0.2222222238779068, 0.2222222238779068], [0.3333333432674408, 0.8888888955116272], [0.6666666865348816, 0.0], [0.7777777910232544, 0.3333333432674408], [0.0, 0.8888888955116272]]
[epoch 31] Predicted Actions: [5, 5, 5, 5, 5, 5, 5, 5, 5, 5]
[epoch 31] Actual Actions:    [5, 5, 5, 5, 5, 5, 5, 5, 5, 5]
[epoch 31] Predicted Positions: [[0.47758954763412476, 0.5667651891708374], [0.47758954763412476, 0.5667651891708374], [0.47758954763412476, 0.5667651891708374], [0.47758954763412476, 0.5667651891708374], [0.47758954763412476, 0.5667651891708374], [0.47758954763412476, 0.5667651891708374], [0.47758954763412476, 0.5667651891708374], [0.47758954763412476, 0.5667651891708374], [0.47758954763412476, 0.5667651891708374], [0.47758954763412476, 0.5667651891708374]]
[epoch 31] Actual Positions:    [[0.2222222238779068, 0.6666666865348816], [0.6666666865348816, 1.0], [0.4444444477558136, 0.8888888955116272], [1.0, 0.3333333432674408], [0.4444444477558136, 0.4444444477558136], [0.2222222238779068, 0.2222222238779068], [0.3333333432674408, 0.8888888955116272], [0.6666666865348816, 0.0], [0.7777777910232544, 0.3333333432674408], [0.0, 0.8888888955116272]]
[epoch 31] Predicted Actions: [5, 5, 5, 5, 5, 5, 5, 5, 5, 5]
[epoch 31] Actual Actions:    [5, 5, 5, 5, 5, 5, 5, 5, 5, 5]
[epoch 31] Predicted Positions: [[0.4775867164134979, 0.566738486289978], [0.4775867164134979, 0.566738486289978], [0.4775867164134979, 0.566738486289978], [0.4775867164134979, 0.566738486289978], [0.4775867164134979, 0.566738486289978], [0.4775867164134979, 0.566738486289978], [0.4775867164134979, 0.566738486289978], [0.4775867164134979, 0.566738486289978], [0.4775867164134979, 0.566738486289978], [0.4775867164134979, 0.566738486289978]]
[epoch 31] Actual Positions:    [[0.2222222238779068, 0.6666666865348816], [0.6666666865348816, 1.0], [0.4444444477558136, 0.8888888955116272], [1.0, 0.3333333432674408], [0.4444444477558136, 0.4444444477558136], [0.2222222238779068, 0.2222222238779068], [0.3333333432674408, 0.8888888955116272], [0.6666666865348816, 0.0], [0.7777777910232544, 0.3333333432674408], [0.0, 0.8888888955116272]]
[epoch 31] Predicted Actions: [5, 5, 5, 5, 5, 5, 5, 5, 5, 5]
[epoch 31] Actual Actions:    [5, 5, 5, 5, 5, 5, 5, 5, 5, 5]
[epoch 31] Predicted Positions: [[0.47758522629737854, 0.5667170286178589], [0.47758522629737854, 0.5667170286178589], [0.47758522629737854, 0.5667170286178589], [0.47758522629737854, 0.5667170286178589], [0.47758522629737854, 0.5667170286178589], [0.47758522629737854, 0.5667170286178589], [0.47758522629737854, 0.5667170286178589], [0.47758522629737854, 0.5667170286178589], [0.47758522629737854, 0.5667170286178589], [0.47758522629737854, 0.5667170286178589]]
[epoch 31] Actual Positions:    [[0.2222222238779068, 0.6666666865348816], [0.6666666865348816, 1.0], [0.4444444477558136, 0.8888888955116272], [1.0, 0.3333333432674408], [0.4444444477558136, 0.4444444477558136], [0.2222222238779068, 0.2222222238779068], [0.3333333432674408, 0.8888888955116272], [0.6666666865348816, 0.0], [0.7777777910232544, 0.3333333432674408], [0.0, 0.8888888955116272]]
[epoch 31] Predicted Actions: [5, 5, 5, 5, 5, 5, 5, 5, 5, 5]
[epoch 31] Actual Actions:    [5, 5, 5, 5, 5, 5, 5, 5, 5, 5]
[epoch 31] Predicted Positions: [[0.47758495807647705, 0.5667005181312561], [0.47758495807647705, 0.5667005181312561], [0.47758495807647705, 0.5667005181312561], [0.47758495807647705, 0.5667005181312561], [0.47758495807647705, 0.5667005181312561], [0.47758495807647705, 0.5667005181312561], [0.47758495807647705, 0.5667005181312561], [0.47758495807647705, 0.5667005181312561], [0.47758495807647705, 0.5667005181312561], [0.47758495807647705, 0.5667005181312561]]
[epoch 31] Actual Positions:    [[0.2222222238779068, 0.6666666865348816], [0.6666666865348816, 1.0], [0.4444444477558136, 0.8888888955116272], [1.0, 0.3333333432674408], [0.4444444477558136, 0.4444444477558136], [0.2222222238779068, 0.2222222238779068], [0.3333333432674408, 0.8888888955116272], [0.6666666865348816, 0.0], [0.7777777910232544, 0.3333333432674408], [0.0, 0.8888888955116272]]
[epoch 32] Predicted Actions: [5, 5, 5, 5, 5, 5, 5, 5, 5, 5]
[epoch 32] Actual Actions:    [5, 5, 5, 5, 5, 5, 5, 5, 5, 5]
[epoch 32] Predicted Positions: [[0.47758588194847107, 0.5666884183883667], [0.47758588194847107, 0.5666884183883667], [0.47758588194847107, 0.5666884183883667], [0.47758588194847107, 0.5666884183883667], [0.47758588194847107, 0.5666884183883667], [0.47758588194847107, 0.5666884183883667], [0.47758588194847107, 0.5666884183883667], [0.47758588194847107, 0.5666884183883667], [0.47758588194847107, 0.5666884183883667], [0.47758588194847107, 0.5666884183883667]]
[epoch 32] Actual Positions:    [[0.2222222238779068, 0.6666666865348816], [0.6666666865348816, 1.0], [0.4444444477558136, 0.8888888955116272], [1.0, 0.3333333432674408], [0.4444444477558136, 0.4444444477558136], [0.2222222238779068, 0.2222222238779068], [0.3333333432674408, 0.8888888955116272], [0.6666666865348816, 0.0], [0.7777777910232544, 0.3333333432674408], [0.0, 0.8888888955116272]]
[epoch 32] Predicted Actions: [5, 5, 5, 5, 5, 5, 5, 5, 5, 5]
[epoch 32] Actual Actions:    [5, 5, 5, 5, 5, 5, 5, 5, 5, 5]
[epoch 32] Predicted Positions: [[0.4775877892971039, 0.5666807293891907], [0.4775877892971039, 0.5666807293891907], [0.4775877892971039, 0.5666807293891907], [0.4775877892971039, 0.5666807293891907], [0.4775877892971039, 0.5666807293891907], [0.4775877892971039, 0.5666807293891907], [0.4775877892971039, 0.5666807293891907], [0.4775877892971039, 0.5666807293891907], [0.4775877892971039, 0.5666807293891907], [0.4775877892971039, 0.5666807293891907]]
[epoch 32] Actual Positions:    [[0.2222222238779068, 0.6666666865348816], [0.6666666865348816, 1.0], [0.4444444477558136, 0.8888888955116272], [1.0, 0.3333333432674408], [0.4444444477558136, 0.4444444477558136], [0.2222222238779068, 0.2222222238779068], [0.3333333432674408, 0.8888888955116272], [0.6666666865348816, 0.0], [0.7777777910232544, 0.3333333432674408], [0.0, 0.8888888955116272]]
[epoch 32] Predicted Actions: [5, 5, 5, 5, 5, 5, 5, 5, 5, 5]
[epoch 32] Actual Actions:    [5, 5, 5, 5, 5, 5, 5, 5, 5, 5]
[epoch 32] Predicted Positions: [[0.4775906205177307, 0.5666767358779907], [0.4775906205177307, 0.5666767358779907], [0.4775906205177307, 0.5666767358779907], [0.4775906205177307, 0.5666767358779907], [0.4775906205177307, 0.5666767358779907], [0.4775906205177307, 0.5666767358779907], [0.4775906205177307, 0.5666767358779907], [0.4775906205177307, 0.5666767358779907], [0.4775906205177307, 0.5666767358779907], [0.4775906205177307, 0.5666767358779907]]
[epoch 32] Actual Positions:    [[0.2222222238779068, 0.6666666865348816], [0.6666666865348816, 1.0], [0.4444444477558136, 0.8888888955116272], [1.0, 0.3333333432674408], [0.4444444477558136, 0.4444444477558136], [0.2222222238779068, 0.2222222238779068], [0.3333333432674408, 0.8888888955116272], [0.6666666865348816, 0.0], [0.7777777910232544, 0.3333333432674408], [0.0, 0.8888888955116272]]
[epoch 32] Predicted Actions: [5, 5, 5, 5, 5, 5, 5, 5, 5, 5]
[epoch 32] Actual Actions:    [5, 5, 5, 5, 5, 5, 5, 5, 5, 5]
[epoch 32] Predicted Positions: [[0.47759419679641724, 0.566676139831543], [0.47759419679641724, 0.566676139831543], [0.47759419679641724, 0.566676139831543], [0.47759419679641724, 0.566676139831543], [0.47759419679641724, 0.566676139831543], [0.47759419679641724, 0.566676139831543], [0.47759419679641724, 0.566676139831543], [0.47759419679641724, 0.566676139831543], [0.47759419679641724, 0.566676139831543], [0.47759419679641724, 0.566676139831543]]
[epoch 32] Actual Positions:    [[0.2222222238779068, 0.6666666865348816], [0.6666666865348816, 1.0], [0.4444444477558136, 0.8888888955116272], [1.0, 0.3333333432674408], [0.4444444477558136, 0.4444444477558136], [0.2222222238779068, 0.2222222238779068], [0.3333333432674408, 0.8888888955116272], [0.6666666865348816, 0.0], [0.7777777910232544, 0.3333333432674408], [0.0, 0.8888888955116272]]
[epoch 32] Predicted Actions: [5, 5, 5, 5, 5, 5, 5, 5, 5, 5]
[epoch 32] Actual Actions:    [5, 5, 5, 5, 5, 5, 5, 5, 5, 5]
[epoch 32] Predicted Positions: [[0.47759854793548584, 0.5666786432266235], [0.47759854793548584, 0.5666786432266235], [0.47759854793548584, 0.5666786432266235], [0.47759854793548584, 0.5666786432266235], [0.47759854793548584, 0.5666786432266235], [0.47759854793548584, 0.5666786432266235], [0.47759854793548584, 0.5666786432266235], [0.47759854793548584, 0.5666786432266235], [0.47759854793548584, 0.5666786432266235], [0.47759854793548584, 0.5666786432266235]]
[epoch 32] Actual Positions:    [[0.2222222238779068, 0.6666666865348816], [0.6666666865348816, 1.0], [0.4444444477558136, 0.8888888955116272], [1.0, 0.3333333432674408], [0.4444444477558136, 0.4444444477558136], [0.2222222238779068, 0.2222222238779068], [0.3333333432674408, 0.8888888955116272], [0.6666666865348816, 0.0], [0.7777777910232544, 0.3333333432674408], [0.0, 0.8888888955116272]]
[epoch 33] Predicted Actions: [5, 5, 5, 5, 5, 5, 5, 5, 5, 5]
[epoch 33] Actual Actions:    [5, 5, 5, 5, 5, 5, 5, 5, 5, 5]
[epoch 33] Predicted Positions: [[0.4776034653186798, 0.5666838884353638], [0.4776034653186798, 0.5666838884353638], [0.4776034653186798, 0.5666838884353638], [0.4776034653186798, 0.5666838884353638], [0.4776034653186798, 0.5666838884353638], [0.4776034653186798, 0.5666838884353638], [0.4776034653186798, 0.5666838884353638], [0.4776034653186798, 0.5666838884353638], [0.4776034653186798, 0.5666838884353638], [0.4776034653186798, 0.5666838884353638]]
[epoch 33] Actual Positions:    [[0.2222222238779068, 0.6666666865348816], [0.6666666865348816, 1.0], [0.4444444477558136, 0.8888888955116272], [1.0, 0.3333333432674408], [0.4444444477558136, 0.4444444477558136], [0.2222222238779068, 0.2222222238779068], [0.3333333432674408, 0.8888888955116272], [0.6666666865348816, 0.0], [0.7777777910232544, 0.3333333432674408], [0.0, 0.8888888955116272]]
[epoch 33] Predicted Actions: [5, 5, 5, 5, 5, 5, 5, 5, 5, 5]
[epoch 33] Actual Actions:    [5, 5, 5, 5, 5, 5, 5, 5, 5, 5]
[epoch 33] Predicted Positions: [[0.4776088297367096, 0.5666913986206055], [0.4776088297367096, 0.5666913986206055], [0.4776088297367096, 0.5666913986206055], [0.4776088297367096, 0.5666913986206055], [0.4776088297367096, 0.5666913986206055], [0.4776088297367096, 0.5666913986206055], [0.4776088297367096, 0.5666913986206055], [0.4776088297367096, 0.5666913986206055], [0.4776088297367096, 0.5666913986206055], [0.4776088297367096, 0.5666913986206055]]
[epoch 33] Actual Positions:    [[0.2222222238779068, 0.6666666865348816], [0.6666666865348816, 1.0], [0.4444444477558136, 0.8888888955116272], [1.0, 0.3333333432674408], [0.4444444477558136, 0.4444444477558136], [0.2222222238779068, 0.2222222238779068], [0.3333333432674408, 0.8888888955116272], [0.6666666865348816, 0.0], [0.7777777910232544, 0.3333333432674408], [0.0, 0.8888888955116272]]
[epoch 33] Predicted Actions: [5, 5, 5, 5, 5, 5, 5, 5, 5, 5]
[epoch 33] Actual Actions:    [5, 5, 5, 5, 5, 5, 5, 5, 5, 5]
[epoch 33] Predicted Positions: [[0.4776146709918976, 0.5667009353637695], [0.4776146709918976, 0.5667009353637695], [0.4776146709918976, 0.5667009353637695], [0.4776146709918976, 0.5667009353637695], [0.4776146709918976, 0.5667009353637695], [0.4776146709918976, 0.5667009353637695], [0.4776146709918976, 0.5667009353637695], [0.4776146709918976, 0.5667009353637695], [0.4776146709918976, 0.5667009353637695], [0.4776146709918976, 0.5667009353637695]]
[epoch 33] Actual Positions:    [[0.2222222238779068, 0.6666666865348816], [0.6666666865348816, 1.0], [0.4444444477558136, 0.8888888955116272], [1.0, 0.3333333432674408], [0.4444444477558136, 0.4444444477558136], [0.2222222238779068, 0.2222222238779068], [0.3333333432674408, 0.8888888955116272], [0.6666666865348816, 0.0], [0.7777777910232544, 0.3333333432674408], [0.0, 0.8888888955116272]]
[epoch 33] Predicted Actions: [5, 5, 5, 5, 5, 5, 5, 5, 5, 5]
[epoch 33] Actual Actions:    [5, 5, 5, 5, 5, 5, 5, 5, 5, 5]
[epoch 33] Predicted Positions: [[0.4776206910610199, 0.5667122006416321], [0.4776206910610199, 0.5667122006416321], [0.4776206910610199, 0.5667122006416321], [0.4776206910610199, 0.5667122006416321], [0.4776206910610199, 0.5667122006416321], [0.4776206910610199, 0.5667122006416321], [0.4776206910610199, 0.5667122006416321], [0.4776206910610199, 0.5667122006416321], [0.4776206910610199, 0.5667122006416321], [0.4776206910610199, 0.5667122006416321]]
[epoch 33] Actual Positions:    [[0.2222222238779068, 0.6666666865348816], [0.6666666865348816, 1.0], [0.4444444477558136, 0.8888888955116272], [1.0, 0.3333333432674408], [0.4444444477558136, 0.4444444477558136], [0.2222222238779068, 0.2222222238779068], [0.3333333432674408, 0.8888888955116272], [0.6666666865348816, 0.0], [0.7777777910232544, 0.3333333432674408], [0.0, 0.8888888955116272]]
[epoch 33] Predicted Actions: [5, 5, 5, 5, 5, 5, 5, 5, 5, 5]
[epoch 33] Actual Actions:    [5, 5, 5, 5, 5, 5, 5, 5, 5, 5]
[epoch 33] Predicted Positions: [[0.47762706875801086, 0.5667250156402588], [0.47762706875801086, 0.5667250156402588], [0.47762706875801086, 0.5667250156402588], [0.47762706875801086, 0.5667250156402588], [0.47762706875801086, 0.5667250156402588], [0.47762706875801086, 0.5667250156402588], [0.47762706875801086, 0.5667250156402588], [0.47762706875801086, 0.5667250156402588], [0.47762706875801086, 0.5667250156402588], [0.47762706875801086, 0.5667250156402588]]
[epoch 33] Actual Positions:    [[0.2222222238779068, 0.6666666865348816], [0.6666666865348816, 1.0], [0.4444444477558136, 0.8888888955116272], [1.0, 0.3333333432674408], [0.4444444477558136, 0.4444444477558136], [0.2222222238779068, 0.2222222238779068], [0.3333333432674408, 0.8888888955116272], [0.6666666865348816, 0.0], [0.7777777910232544, 0.3333333432674408], [0.0, 0.8888888955116272]]
[epoch 34] Predicted Actions: [5, 5, 5, 5, 5, 5, 5, 5, 5, 5]
[epoch 34] Actual Actions:    [5, 5, 5, 5, 5, 5, 5, 5, 5, 5]
[epoch 34] Predicted Positions: [[0.4776334762573242, 0.5667390823364258], [0.4776334762573242, 0.5667390823364258], [0.4776334762573242, 0.5667390823364258], [0.4776334762573242, 0.5667390823364258], [0.4776334762573242, 0.5667390823364258], [0.4776334762573242, 0.5667390823364258], [0.4776334762573242, 0.5667390823364258], [0.4776334762573242, 0.5667390823364258], [0.4776334762573242, 0.5667390823364258], [0.4776334762573242, 0.5667390823364258]]
[epoch 34] Actual Positions:    [[0.2222222238779068, 0.6666666865348816], [0.6666666865348816, 1.0], [0.4444444477558136, 0.8888888955116272], [1.0, 0.3333333432674408], [0.4444444477558136, 0.4444444477558136], [0.2222222238779068, 0.2222222238779068], [0.3333333432674408, 0.8888888955116272], [0.6666666865348816, 0.0], [0.7777777910232544, 0.3333333432674408], [0.0, 0.8888888955116272]]
[epoch 34] Predicted Actions: [5, 5, 5, 5, 5, 5, 5, 5, 5, 5]
[epoch 34] Actual Actions:    [5, 5, 5, 5, 5, 5, 5, 5, 5, 5]
[epoch 34] Predicted Positions: [[0.47763994336128235, 0.5667538642883301], [0.47763994336128235, 0.5667538642883301], [0.47763994336128235, 0.5667538642883301], [0.47763994336128235, 0.5667538642883301], [0.47763994336128235, 0.5667538642883301], [0.47763994336128235, 0.5667538642883301], [0.47763994336128235, 0.5667538642883301], [0.47763994336128235, 0.5667538642883301], [0.47763994336128235, 0.5667538642883301], [0.47763994336128235, 0.5667538642883301]]
[epoch 34] Actual Positions:    [[0.2222222238779068, 0.6666666865348816], [0.6666666865348816, 1.0], [0.4444444477558136, 0.8888888955116272], [1.0, 0.3333333432674408], [0.4444444477558136, 0.4444444477558136], [0.2222222238779068, 0.2222222238779068], [0.3333333432674408, 0.8888888955116272], [0.6666666865348816, 0.0], [0.7777777910232544, 0.3333333432674408], [0.0, 0.8888888955116272]]
[epoch 34] Predicted Actions: [5, 5, 5, 5, 5, 5, 5, 5, 5, 5]
[epoch 34] Actual Actions:    [5, 5, 5, 5, 5, 5, 5, 5, 5, 5]
[epoch 34] Predicted Positions: [[0.4776463806629181, 0.5667693614959717], [0.4776463806629181, 0.5667693614959717], [0.4776463806629181, 0.5667693614959717], [0.4776463806629181, 0.5667693614959717], [0.4776463806629181, 0.5667693614959717], [0.4776463806629181, 0.5667693614959717], [0.4776463806629181, 0.5667693614959717], [0.4776463806629181, 0.5667693614959717], [0.4776463806629181, 0.5667693614959717], [0.4776463806629181, 0.5667693614959717]]
[epoch 34] Actual Positions:    [[0.2222222238779068, 0.6666666865348816], [0.6666666865348816, 1.0], [0.4444444477558136, 0.8888888955116272], [1.0, 0.3333333432674408], [0.4444444477558136, 0.4444444477558136], [0.2222222238779068, 0.2222222238779068], [0.3333333432674408, 0.8888888955116272], [0.6666666865348816, 0.0], [0.7777777910232544, 0.3333333432674408], [0.0, 0.8888888955116272]]
[epoch 34] Predicted Actions: [5, 5, 5, 5, 5, 5, 5, 5, 5, 5]
[epoch 34] Actual Actions:    [5, 5, 5, 5, 5, 5, 5, 5, 5, 5]
[epoch 34] Predicted Positions: [[0.47765272855758667, 0.5667853355407715], [0.47765272855758667, 0.5667853355407715], [0.47765272855758667, 0.5667853355407715], [0.47765272855758667, 0.5667853355407715], [0.47765272855758667, 0.5667853355407715], [0.47765272855758667, 0.5667853355407715], [0.47765272855758667, 0.5667853355407715], [0.47765272855758667, 0.5667853355407715], [0.47765272855758667, 0.5667853355407715], [0.47765272855758667, 0.5667853355407715]]
[epoch 34] Actual Positions:    [[0.2222222238779068, 0.6666666865348816], [0.6666666865348816, 1.0], [0.4444444477558136, 0.8888888955116272], [1.0, 0.3333333432674408], [0.4444444477558136, 0.4444444477558136], [0.2222222238779068, 0.2222222238779068], [0.3333333432674408, 0.8888888955116272], [0.6666666865348816, 0.0], [0.7777777910232544, 0.3333333432674408], [0.0, 0.8888888955116272]]
[epoch 34] Predicted Actions: [5, 5, 5, 5, 5, 5, 5, 5, 5, 5]
[epoch 34] Actual Actions:    [5, 5, 5, 5, 5, 5, 5, 5, 5, 5]
[epoch 34] Predicted Positions: [[0.47765904664993286, 0.5668016076087952], [0.47765904664993286, 0.5668016076087952], [0.47765904664993286, 0.5668016076087952], [0.47765904664993286, 0.5668016076087952], [0.47765904664993286, 0.5668016076087952], [0.47765904664993286, 0.5668016076087952], [0.47765904664993286, 0.5668016076087952], [0.47765904664993286, 0.5668016076087952], [0.47765904664993286, 0.5668016076087952], [0.47765904664993286, 0.5668016076087952]]
[epoch 34] Actual Positions:    [[0.2222222238779068, 0.6666666865348816], [0.6666666865348816, 1.0], [0.4444444477558136, 0.8888888955116272], [1.0, 0.3333333432674408], [0.4444444477558136, 0.4444444477558136], [0.2222222238779068, 0.2222222238779068], [0.3333333432674408, 0.8888888955116272], [0.6666666865348816, 0.0], [0.7777777910232544, 0.3333333432674408], [0.0, 0.8888888955116272]]
[epoch 35] Predicted Actions: [5, 5, 5, 5, 5, 5, 5, 5, 5, 5]
[epoch 35] Actual Actions:    [5, 5, 5, 5, 5, 5, 5, 5, 5, 5]
[epoch 35] Predicted Positions: [[0.47766512632369995, 0.5668180584907532], [0.47766512632369995, 0.5668180584907532], [0.47766512632369995, 0.5668180584907532], [0.47766512632369995, 0.5668180584907532], [0.47766512632369995, 0.5668180584907532], [0.47766512632369995, 0.5668180584907532], [0.47766512632369995, 0.5668180584907532], [0.47766512632369995, 0.5668180584907532], [0.47766512632369995, 0.5668180584907532], [0.47766512632369995, 0.5668180584907532]]
[epoch 35] Actual Positions:    [[0.2222222238779068, 0.6666666865348816], [0.6666666865348816, 1.0], [0.4444444477558136, 0.8888888955116272], [1.0, 0.3333333432674408], [0.4444444477558136, 0.4444444477558136], [0.2222222238779068, 0.2222222238779068], [0.3333333432674408, 0.8888888955116272], [0.6666666865348816, 0.0], [0.7777777910232544, 0.3333333432674408], [0.0, 0.8888888955116272]]
[epoch 35] Predicted Actions: [5, 5, 5, 5, 5, 5, 5, 5, 5, 5]
[epoch 35] Actual Actions:    [5, 5, 5, 5, 5, 5, 5, 5, 5, 5]
[epoch 35] Predicted Positions: [[0.47767096757888794, 0.5668342113494873], [0.47767096757888794, 0.5668342113494873], [0.47767096757888794, 0.5668342113494873], [0.47767096757888794, 0.5668342113494873], [0.47767096757888794, 0.5668342113494873], [0.47767096757888794, 0.5668342113494873], [0.47767096757888794, 0.5668342113494873], [0.47767096757888794, 0.5668342113494873], [0.47767096757888794, 0.5668342113494873], [0.47767096757888794, 0.5668342113494873]]
[epoch 35] Actual Positions:    [[0.2222222238779068, 0.6666666865348816], [0.6666666865348816, 1.0], [0.4444444477558136, 0.8888888955116272], [1.0, 0.3333333432674408], [0.4444444477558136, 0.4444444477558136], [0.2222222238779068, 0.2222222238779068], [0.3333333432674408, 0.8888888955116272], [0.6666666865348816, 0.0], [0.7777777910232544, 0.3333333432674408], [0.0, 0.8888888955116272]]
[epoch 35] Predicted Actions: [5, 5, 5, 5, 5, 5, 5, 5, 5, 5]
[epoch 35] Actual Actions:    [5, 5, 5, 5, 5, 5, 5, 5, 5, 5]
[epoch 35] Predicted Positions: [[0.47767651081085205, 0.5668501853942871], [0.47767651081085205, 0.5668501853942871], [0.47767651081085205, 0.5668501853942871], [0.47767651081085205, 0.5668501853942871], [0.47767651081085205, 0.5668501853942871], [0.47767651081085205, 0.5668501853942871], [0.47767651081085205, 0.5668501853942871], [0.47767651081085205, 0.5668501853942871], [0.47767651081085205, 0.5668501853942871], [0.47767651081085205, 0.5668501853942871]]
[epoch 35] Actual Positions:    [[0.2222222238779068, 0.6666666865348816], [0.6666666865348816, 1.0], [0.4444444477558136, 0.8888888955116272], [1.0, 0.3333333432674408], [0.4444444477558136, 0.4444444477558136], [0.2222222238779068, 0.2222222238779068], [0.3333333432674408, 0.8888888955116272], [0.6666666865348816, 0.0], [0.7777777910232544, 0.3333333432674408], [0.0, 0.8888888955116272]]
[epoch 35] Predicted Actions: [5, 5, 5, 5, 5, 5, 5, 5, 5, 5]
[epoch 35] Actual Actions:    [5, 5, 5, 5, 5, 5, 5, 5, 5, 5]
[epoch 35] Predicted Positions: [[0.4776817858219147, 0.5668658018112183], [0.4776817858219147, 0.5668658018112183], [0.4776817858219147, 0.5668658018112183], [0.4776817858219147, 0.5668658018112183], [0.4776817858219147, 0.5668658018112183], [0.4776817858219147, 0.5668658018112183], [0.4776817858219147, 0.5668658018112183], [0.4776817858219147, 0.5668658018112183], [0.4776817858219147, 0.5668658018112183], [0.4776817858219147, 0.5668658018112183]]
[epoch 35] Actual Positions:    [[0.2222222238779068, 0.6666666865348816], [0.6666666865348816, 1.0], [0.4444444477558136, 0.8888888955116272], [1.0, 0.3333333432674408], [0.4444444477558136, 0.4444444477558136], [0.2222222238779068, 0.2222222238779068], [0.3333333432674408, 0.8888888955116272], [0.6666666865348816, 0.0], [0.7777777910232544, 0.3333333432674408], [0.0, 0.8888888955116272]]
[epoch 35] Predicted Actions: [5, 5, 5, 5, 5, 5, 5, 5, 5, 5]
[epoch 35] Actual Actions:    [5, 5, 5, 5, 5, 5, 5, 5, 5, 5]
[epoch 35] Predicted Positions: [[0.4776867926120758, 0.5668809413909912], [0.4776867926120758, 0.5668809413909912], [0.4776867926120758, 0.5668809413909912], [0.4776867926120758, 0.5668809413909912], [0.4776867926120758, 0.5668809413909912], [0.4776867926120758, 0.5668809413909912], [0.4776867926120758, 0.5668809413909912], [0.4776867926120758, 0.5668809413909912], [0.4776867926120758, 0.5668809413909912], [0.4776867926120758, 0.5668809413909912]]
[epoch 35] Actual Positions:    [[0.2222222238779068, 0.6666666865348816], [0.6666666865348816, 1.0], [0.4444444477558136, 0.8888888955116272], [1.0, 0.3333333432674408], [0.4444444477558136, 0.4444444477558136], [0.2222222238779068, 0.2222222238779068], [0.3333333432674408, 0.8888888955116272], [0.6666666865348816, 0.0], [0.7777777910232544, 0.3333333432674408], [0.0, 0.8888888955116272]]
[epoch 36] Predicted Actions: [5, 5, 5, 5, 5, 5, 5, 5, 5, 5]
[epoch 36] Actual Actions:    [5, 5, 5, 5, 5, 5, 5, 5, 5, 5]
[epoch 36] Predicted Positions: [[0.4776914715766907, 0.566895604133606], [0.4776914715766907, 0.566895604133606], [0.4776914715766907, 0.566895604133606], [0.4776914715766907, 0.566895604133606], [0.4776914715766907, 0.566895604133606], [0.4776914715766907, 0.566895604133606], [0.4776914715766907, 0.566895604133606], [0.4776914715766907, 0.566895604133606], [0.4776914715766907, 0.566895604133606], [0.4776914715766907, 0.566895604133606]]
[epoch 36] Actual Positions:    [[0.2222222238779068, 0.6666666865348816], [0.6666666865348816, 1.0], [0.4444444477558136, 0.8888888955116272], [1.0, 0.3333333432674408], [0.4444444477558136, 0.4444444477558136], [0.2222222238779068, 0.2222222238779068], [0.3333333432674408, 0.8888888955116272], [0.6666666865348816, 0.0], [0.7777777910232544, 0.3333333432674408], [0.0, 0.8888888955116272]]
[epoch 36] Predicted Actions: [5, 5, 5, 5, 5, 5, 5, 5, 5, 5]
[epoch 36] Actual Actions:    [5, 5, 5, 5, 5, 5, 5, 5, 5, 5]
[epoch 36] Predicted Positions: [[0.4776957035064697, 0.5669094324111938], [0.4776957035064697, 0.5669094324111938], [0.4776957035064697, 0.5669094324111938], [0.4776957035064697, 0.5669094324111938], [0.4776957035064697, 0.5669094324111938], [0.4776957035064697, 0.5669094324111938], [0.4776957035064697, 0.5669094324111938], [0.4776957035064697, 0.5669094324111938], [0.4776957035064697, 0.5669094324111938], [0.4776957035064697, 0.5669094324111938]]
[epoch 36] Actual Positions:    [[0.2222222238779068, 0.6666666865348816], [0.6666666865348816, 1.0], [0.4444444477558136, 0.8888888955116272], [1.0, 0.3333333432674408], [0.4444444477558136, 0.4444444477558136], [0.2222222238779068, 0.2222222238779068], [0.3333333432674408, 0.8888888955116272], [0.6666666865348816, 0.0], [0.7777777910232544, 0.3333333432674408], [0.0, 0.8888888955116272]]
[epoch 36] Predicted Actions: [5, 5, 5, 5, 5, 5, 5, 5, 5, 5]
[epoch 36] Actual Actions:    [5, 5, 5, 5, 5, 5, 5, 5, 5, 5]
[epoch 36] Predicted Positions: [[0.4776996672153473, 0.5669225454330444], [0.4776996672153473, 0.5669225454330444], [0.4776996672153473, 0.5669225454330444], [0.4776996672153473, 0.5669225454330444], [0.4776996672153473, 0.5669225454330444], [0.4776996672153473, 0.5669225454330444], [0.4776996672153473, 0.5669225454330444], [0.4776996672153473, 0.5669225454330444], [0.4776996672153473, 0.5669225454330444], [0.4776996672153473, 0.5669225454330444]]
[epoch 36] Actual Positions:    [[0.2222222238779068, 0.6666666865348816], [0.6666666865348816, 1.0], [0.4444444477558136, 0.8888888955116272], [1.0, 0.3333333432674408], [0.4444444477558136, 0.4444444477558136], [0.2222222238779068, 0.2222222238779068], [0.3333333432674408, 0.8888888955116272], [0.6666666865348816, 0.0], [0.7777777910232544, 0.3333333432674408], [0.0, 0.8888888955116272]]
[epoch 36] Predicted Actions: [5, 5, 5, 5, 5, 5, 5, 5, 5, 5]
[epoch 36] Actual Actions:    [5, 5, 5, 5, 5, 5, 5, 5, 5, 5]
[epoch 36] Predicted Positions: [[0.477703332901001, 0.5669348835945129], [0.477703332901001, 0.5669348835945129], [0.477703332901001, 0.5669348835945129], [0.477703332901001, 0.5669348835945129], [0.477703332901001, 0.5669348835945129], [0.477703332901001, 0.5669348835945129], [0.477703332901001, 0.5669348835945129], [0.477703332901001, 0.5669348835945129], [0.477703332901001, 0.5669348835945129], [0.477703332901001, 0.5669348835945129]]
[epoch 36] Actual Positions:    [[0.2222222238779068, 0.6666666865348816], [0.6666666865348816, 1.0], [0.4444444477558136, 0.8888888955116272], [1.0, 0.3333333432674408], [0.4444444477558136, 0.4444444477558136], [0.2222222238779068, 0.2222222238779068], [0.3333333432674408, 0.8888888955116272], [0.6666666865348816, 0.0], [0.7777777910232544, 0.3333333432674408], [0.0, 0.8888888955116272]]
[epoch 36] Predicted Actions: [5, 5, 5, 5, 5, 5, 5, 5, 5, 5]
[epoch 36] Actual Actions:    [5, 5, 5, 5, 5, 5, 5, 5, 5, 5]
[epoch 36] Predicted Positions: [[0.47770658135414124, 0.5669464468955994], [0.47770658135414124, 0.5669464468955994], [0.47770658135414124, 0.5669464468955994], [0.47770658135414124, 0.5669464468955994], [0.47770658135414124, 0.5669464468955994], [0.47770658135414124, 0.5669464468955994], [0.47770658135414124, 0.5669464468955994], [0.47770658135414124, 0.5669464468955994], [0.47770658135414124, 0.5669464468955994], [0.47770658135414124, 0.5669464468955994]]
[epoch 36] Actual Positions:    [[0.2222222238779068, 0.6666666865348816], [0.6666666865348816, 1.0], [0.4444444477558136, 0.8888888955116272], [1.0, 0.3333333432674408], [0.4444444477558136, 0.4444444477558136], [0.2222222238779068, 0.2222222238779068], [0.3333333432674408, 0.8888888955116272], [0.6666666865348816, 0.0], [0.7777777910232544, 0.3333333432674408], [0.0, 0.8888888955116272]]
[epoch 37] Predicted Actions: [5, 5, 5, 5, 5, 5, 5, 5, 5, 5]
[epoch 37] Actual Actions:    [5, 5, 5, 5, 5, 5, 5, 5, 5, 5]
[epoch 37] Predicted Positions: [[0.47770947217941284, 0.5669571757316589], [0.47770947217941284, 0.5669571757316589], [0.47770947217941284, 0.5669571757316589], [0.47770947217941284, 0.5669571757316589], [0.47770947217941284, 0.5669571757316589], [0.47770947217941284, 0.5669571757316589], [0.47770947217941284, 0.5669571757316589], [0.47770947217941284, 0.5669571757316589], [0.47770947217941284, 0.5669571757316589], [0.47770947217941284, 0.5669571757316589]]
[epoch 37] Actual Positions:    [[0.2222222238779068, 0.6666666865348816], [0.6666666865348816, 1.0], [0.4444444477558136, 0.8888888955116272], [1.0, 0.3333333432674408], [0.4444444477558136, 0.4444444477558136], [0.2222222238779068, 0.2222222238779068], [0.3333333432674408, 0.8888888955116272], [0.6666666865348816, 0.0], [0.7777777910232544, 0.3333333432674408], [0.0, 0.8888888955116272]]
[epoch 37] Predicted Actions: [5, 5, 5, 5, 5, 5, 5, 5, 5, 5]
[epoch 37] Actual Actions:    [5, 5, 5, 5, 5, 5, 5, 5, 5, 5]
[epoch 37] Predicted Positions: [[0.4777120351791382, 0.5669668316841125], [0.4777120351791382, 0.5669668316841125], [0.4777120351791382, 0.5669668316841125], [0.4777120351791382, 0.5669668316841125], [0.4777120351791382, 0.5669668316841125], [0.4777120351791382, 0.5669668316841125], [0.4777120351791382, 0.5669668316841125], [0.4777120351791382, 0.5669668316841125], [0.4777120351791382, 0.5669668316841125], [0.4777120351791382, 0.5669668316841125]]
[epoch 37] Actual Positions:    [[0.2222222238779068, 0.6666666865348816], [0.6666666865348816, 1.0], [0.4444444477558136, 0.8888888955116272], [1.0, 0.3333333432674408], [0.4444444477558136, 0.4444444477558136], [0.2222222238779068, 0.2222222238779068], [0.3333333432674408, 0.8888888955116272], [0.6666666865348816, 0.0], [0.7777777910232544, 0.3333333432674408], [0.0, 0.8888888955116272]]
[epoch 37] Predicted Actions: [5, 5, 5, 5, 5, 5, 5, 5, 5, 5]
[epoch 37] Actual Actions:    [5, 5, 5, 5, 5, 5, 5, 5, 5, 5]
[epoch 37] Predicted Positions: [[0.47771427035331726, 0.5669756531715393], [0.47771427035331726, 0.5669756531715393], [0.47771427035331726, 0.5669756531715393], [0.47771427035331726, 0.5669756531715393], [0.47771427035331726, 0.5669756531715393], [0.47771427035331726, 0.5669756531715393], [0.47771427035331726, 0.5669756531715393], [0.47771427035331726, 0.5669756531715393], [0.47771427035331726, 0.5669756531715393], [0.47771427035331726, 0.5669756531715393]]
[epoch 37] Actual Positions:    [[0.2222222238779068, 0.6666666865348816], [0.6666666865348816, 1.0], [0.4444444477558136, 0.8888888955116272], [1.0, 0.3333333432674408], [0.4444444477558136, 0.4444444477558136], [0.2222222238779068, 0.2222222238779068], [0.3333333432674408, 0.8888888955116272], [0.6666666865348816, 0.0], [0.7777777910232544, 0.3333333432674408], [0.0, 0.8888888955116272]]
[epoch 37] Predicted Actions: [5, 5, 5, 5, 5, 5, 5, 5, 5, 5]
[epoch 37] Actual Actions:    [5, 5, 5, 5, 5, 5, 5, 5, 5, 5]
[epoch 37] Predicted Positions: [[0.4777161777019501, 0.5669835805892944], [0.4777161777019501, 0.5669835805892944], [0.4777161777019501, 0.5669835805892944], [0.4777161777019501, 0.5669835805892944], [0.4777161777019501, 0.5669835805892944], [0.4777161777019501, 0.5669835805892944], [0.4777161777019501, 0.5669835805892944], [0.4777161777019501, 0.5669835805892944], [0.4777161777019501, 0.5669835805892944], [0.4777161777019501, 0.5669835805892944]]
[epoch 37] Actual Positions:    [[0.2222222238779068, 0.6666666865348816], [0.6666666865348816, 1.0], [0.4444444477558136, 0.8888888955116272], [1.0, 0.3333333432674408], [0.4444444477558136, 0.4444444477558136], [0.2222222238779068, 0.2222222238779068], [0.3333333432674408, 0.8888888955116272], [0.6666666865348816, 0.0], [0.7777777910232544, 0.3333333432674408], [0.0, 0.8888888955116272]]
[epoch 37] Predicted Actions: [5, 5, 5, 5, 5, 5, 5, 5, 5, 5]
[epoch 37] Actual Actions:    [5, 5, 5, 5, 5, 5, 5, 5, 5, 5]
[epoch 37] Predicted Positions: [[0.477717787027359, 0.5669906139373779], [0.477717787027359, 0.5669906139373779], [0.477717787027359, 0.5669906139373779], [0.477717787027359, 0.5669906139373779], [0.477717787027359, 0.5669906139373779], [0.477717787027359, 0.5669906139373779], [0.477717787027359, 0.5669906139373779], [0.477717787027359, 0.5669906139373779], [0.477717787027359, 0.5669906139373779], [0.477717787027359, 0.5669906139373779]]
[epoch 37] Actual Positions:    [[0.2222222238779068, 0.6666666865348816], [0.6666666865348816, 1.0], [0.4444444477558136, 0.8888888955116272], [1.0, 0.3333333432674408], [0.4444444477558136, 0.4444444477558136], [0.2222222238779068, 0.2222222238779068], [0.3333333432674408, 0.8888888955116272], [0.6666666865348816, 0.0], [0.7777777910232544, 0.3333333432674408], [0.0, 0.8888888955116272]]
[epoch 38] Predicted Actions: [5, 5, 5, 5, 5, 5, 5, 5, 5, 5]
[epoch 38] Actual Actions:    [5, 5, 5, 5, 5, 5, 5, 5, 5, 5]
[epoch 38] Predicted Positions: [[0.4777192175388336, 0.5669968128204346], [0.4777192175388336, 0.5669968128204346], [0.4777192175388336, 0.5669968128204346], [0.4777192175388336, 0.5669968128204346], [0.4777192175388336, 0.5669968128204346], [0.4777192175388336, 0.5669968128204346], [0.4777192175388336, 0.5669968128204346], [0.4777192175388336, 0.5669968128204346], [0.4777192175388336, 0.5669968128204346], [0.4777192175388336, 0.5669968128204346]]
[epoch 38] Actual Positions:    [[0.2222222238779068, 0.6666666865348816], [0.6666666865348816, 1.0], [0.4444444477558136, 0.8888888955116272], [1.0, 0.3333333432674408], [0.4444444477558136, 0.4444444477558136], [0.2222222238779068, 0.2222222238779068], [0.3333333432674408, 0.8888888955116272], [0.6666666865348816, 0.0], [0.7777777910232544, 0.3333333432674408], [0.0, 0.8888888955116272]]
[epoch 38] Predicted Actions: [5, 5, 5, 5, 5, 5, 5, 5, 5, 5]
[epoch 38] Actual Actions:    [5, 5, 5, 5, 5, 5, 5, 5, 5, 5]
[epoch 38] Predicted Positions: [[0.4777202904224396, 0.5670020580291748], [0.4777202904224396, 0.5670020580291748], [0.4777202904224396, 0.5670020580291748], [0.4777202904224396, 0.5670020580291748], [0.4777202904224396, 0.5670020580291748], [0.4777202904224396, 0.5670020580291748], [0.4777202904224396, 0.5670020580291748], [0.4777202904224396, 0.5670020580291748], [0.4777202904224396, 0.5670020580291748], [0.4777202904224396, 0.5670020580291748]]
[epoch 38] Actual Positions:    [[0.2222222238779068, 0.6666666865348816], [0.6666666865348816, 1.0], [0.4444444477558136, 0.8888888955116272], [1.0, 0.3333333432674408], [0.4444444477558136, 0.4444444477558136], [0.2222222238779068, 0.2222222238779068], [0.3333333432674408, 0.8888888955116272], [0.6666666865348816, 0.0], [0.7777777910232544, 0.3333333432674408], [0.0, 0.8888888955116272]]
[epoch 38] Predicted Actions: [5, 5, 5, 5, 5, 5, 5, 5, 5, 5]
[epoch 38] Actual Actions:    [5, 5, 5, 5, 5, 5, 5, 5, 5, 5]
[epoch 38] Predicted Positions: [[0.4777211844921112, 0.5670064091682434], [0.4777211844921112, 0.5670064091682434], [0.4777211844921112, 0.5670064091682434], [0.4777211844921112, 0.5670064091682434], [0.4777211844921112, 0.5670064091682434], [0.4777211844921112, 0.5670064091682434], [0.4777211844921112, 0.5670064091682434], [0.4777211844921112, 0.5670064091682434], [0.4777211844921112, 0.5670064091682434], [0.4777211844921112, 0.5670064091682434]]
[epoch 38] Actual Positions:    [[0.2222222238779068, 0.6666666865348816], [0.6666666865348816, 1.0], [0.4444444477558136, 0.8888888955116272], [1.0, 0.3333333432674408], [0.4444444477558136, 0.4444444477558136], [0.2222222238779068, 0.2222222238779068], [0.3333333432674408, 0.8888888955116272], [0.6666666865348816, 0.0], [0.7777777910232544, 0.3333333432674408], [0.0, 0.8888888955116272]]
[epoch 38] Predicted Actions: [5, 5, 5, 5, 5, 5, 5, 5, 5, 5]
[epoch 38] Actual Actions:    [5, 5, 5, 5, 5, 5, 5, 5, 5, 5]
[epoch 38] Predicted Positions: [[0.47772184014320374, 0.5670099854469299], [0.47772184014320374, 0.5670099854469299], [0.47772184014320374, 0.5670099854469299], [0.47772184014320374, 0.5670099854469299], [0.47772184014320374, 0.5670099854469299], [0.47772184014320374, 0.5670099854469299], [0.47772184014320374, 0.5670099854469299], [0.47772184014320374, 0.5670099854469299], [0.47772184014320374, 0.5670099854469299], [0.47772184014320374, 0.5670099854469299]]
[epoch 38] Actual Positions:    [[0.2222222238779068, 0.6666666865348816], [0.6666666865348816, 1.0], [0.4444444477558136, 0.8888888955116272], [1.0, 0.3333333432674408], [0.4444444477558136, 0.4444444477558136], [0.2222222238779068, 0.2222222238779068], [0.3333333432674408, 0.8888888955116272], [0.6666666865348816, 0.0], [0.7777777910232544, 0.3333333432674408], [0.0, 0.8888888955116272]]
[epoch 38] Predicted Actions: [5, 5, 5, 5, 5, 5, 5, 5, 5, 5]
[epoch 38] Actual Actions:    [5, 5, 5, 5, 5, 5, 5, 5, 5, 5]
[epoch 38] Predicted Positions: [[0.47772225737571716, 0.5670127868652344], [0.47772225737571716, 0.5670127868652344], [0.47772225737571716, 0.5670127868652344], [0.47772225737571716, 0.5670127868652344], [0.47772225737571716, 0.5670127868652344], [0.47772225737571716, 0.5670127868652344], [0.47772225737571716, 0.5670127868652344], [0.47772225737571716, 0.5670127868652344], [0.47772225737571716, 0.5670127868652344], [0.47772225737571716, 0.5670127868652344]]
[epoch 38] Actual Positions:    [[0.2222222238779068, 0.6666666865348816], [0.6666666865348816, 1.0], [0.4444444477558136, 0.8888888955116272], [1.0, 0.3333333432674408], [0.4444444477558136, 0.4444444477558136], [0.2222222238779068, 0.2222222238779068], [0.3333333432674408, 0.8888888955116272], [0.6666666865348816, 0.0], [0.7777777910232544, 0.3333333432674408], [0.0, 0.8888888955116272]]
[epoch 39] Predicted Actions: [5, 5, 5, 5, 5, 5, 5, 5, 5, 5]
[epoch 39] Actual Actions:    [5, 5, 5, 5, 5, 5, 5, 5, 5, 5]
[epoch 39] Predicted Positions: [[0.4777224659919739, 0.5670148134231567], [0.4777224659919739, 0.5670148134231567], [0.4777224659919739, 0.5670148134231567], [0.4777224659919739, 0.5670148134231567], [0.4777224659919739, 0.5670148134231567], [0.4777224659919739, 0.5670148134231567], [0.4777224659919739, 0.5670148134231567], [0.4777224659919739, 0.5670148134231567], [0.4777224659919739, 0.5670148134231567], [0.4777224659919739, 0.5670148134231567]]
[epoch 39] Actual Positions:    [[0.2222222238779068, 0.6666666865348816], [0.6666666865348816, 1.0], [0.4444444477558136, 0.8888888955116272], [1.0, 0.3333333432674408], [0.4444444477558136, 0.4444444477558136], [0.2222222238779068, 0.2222222238779068], [0.3333333432674408, 0.8888888955116272], [0.6666666865348816, 0.0], [0.7777777910232544, 0.3333333432674408], [0.0, 0.8888888955116272]]
[epoch 39] Predicted Actions: [5, 5, 5, 5, 5, 5, 5, 5, 5, 5]
[epoch 39] Actual Actions:    [5, 5, 5, 5, 5, 5, 5, 5, 5, 5]
[epoch 39] Predicted Positions: [[0.4777225852012634, 0.5670161247253418], [0.4777225852012634, 0.5670161247253418], [0.4777225852012634, 0.5670161247253418], [0.4777225852012634, 0.5670161247253418], [0.4777225852012634, 0.5670161247253418], [0.4777225852012634, 0.5670161247253418], [0.4777225852012634, 0.5670161247253418], [0.4777225852012634, 0.5670161247253418], [0.4777225852012634, 0.5670161247253418], [0.4777225852012634, 0.5670161247253418]]
[epoch 39] Actual Positions:    [[0.2222222238779068, 0.6666666865348816], [0.6666666865348816, 1.0], [0.4444444477558136, 0.8888888955116272], [1.0, 0.3333333432674408], [0.4444444477558136, 0.4444444477558136], [0.2222222238779068, 0.2222222238779068], [0.3333333432674408, 0.8888888955116272], [0.6666666865348816, 0.0], [0.7777777910232544, 0.3333333432674408], [0.0, 0.8888888955116272]]
[epoch 39] Predicted Actions: [5, 5, 5, 5, 5, 5, 5, 5, 5, 5]
[epoch 39] Actual Actions:    [5, 5, 5, 5, 5, 5, 5, 5, 5, 5]
[epoch 39] Predicted Positions: [[0.4777225852012634, 0.5670167803764343], [0.4777225852012634, 0.5670167803764343], [0.4777225852012634, 0.5670167803764343], [0.4777225852012634, 0.5670167803764343], [0.4777225852012634, 0.5670167803764343], [0.4777225852012634, 0.5670167803764343], [0.4777225852012634, 0.5670167803764343], [0.4777225852012634, 0.5670167803764343], [0.4777225852012634, 0.5670167803764343], [0.4777225852012634, 0.5670167803764343]]
[epoch 39] Actual Positions:    [[0.2222222238779068, 0.6666666865348816], [0.6666666865348816, 1.0], [0.4444444477558136, 0.8888888955116272], [1.0, 0.3333333432674408], [0.4444444477558136, 0.4444444477558136], [0.2222222238779068, 0.2222222238779068], [0.3333333432674408, 0.8888888955116272], [0.6666666865348816, 0.0], [0.7777777910232544, 0.3333333432674408], [0.0, 0.8888888955116272]]
[epoch 39] Predicted Actions: [5, 5, 5, 5, 5, 5, 5, 5, 5, 5]
[epoch 39] Actual Actions:    [5, 5, 5, 5, 5, 5, 5, 5, 5, 5]
[epoch 39] Predicted Positions: [[0.4777224659919739, 0.5670167803764343], [0.4777224659919739, 0.5670167803764343], [0.4777224659919739, 0.5670167803764343], [0.4777224659919739, 0.5670167803764343], [0.4777224659919739, 0.5670167803764343], [0.4777224659919739, 0.5670167803764343], [0.4777224659919739, 0.5670167803764343], [0.4777224659919739, 0.5670167803764343], [0.4777224659919739, 0.5670167803764343], [0.4777224659919739, 0.5670167803764343]]
[epoch 39] Actual Positions:    [[0.2222222238779068, 0.6666666865348816], [0.6666666865348816, 1.0], [0.4444444477558136, 0.8888888955116272], [1.0, 0.3333333432674408], [0.4444444477558136, 0.4444444477558136], [0.2222222238779068, 0.2222222238779068], [0.3333333432674408, 0.8888888955116272], [0.6666666865348816, 0.0], [0.7777777910232544, 0.3333333432674408], [0.0, 0.8888888955116272]]
[epoch 39] Predicted Actions: [5, 5, 5, 5, 5, 5, 5, 5, 5, 5]
[epoch 39] Actual Actions:    [5, 5, 5, 5, 5, 5, 5, 5, 5, 5]
[epoch 39] Predicted Positions: [[0.47772225737571716, 0.5670162439346313], [0.47772225737571716, 0.5670162439346313], [0.47772225737571716, 0.5670162439346313], [0.47772225737571716, 0.5670162439346313], [0.47772225737571716, 0.5670162439346313], [0.47772225737571716, 0.5670162439346313], [0.47772225737571716, 0.5670162439346313], [0.47772225737571716, 0.5670162439346313], [0.47772225737571716, 0.5670162439346313], [0.47772225737571716, 0.5670162439346313]]
[epoch 39] Actual Positions:    [[0.2222222238779068, 0.6666666865348816], [0.6666666865348816, 1.0], [0.4444444477558136, 0.8888888955116272], [1.0, 0.3333333432674408], [0.4444444477558136, 0.4444444477558136], [0.2222222238779068, 0.2222222238779068], [0.3333333432674408, 0.8888888955116272], [0.6666666865348816, 0.0], [0.7777777910232544, 0.3333333432674408], [0.0, 0.8888888955116272]]
[epoch 40] Predicted Actions: [5, 5, 5, 5, 5, 5, 5, 5, 5, 5]
[epoch 40] Actual Actions:    [5, 5, 5, 5, 5, 5, 5, 5, 5, 5]
[epoch 40] Predicted Positions: [[0.4777219295501709, 0.5670151114463806], [0.4777219295501709, 0.5670151114463806], [0.4777219295501709, 0.5670151114463806], [0.4777219295501709, 0.5670151114463806], [0.4777219295501709, 0.5670151114463806], [0.4777219295501709, 0.5670151114463806], [0.4777219295501709, 0.5670151114463806], [0.4777219295501709, 0.5670151114463806], [0.4777219295501709, 0.5670151114463806], [0.4777219295501709, 0.5670151114463806]]
[epoch 40] Actual Positions:    [[0.2222222238779068, 0.6666666865348816], [0.6666666865348816, 1.0], [0.4444444477558136, 0.8888888955116272], [1.0, 0.3333333432674408], [0.4444444477558136, 0.4444444477558136], [0.2222222238779068, 0.2222222238779068], [0.3333333432674408, 0.8888888955116272], [0.6666666865348816, 0.0], [0.7777777910232544, 0.3333333432674408], [0.0, 0.8888888955116272]]
[epoch 40] Predicted Actions: [5, 5, 5, 5, 5, 5, 5, 5, 5, 5]
[epoch 40] Actual Actions:    [5, 5, 5, 5, 5, 5, 5, 5, 5, 5]
[epoch 40] Predicted Positions: [[0.47772154211997986, 0.5670135617256165], [0.47772154211997986, 0.5670135617256165], [0.47772154211997986, 0.5670135617256165], [0.47772154211997986, 0.5670135617256165], [0.47772154211997986, 0.5670135617256165], [0.47772154211997986, 0.5670135617256165], [0.47772154211997986, 0.5670135617256165], [0.47772154211997986, 0.5670135617256165], [0.47772154211997986, 0.5670135617256165], [0.47772154211997986, 0.5670135617256165]]
[epoch 40] Actual Positions:    [[0.2222222238779068, 0.6666666865348816], [0.6666666865348816, 1.0], [0.4444444477558136, 0.8888888955116272], [1.0, 0.3333333432674408], [0.4444444477558136, 0.4444444477558136], [0.2222222238779068, 0.2222222238779068], [0.3333333432674408, 0.8888888955116272], [0.6666666865348816, 0.0], [0.7777777910232544, 0.3333333432674408], [0.0, 0.8888888955116272]]
[epoch 40] Predicted Actions: [5, 5, 5, 5, 5, 5, 5, 5, 5, 5]
[epoch 40] Actual Actions:    [5, 5, 5, 5, 5, 5, 5, 5, 5, 5]
[epoch 40] Predicted Positions: [[0.4777211844921112, 0.5670114755630493], [0.4777211844921112, 0.5670114755630493], [0.4777211844921112, 0.5670114755630493], [0.4777211844921112, 0.5670114755630493], [0.4777211844921112, 0.5670114755630493], [0.4777211844921112, 0.5670114755630493], [0.4777211844921112, 0.5670114755630493], [0.4777211844921112, 0.5670114755630493], [0.4777211844921112, 0.5670114755630493], [0.4777211844921112, 0.5670114755630493]]
[epoch 40] Actual Positions:    [[0.2222222238779068, 0.6666666865348816], [0.6666666865348816, 1.0], [0.4444444477558136, 0.8888888955116272], [1.0, 0.3333333432674408], [0.4444444477558136, 0.4444444477558136], [0.2222222238779068, 0.2222222238779068], [0.3333333432674408, 0.8888888955116272], [0.6666666865348816, 0.0], [0.7777777910232544, 0.3333333432674408], [0.0, 0.8888888955116272]]
[epoch 40] Predicted Actions: [5, 5, 5, 5, 5, 5, 5, 5, 5, 5]
[epoch 40] Actual Actions:    [5, 5, 5, 5, 5, 5, 5, 5, 5, 5]
[epoch 40] Predicted Positions: [[0.4777207374572754, 0.5670090913772583], [0.4777207374572754, 0.5670090913772583], [0.4777207374572754, 0.5670090913772583], [0.4777207374572754, 0.5670090913772583], [0.4777207374572754, 0.5670090913772583], [0.4777207374572754, 0.5670090913772583], [0.4777207374572754, 0.5670090913772583], [0.4777207374572754, 0.5670090913772583], [0.4777207374572754, 0.5670090913772583], [0.4777207374572754, 0.5670090913772583]]
[epoch 40] Actual Positions:    [[0.2222222238779068, 0.6666666865348816], [0.6666666865348816, 1.0], [0.4444444477558136, 0.8888888955116272], [1.0, 0.3333333432674408], [0.4444444477558136, 0.4444444477558136], [0.2222222238779068, 0.2222222238779068], [0.3333333432674408, 0.8888888955116272], [0.6666666865348816, 0.0], [0.7777777910232544, 0.3333333432674408], [0.0, 0.8888888955116272]]
[epoch 40] Predicted Actions: [5, 5, 5, 5, 5, 5, 5, 5, 5, 5]
[epoch 40] Actual Actions:    [5, 5, 5, 5, 5, 5, 5, 5, 5, 5]
[epoch 40] Predicted Positions: [[0.4777202904224396, 0.5670062303543091], [0.4777202904224396, 0.5670062303543091], [0.4777202904224396, 0.5670062303543091], [0.4777202904224396, 0.5670062303543091], [0.4777202904224396, 0.5670062303543091], [0.4777202904224396, 0.5670062303543091], [0.4777202904224396, 0.5670062303543091], [0.4777202904224396, 0.5670062303543091], [0.4777202904224396, 0.5670062303543091], [0.4777202904224396, 0.5670062303543091]]
[epoch 40] Actual Positions:    [[0.2222222238779068, 0.6666666865348816], [0.6666666865348816, 1.0], [0.4444444477558136, 0.8888888955116272], [1.0, 0.3333333432674408], [0.4444444477558136, 0.4444444477558136], [0.2222222238779068, 0.2222222238779068], [0.3333333432674408, 0.8888888955116272], [0.6666666865348816, 0.0], [0.7777777910232544, 0.3333333432674408], [0.0, 0.8888888955116272]]
[epoch 41] Predicted Actions: [5, 5, 5, 5, 5, 5, 5, 5, 5, 5]
[epoch 41] Actual Actions:    [5, 5, 5, 5, 5, 5, 5, 5, 5, 5]
[epoch 41] Predicted Positions: [[0.47771981358528137, 0.567003071308136], [0.47771981358528137, 0.567003071308136], [0.47771981358528137, 0.567003071308136], [0.47771981358528137, 0.567003071308136], [0.47771981358528137, 0.567003071308136], [0.47771981358528137, 0.567003071308136], [0.47771981358528137, 0.567003071308136], [0.47771981358528137, 0.567003071308136], [0.47771981358528137, 0.567003071308136], [0.47771981358528137, 0.567003071308136]]
[epoch 41] Actual Positions:    [[0.2222222238779068, 0.6666666865348816], [0.6666666865348816, 1.0], [0.4444444477558136, 0.8888888955116272], [1.0, 0.3333333432674408], [0.4444444477558136, 0.4444444477558136], [0.2222222238779068, 0.2222222238779068], [0.3333333432674408, 0.8888888955116272], [0.6666666865348816, 0.0], [0.7777777910232544, 0.3333333432674408], [0.0, 0.8888888955116272]]
[epoch 41] Predicted Actions: [5, 5, 5, 5, 5, 5, 5, 5, 5, 5]
[epoch 41] Actual Actions:    [5, 5, 5, 5, 5, 5, 5, 5, 5, 5]
[epoch 41] Predicted Positions: [[0.47771936655044556, 0.5669997334480286], [0.47771936655044556, 0.5669997334480286], [0.47771936655044556, 0.5669997334480286], [0.47771936655044556, 0.5669997334480286], [0.47771936655044556, 0.5669997334480286], [0.47771936655044556, 0.5669997334480286], [0.47771936655044556, 0.5669997334480286], [0.47771936655044556, 0.5669997334480286], [0.47771936655044556, 0.5669997334480286], [0.47771936655044556, 0.5669997334480286]]
[epoch 41] Actual Positions:    [[0.2222222238779068, 0.6666666865348816], [0.6666666865348816, 1.0], [0.4444444477558136, 0.8888888955116272], [1.0, 0.3333333432674408], [0.4444444477558136, 0.4444444477558136], [0.2222222238779068, 0.2222222238779068], [0.3333333432674408, 0.8888888955116272], [0.6666666865348816, 0.0], [0.7777777910232544, 0.3333333432674408], [0.0, 0.8888888955116272]]
[epoch 41] Predicted Actions: [5, 5, 5, 5, 5, 5, 5, 5, 5, 5]
[epoch 41] Actual Actions:    [5, 5, 5, 5, 5, 5, 5, 5, 5, 5]
[epoch 41] Predicted Positions: [[0.47771894931793213, 0.5669960379600525], [0.47771894931793213, 0.5669960379600525], [0.47771894931793213, 0.5669960379600525], [0.47771894931793213, 0.5669960379600525], [0.47771894931793213, 0.5669960379600525], [0.47771894931793213, 0.5669960379600525], [0.47771894931793213, 0.5669960379600525], [0.47771894931793213, 0.5669960379600525], [0.47771894931793213, 0.5669960379600525], [0.47771894931793213, 0.5669960379600525]]
[epoch 41] Actual Positions:    [[0.2222222238779068, 0.6666666865348816], [0.6666666865348816, 1.0], [0.4444444477558136, 0.8888888955116272], [1.0, 0.3333333432674408], [0.4444444477558136, 0.4444444477558136], [0.2222222238779068, 0.2222222238779068], [0.3333333432674408, 0.8888888955116272], [0.6666666865348816, 0.0], [0.7777777910232544, 0.3333333432674408], [0.0, 0.8888888955116272]]
[epoch 41] Predicted Actions: [5, 5, 5, 5, 5, 5, 5, 5, 5, 5]
[epoch 41] Actual Actions:    [5, 5, 5, 5, 5, 5, 5, 5, 5, 5]
[epoch 41] Predicted Positions: [[0.4777185618877411, 0.5669922232627869], [0.4777185618877411, 0.5669922232627869], [0.4777185618877411, 0.5669922232627869], [0.4777185618877411, 0.5669922232627869], [0.4777185618877411, 0.5669922232627869], [0.4777185618877411, 0.5669922232627869], [0.4777185618877411, 0.5669922232627869], [0.4777185618877411, 0.5669922232627869], [0.4777185618877411, 0.5669922232627869], [0.4777185618877411, 0.5669922232627869]]
[epoch 41] Actual Positions:    [[0.2222222238779068, 0.6666666865348816], [0.6666666865348816, 1.0], [0.4444444477558136, 0.8888888955116272], [1.0, 0.3333333432674408], [0.4444444477558136, 0.4444444477558136], [0.2222222238779068, 0.2222222238779068], [0.3333333432674408, 0.8888888955116272], [0.6666666865348816, 0.0], [0.7777777910232544, 0.3333333432674408], [0.0, 0.8888888955116272]]
[epoch 41] Predicted Actions: [5, 5, 5, 5, 5, 5, 5, 5, 5, 5]
[epoch 41] Actual Actions:    [5, 5, 5, 5, 5, 5, 5, 5, 5, 5]
[epoch 41] Predicted Positions: [[0.47771817445755005, 0.5669882297515869], [0.47771817445755005, 0.5669882297515869], [0.47771817445755005, 0.5669882297515869], [0.47771817445755005, 0.5669882297515869], [0.47771817445755005, 0.5669882297515869], [0.47771817445755005, 0.5669882297515869], [0.47771817445755005, 0.5669882297515869], [0.47771817445755005, 0.5669882297515869], [0.47771817445755005, 0.5669882297515869], [0.47771817445755005, 0.5669882297515869]]
[epoch 41] Actual Positions:    [[0.2222222238779068, 0.6666666865348816], [0.6666666865348816, 1.0], [0.4444444477558136, 0.8888888955116272], [1.0, 0.3333333432674408], [0.4444444477558136, 0.4444444477558136], [0.2222222238779068, 0.2222222238779068], [0.3333333432674408, 0.8888888955116272], [0.6666666865348816, 0.0], [0.7777777910232544, 0.3333333432674408], [0.0, 0.8888888955116272]]
[epoch 42] Predicted Actions: [5, 5, 5, 5, 5, 5, 5, 5, 5, 5]
[epoch 42] Actual Actions:    [5, 5, 5, 5, 5, 5, 5, 5, 5, 5]
[epoch 42] Predicted Positions: [[0.4777178466320038, 0.5669839978218079], [0.4777178466320038, 0.5669839978218079], [0.4777178466320038, 0.5669839978218079], [0.4777178466320038, 0.5669839978218079], [0.4777178466320038, 0.5669839978218079], [0.4777178466320038, 0.5669839978218079], [0.4777178466320038, 0.5669839978218079], [0.4777178466320038, 0.5669839978218079], [0.4777178466320038, 0.5669839978218079], [0.4777178466320038, 0.5669839978218079]]
[epoch 42] Actual Positions:    [[0.2222222238779068, 0.6666666865348816], [0.6666666865348816, 1.0], [0.4444444477558136, 0.8888888955116272], [1.0, 0.3333333432674408], [0.4444444477558136, 0.4444444477558136], [0.2222222238779068, 0.2222222238779068], [0.3333333432674408, 0.8888888955116272], [0.6666666865348816, 0.0], [0.7777777910232544, 0.3333333432674408], [0.0, 0.8888888955116272]]
[epoch 42] Predicted Actions: [5, 5, 5, 5, 5, 5, 5, 5, 5, 5]
[epoch 42] Actual Actions:    [5, 5, 5, 5, 5, 5, 5, 5, 5, 5]
[epoch 42] Predicted Positions: [[0.4777175784111023, 0.5669798254966736], [0.4777175784111023, 0.5669798254966736], [0.4777175784111023, 0.5669798254966736], [0.4777175784111023, 0.5669798254966736], [0.4777175784111023, 0.5669798254966736], [0.4777175784111023, 0.5669798254966736], [0.4777175784111023, 0.5669798254966736], [0.4777175784111023, 0.5669798254966736], [0.4777175784111023, 0.5669798254966736], [0.4777175784111023, 0.5669798254966736]]
[epoch 42] Actual Positions:    [[0.2222222238779068, 0.6666666865348816], [0.6666666865348816, 1.0], [0.4444444477558136, 0.8888888955116272], [1.0, 0.3333333432674408], [0.4444444477558136, 0.4444444477558136], [0.2222222238779068, 0.2222222238779068], [0.3333333432674408, 0.8888888955116272], [0.6666666865348816, 0.0], [0.7777777910232544, 0.3333333432674408], [0.0, 0.8888888955116272]]
[epoch 42] Predicted Actions: [5, 5, 5, 5, 5, 5, 5, 5, 5, 5]
[epoch 42] Actual Actions:    [5, 5, 5, 5, 5, 5, 5, 5, 5, 5]
[epoch 42] Predicted Positions: [[0.4777173697948456, 0.5669755935668945], [0.4777173697948456, 0.5669755935668945], [0.4777173697948456, 0.5669755935668945], [0.4777173697948456, 0.5669755935668945], [0.4777173697948456, 0.5669755935668945], [0.4777173697948456, 0.5669755935668945], [0.4777173697948456, 0.5669755935668945], [0.4777173697948456, 0.5669755935668945], [0.4777173697948456, 0.5669755935668945], [0.4777173697948456, 0.5669755935668945]]
[epoch 42] Actual Positions:    [[0.2222222238779068, 0.6666666865348816], [0.6666666865348816, 1.0], [0.4444444477558136, 0.8888888955116272], [1.0, 0.3333333432674408], [0.4444444477558136, 0.4444444477558136], [0.2222222238779068, 0.2222222238779068], [0.3333333432674408, 0.8888888955116272], [0.6666666865348816, 0.0], [0.7777777910232544, 0.3333333432674408], [0.0, 0.8888888955116272]]
[epoch 42] Predicted Actions: [5, 5, 5, 5, 5, 5, 5, 5, 5, 5]
[epoch 42] Actual Actions:    [5, 5, 5, 5, 5, 5, 5, 5, 5, 5]
[epoch 42] Predicted Positions: [[0.47771716117858887, 0.5669712424278259], [0.47771716117858887, 0.5669712424278259], [0.47771716117858887, 0.5669712424278259], [0.47771716117858887, 0.5669712424278259], [0.47771716117858887, 0.5669712424278259], [0.47771716117858887, 0.5669712424278259], [0.47771716117858887, 0.5669712424278259], [0.47771716117858887, 0.5669712424278259], [0.47771716117858887, 0.5669712424278259], [0.47771716117858887, 0.5669712424278259]]
[epoch 42] Actual Positions:    [[0.2222222238779068, 0.6666666865348816], [0.6666666865348816, 1.0], [0.4444444477558136, 0.8888888955116272], [1.0, 0.3333333432674408], [0.4444444477558136, 0.4444444477558136], [0.2222222238779068, 0.2222222238779068], [0.3333333432674408, 0.8888888955116272], [0.6666666865348816, 0.0], [0.7777777910232544, 0.3333333432674408], [0.0, 0.8888888955116272]]
[epoch 42] Predicted Actions: [5, 5, 5, 5, 5, 5, 5, 5, 5, 5]
[epoch 42] Actual Actions:    [5, 5, 5, 5, 5, 5, 5, 5, 5, 5]
[epoch 42] Predicted Positions: [[0.4777170419692993, 0.5669668316841125], [0.4777170419692993, 0.5669668316841125], [0.4777170419692993, 0.5669668316841125], [0.4777170419692993, 0.5669668316841125], [0.4777170419692993, 0.5669668316841125], [0.4777170419692993, 0.5669668316841125], [0.4777170419692993, 0.5669668316841125], [0.4777170419692993, 0.5669668316841125], [0.4777170419692993, 0.5669668316841125], [0.4777170419692993, 0.5669668316841125]]
[epoch 42] Actual Positions:    [[0.2222222238779068, 0.6666666865348816], [0.6666666865348816, 1.0], [0.4444444477558136, 0.8888888955116272], [1.0, 0.3333333432674408], [0.4444444477558136, 0.4444444477558136], [0.2222222238779068, 0.2222222238779068], [0.3333333432674408, 0.8888888955116272], [0.6666666865348816, 0.0], [0.7777777910232544, 0.3333333432674408], [0.0, 0.8888888955116272]]
[epoch 43] Predicted Actions: [5, 5, 5, 5, 5, 5, 5, 5, 5, 5]
[epoch 43] Actual Actions:    [5, 5, 5, 5, 5, 5, 5, 5, 5, 5]
[epoch 43] Predicted Positions: [[0.47771692276000977, 0.5669624209403992], [0.47771692276000977, 0.5669624209403992], [0.47771692276000977, 0.5669624209403992], [0.47771692276000977, 0.5669624209403992], [0.47771692276000977, 0.5669624209403992], [0.47771692276000977, 0.5669624209403992], [0.47771692276000977, 0.5669624209403992], [0.47771692276000977, 0.5669624209403992], [0.47771692276000977, 0.5669624209403992], [0.47771692276000977, 0.5669624209403992]]
[epoch 43] Actual Positions:    [[0.2222222238779068, 0.6666666865348816], [0.6666666865348816, 1.0], [0.4444444477558136, 0.8888888955116272], [1.0, 0.3333333432674408], [0.4444444477558136, 0.4444444477558136], [0.2222222238779068, 0.2222222238779068], [0.3333333432674408, 0.8888888955116272], [0.6666666865348816, 0.0], [0.7777777910232544, 0.3333333432674408], [0.0, 0.8888888955116272]]
[epoch 43] Predicted Actions: [5, 5, 5, 5, 5, 5, 5, 5, 5, 5]
[epoch 43] Actual Actions:    [5, 5, 5, 5, 5, 5, 5, 5, 5, 5]
[epoch 43] Predicted Positions: [[0.47771692276000977, 0.5669581294059753], [0.47771692276000977, 0.5669581294059753], [0.47771692276000977, 0.5669581294059753], [0.47771692276000977, 0.5669581294059753], [0.47771692276000977, 0.5669581294059753], [0.47771692276000977, 0.5669581294059753], [0.47771692276000977, 0.5669581294059753], [0.47771692276000977, 0.5669581294059753], [0.47771692276000977, 0.5669581294059753], [0.47771692276000977, 0.5669581294059753]]
[epoch 43] Actual Positions:    [[0.2222222238779068, 0.6666666865348816], [0.6666666865348816, 1.0], [0.4444444477558136, 0.8888888955116272], [1.0, 0.3333333432674408], [0.4444444477558136, 0.4444444477558136], [0.2222222238779068, 0.2222222238779068], [0.3333333432674408, 0.8888888955116272], [0.6666666865348816, 0.0], [0.7777777910232544, 0.3333333432674408], [0.0, 0.8888888955116272]]
[epoch 43] Predicted Actions: [5, 5, 5, 5, 5, 5, 5, 5, 5, 5]
[epoch 43] Actual Actions:    [5, 5, 5, 5, 5, 5, 5, 5, 5, 5]
[epoch 43] Predicted Positions: [[0.47771692276000977, 0.5669538974761963], [0.47771692276000977, 0.5669538974761963], [0.47771692276000977, 0.5669538974761963], [0.47771692276000977, 0.5669538974761963], [0.47771692276000977, 0.5669538974761963], [0.47771692276000977, 0.5669538974761963], [0.47771692276000977, 0.5669538974761963], [0.47771692276000977, 0.5669538974761963], [0.47771692276000977, 0.5669538974761963], [0.47771692276000977, 0.5669538974761963]]
[epoch 43] Actual Positions:    [[0.2222222238779068, 0.6666666865348816], [0.6666666865348816, 1.0], [0.4444444477558136, 0.8888888955116272], [1.0, 0.3333333432674408], [0.4444444477558136, 0.4444444477558136], [0.2222222238779068, 0.2222222238779068], [0.3333333432674408, 0.8888888955116272], [0.6666666865348816, 0.0], [0.7777777910232544, 0.3333333432674408], [0.0, 0.8888888955116272]]
[epoch 43] Predicted Actions: [5, 5, 5, 5, 5, 5, 5, 5, 5, 5]
[epoch 43] Actual Actions:    [5, 5, 5, 5, 5, 5, 5, 5, 5, 5]
[epoch 43] Predicted Positions: [[0.4777170419692993, 0.5669496655464172], [0.4777170419692993, 0.5669496655464172], [0.4777170419692993, 0.5669496655464172], [0.4777170419692993, 0.5669496655464172], [0.4777170419692993, 0.5669496655464172], [0.4777170419692993, 0.5669496655464172], [0.4777170419692993, 0.5669496655464172], [0.4777170419692993, 0.5669496655464172], [0.4777170419692993, 0.5669496655464172], [0.4777170419692993, 0.5669496655464172]]
[epoch 43] Actual Positions:    [[0.2222222238779068, 0.6666666865348816], [0.6666666865348816, 1.0], [0.4444444477558136, 0.8888888955116272], [1.0, 0.3333333432674408], [0.4444444477558136, 0.4444444477558136], [0.2222222238779068, 0.2222222238779068], [0.3333333432674408, 0.8888888955116272], [0.6666666865348816, 0.0], [0.7777777910232544, 0.3333333432674408], [0.0, 0.8888888955116272]]
[epoch 43] Predicted Actions: [5, 5, 5, 5, 5, 5, 5, 5, 5, 5]
[epoch 43] Actual Actions:    [5, 5, 5, 5, 5, 5, 5, 5, 5, 5]
[epoch 43] Predicted Positions: [[0.47771716117858887, 0.566945493221283], [0.47771716117858887, 0.566945493221283], [0.47771716117858887, 0.566945493221283], [0.47771716117858887, 0.566945493221283], [0.47771716117858887, 0.566945493221283], [0.47771716117858887, 0.566945493221283], [0.47771716117858887, 0.566945493221283], [0.47771716117858887, 0.566945493221283], [0.47771716117858887, 0.566945493221283], [0.47771716117858887, 0.566945493221283]]
[epoch 43] Actual Positions:    [[0.2222222238779068, 0.6666666865348816], [0.6666666865348816, 1.0], [0.4444444477558136, 0.8888888955116272], [1.0, 0.3333333432674408], [0.4444444477558136, 0.4444444477558136], [0.2222222238779068, 0.2222222238779068], [0.3333333432674408, 0.8888888955116272], [0.6666666865348816, 0.0], [0.7777777910232544, 0.3333333432674408], [0.0, 0.8888888955116272]]
[epoch 44] Predicted Actions: [5, 5, 5, 5, 5, 5, 5, 5, 5, 5]
[epoch 44] Actual Actions:    [5, 5, 5, 5, 5, 5, 5, 5, 5, 5]
[epoch 44] Predicted Positions: [[0.4777173101902008, 0.5669413208961487], [0.4777173101902008, 0.5669413208961487], [0.4777173101902008, 0.5669413208961487], [0.4777173101902008, 0.5669413208961487], [0.4777173101902008, 0.5669413208961487], [0.4777173101902008, 0.5669413208961487], [0.4777173101902008, 0.5669413208961487], [0.4777173101902008, 0.5669413208961487], [0.4777173101902008, 0.5669413208961487], [0.4777173101902008, 0.5669413208961487]]
[epoch 44] Actual Positions:    [[0.2222222238779068, 0.6666666865348816], [0.6666666865348816, 1.0], [0.4444444477558136, 0.8888888955116272], [1.0, 0.3333333432674408], [0.4444444477558136, 0.4444444477558136], [0.2222222238779068, 0.2222222238779068], [0.3333333432674408, 0.8888888955116272], [0.6666666865348816, 0.0], [0.7777777910232544, 0.3333333432674408], [0.0, 0.8888888955116272]]
[epoch 44] Predicted Actions: [5, 5, 5, 5, 5, 5, 5, 5, 5, 5]
[epoch 44] Actual Actions:    [5, 5, 5, 5, 5, 5, 5, 5, 5, 5]
[epoch 44] Predicted Positions: [[0.4777175188064575, 0.5669374465942383], [0.4777175188064575, 0.5669374465942383], [0.4777175188064575, 0.5669374465942383], [0.4777175188064575, 0.5669374465942383], [0.4777175188064575, 0.5669374465942383], [0.4777175188064575, 0.5669374465942383], [0.4777175188064575, 0.5669374465942383], [0.4777175188064575, 0.5669374465942383], [0.4777175188064575, 0.5669374465942383], [0.4777175188064575, 0.5669374465942383]]
[epoch 44] Actual Positions:    [[0.2222222238779068, 0.6666666865348816], [0.6666666865348816, 1.0], [0.4444444477558136, 0.8888888955116272], [1.0, 0.3333333432674408], [0.4444444477558136, 0.4444444477558136], [0.2222222238779068, 0.2222222238779068], [0.3333333432674408, 0.8888888955116272], [0.6666666865348816, 0.0], [0.7777777910232544, 0.3333333432674408], [0.0, 0.8888888955116272]]
[epoch 44] Predicted Actions: [5, 5, 5, 5, 5, 5, 5, 5, 5, 5]
[epoch 44] Actual Actions:    [5, 5, 5, 5, 5, 5, 5, 5, 5, 5]
[epoch 44] Predicted Positions: [[0.477717787027359, 0.5669335722923279], [0.477717787027359, 0.5669335722923279], [0.477717787027359, 0.5669335722923279], [0.477717787027359, 0.5669335722923279], [0.477717787027359, 0.5669335722923279], [0.477717787027359, 0.5669335722923279], [0.477717787027359, 0.5669335722923279], [0.477717787027359, 0.5669335722923279], [0.477717787027359, 0.5669335722923279], [0.477717787027359, 0.5669335722923279]]
[epoch 44] Actual Positions:    [[0.2222222238779068, 0.6666666865348816], [0.6666666865348816, 1.0], [0.4444444477558136, 0.8888888955116272], [1.0, 0.3333333432674408], [0.4444444477558136, 0.4444444477558136], [0.2222222238779068, 0.2222222238779068], [0.3333333432674408, 0.8888888955116272], [0.6666666865348816, 0.0], [0.7777777910232544, 0.3333333432674408], [0.0, 0.8888888955116272]]
[epoch 44] Predicted Actions: [5, 5, 5, 5, 5, 5, 5, 5, 5, 5]
[epoch 44] Actual Actions:    [5, 5, 5, 5, 5, 5, 5, 5, 5, 5]
[epoch 44] Predicted Positions: [[0.4777181148529053, 0.5669298768043518], [0.4777181148529053, 0.5669298768043518], [0.4777181148529053, 0.5669298768043518], [0.4777181148529053, 0.5669298768043518], [0.4777181148529053, 0.5669298768043518], [0.4777181148529053, 0.5669298768043518], [0.4777181148529053, 0.5669298768043518], [0.4777181148529053, 0.5669298768043518], [0.4777181148529053, 0.5669298768043518], [0.4777181148529053, 0.5669298768043518]]
[epoch 44] Actual Positions:    [[0.2222222238779068, 0.6666666865348816], [0.6666666865348816, 1.0], [0.4444444477558136, 0.8888888955116272], [1.0, 0.3333333432674408], [0.4444444477558136, 0.4444444477558136], [0.2222222238779068, 0.2222222238779068], [0.3333333432674408, 0.8888888955116272], [0.6666666865348816, 0.0], [0.7777777910232544, 0.3333333432674408], [0.0, 0.8888888955116272]]
[epoch 44] Predicted Actions: [5, 5, 5, 5, 5, 5, 5, 5, 5, 5]
[epoch 44] Actual Actions:    [5, 5, 5, 5, 5, 5, 5, 5, 5, 5]
[epoch 44] Predicted Positions: [[0.47771844267845154, 0.5669262409210205], [0.47771844267845154, 0.5669262409210205], [0.47771844267845154, 0.5669262409210205], [0.47771844267845154, 0.5669262409210205], [0.47771844267845154, 0.5669262409210205], [0.47771844267845154, 0.5669262409210205], [0.47771844267845154, 0.5669262409210205], [0.47771844267845154, 0.5669262409210205], [0.47771844267845154, 0.5669262409210205], [0.47771844267845154, 0.5669262409210205]]
[epoch 44] Actual Positions:    [[0.2222222238779068, 0.6666666865348816], [0.6666666865348816, 1.0], [0.4444444477558136, 0.8888888955116272], [1.0, 0.3333333432674408], [0.4444444477558136, 0.4444444477558136], [0.2222222238779068, 0.2222222238779068], [0.3333333432674408, 0.8888888955116272], [0.6666666865348816, 0.0], [0.7777777910232544, 0.3333333432674408], [0.0, 0.8888888955116272]]
[epoch 45] Predicted Actions: [5, 5, 5, 5, 5, 5, 5, 5, 5, 5]
[epoch 45] Actual Actions:    [5, 5, 5, 5, 5, 5, 5, 5, 5, 5]
[epoch 45] Predicted Positions: [[0.4777187705039978, 0.5669227242469788], [0.4777187705039978, 0.5669227242469788], [0.4777187705039978, 0.5669227242469788], [0.4777187705039978, 0.5669227242469788], [0.4777187705039978, 0.5669227242469788], [0.4777187705039978, 0.5669227242469788], [0.4777187705039978, 0.5669227242469788], [0.4777187705039978, 0.5669227242469788], [0.4777187705039978, 0.5669227242469788], [0.4777187705039978, 0.5669227242469788]]
[epoch 45] Actual Positions:    [[0.2222222238779068, 0.6666666865348816], [0.6666666865348816, 1.0], [0.4444444477558136, 0.8888888955116272], [1.0, 0.3333333432674408], [0.4444444477558136, 0.4444444477558136], [0.2222222238779068, 0.2222222238779068], [0.3333333432674408, 0.8888888955116272], [0.6666666865348816, 0.0], [0.7777777910232544, 0.3333333432674408], [0.0, 0.8888888955116272]]
[epoch 45] Predicted Actions: [5, 5, 5, 5, 5, 5, 5, 5, 5, 5]
[epoch 45] Actual Actions:    [5, 5, 5, 5, 5, 5, 5, 5, 5, 5]
[epoch 45] Predicted Positions: [[0.4777192175388336, 0.5669194459915161], [0.4777192175388336, 0.5669194459915161], [0.4777192175388336, 0.5669194459915161], [0.4777192175388336, 0.5669194459915161], [0.4777192175388336, 0.5669194459915161], [0.4777192175388336, 0.5669194459915161], [0.4777192175388336, 0.5669194459915161], [0.4777192175388336, 0.5669194459915161], [0.4777192175388336, 0.5669194459915161], [0.4777192175388336, 0.5669194459915161]]
[epoch 45] Actual Positions:    [[0.2222222238779068, 0.6666666865348816], [0.6666666865348816, 1.0], [0.4444444477558136, 0.8888888955116272], [1.0, 0.3333333432674408], [0.4444444477558136, 0.4444444477558136], [0.2222222238779068, 0.2222222238779068], [0.3333333432674408, 0.8888888955116272], [0.6666666865348816, 0.0], [0.7777777910232544, 0.3333333432674408], [0.0, 0.8888888955116272]]
[epoch 45] Predicted Actions: [5, 5, 5, 5, 5, 5, 5, 5, 5, 5]
[epoch 45] Actual Actions:    [5, 5, 5, 5, 5, 5, 5, 5, 5, 5]
[epoch 45] Predicted Positions: [[0.47771966457366943, 0.5669161677360535], [0.47771966457366943, 0.5669161677360535], [0.47771966457366943, 0.5669161677360535], [0.47771966457366943, 0.5669161677360535], [0.47771966457366943, 0.5669161677360535], [0.47771966457366943, 0.5669161677360535], [0.47771966457366943, 0.5669161677360535], [0.47771966457366943, 0.5669161677360535], [0.47771966457366943, 0.5669161677360535], [0.47771966457366943, 0.5669161677360535]]
[epoch 45] Actual Positions:    [[0.2222222238779068, 0.6666666865348816], [0.6666666865348816, 1.0], [0.4444444477558136, 0.8888888955116272], [1.0, 0.3333333432674408], [0.4444444477558136, 0.4444444477558136], [0.2222222238779068, 0.2222222238779068], [0.3333333432674408, 0.8888888955116272], [0.6666666865348816, 0.0], [0.7777777910232544, 0.3333333432674408], [0.0, 0.8888888955116272]]
[epoch 45] Predicted Actions: [5, 5, 5, 5, 5, 5, 5, 5, 5, 5]
[epoch 45] Actual Actions:    [5, 5, 5, 5, 5, 5, 5, 5, 5, 5]
[epoch 45] Predicted Positions: [[0.47772008180618286, 0.5669130682945251], [0.47772008180618286, 0.5669130682945251], [0.47772008180618286, 0.5669130682945251], [0.47772008180618286, 0.5669130682945251], [0.47772008180618286, 0.5669130682945251], [0.47772008180618286, 0.5669130682945251], [0.47772008180618286, 0.5669130682945251], [0.47772008180618286, 0.5669130682945251], [0.47772008180618286, 0.5669130682945251], [0.47772008180618286, 0.5669130682945251]]
[epoch 45] Actual Positions:    [[0.2222222238779068, 0.6666666865348816], [0.6666666865348816, 1.0], [0.4444444477558136, 0.8888888955116272], [1.0, 0.3333333432674408], [0.4444444477558136, 0.4444444477558136], [0.2222222238779068, 0.2222222238779068], [0.3333333432674408, 0.8888888955116272], [0.6666666865348816, 0.0], [0.7777777910232544, 0.3333333432674408], [0.0, 0.8888888955116272]]
[epoch 45] Predicted Actions: [5, 5, 5, 5, 5, 5, 5, 5, 5, 5]
[epoch 45] Actual Actions:    [5, 5, 5, 5, 5, 5, 5, 5, 5, 5]
[epoch 45] Predicted Positions: [[0.4777205288410187, 0.5669100880622864], [0.4777205288410187, 0.5669100880622864], [0.4777205288410187, 0.5669100880622864], [0.4777205288410187, 0.5669100880622864], [0.4777205288410187, 0.5669100880622864], [0.4777205288410187, 0.5669100880622864], [0.4777205288410187, 0.5669100880622864], [0.4777205288410187, 0.5669100880622864], [0.4777205288410187, 0.5669100880622864], [0.4777205288410187, 0.5669100880622864]]
[epoch 45] Actual Positions:    [[0.2222222238779068, 0.6666666865348816], [0.6666666865348816, 1.0], [0.4444444477558136, 0.8888888955116272], [1.0, 0.3333333432674408], [0.4444444477558136, 0.4444444477558136], [0.2222222238779068, 0.2222222238779068], [0.3333333432674408, 0.8888888955116272], [0.6666666865348816, 0.0], [0.7777777910232544, 0.3333333432674408], [0.0, 0.8888888955116272]]
[epoch 46] Predicted Actions: [5, 5, 5, 5, 5, 5, 5, 5, 5, 5]
[epoch 46] Actual Actions:    [5, 5, 5, 5, 5, 5, 5, 5, 5, 5]
[epoch 46] Predicted Positions: [[0.4777210056781769, 0.5669072270393372], [0.4777210056781769, 0.5669072270393372], [0.4777210056781769, 0.5669072270393372], [0.4777210056781769, 0.5669072270393372], [0.4777210056781769, 0.5669072270393372], [0.4777210056781769, 0.5669072270393372], [0.4777210056781769, 0.5669072270393372], [0.4777210056781769, 0.5669072270393372], [0.4777210056781769, 0.5669072270393372], [0.4777210056781769, 0.5669072270393372]]
[epoch 46] Actual Positions:    [[0.2222222238779068, 0.6666666865348816], [0.6666666865348816, 1.0], [0.4444444477558136, 0.8888888955116272], [1.0, 0.3333333432674408], [0.4444444477558136, 0.4444444477558136], [0.2222222238779068, 0.2222222238779068], [0.3333333432674408, 0.8888888955116272], [0.6666666865348816, 0.0], [0.7777777910232544, 0.3333333432674408], [0.0, 0.8888888955116272]]
[epoch 46] Predicted Actions: [5, 5, 5, 5, 5, 5, 5, 5, 5, 5]
[epoch 46] Actual Actions:    [5, 5, 5, 5, 5, 5, 5, 5, 5, 5]
[epoch 46] Predicted Positions: [[0.47772151231765747, 0.5669045448303223], [0.47772151231765747, 0.5669045448303223], [0.47772151231765747, 0.5669045448303223], [0.47772151231765747, 0.5669045448303223], [0.47772151231765747, 0.5669045448303223], [0.47772151231765747, 0.5669045448303223], [0.47772151231765747, 0.5669045448303223], [0.47772151231765747, 0.5669045448303223], [0.47772151231765747, 0.5669045448303223], [0.47772151231765747, 0.5669045448303223]]
[epoch 46] Actual Positions:    [[0.2222222238779068, 0.6666666865348816], [0.6666666865348816, 1.0], [0.4444444477558136, 0.8888888955116272], [1.0, 0.3333333432674408], [0.4444444477558136, 0.4444444477558136], [0.2222222238779068, 0.2222222238779068], [0.3333333432674408, 0.8888888955116272], [0.6666666865348816, 0.0], [0.7777777910232544, 0.3333333432674408], [0.0, 0.8888888955116272]]
[epoch 46] Predicted Actions: [5, 5, 5, 5, 5, 5, 5, 5, 5, 5]
[epoch 46] Actual Actions:    [5, 5, 5, 5, 5, 5, 5, 5, 5, 5]
[epoch 46] Predicted Positions: [[0.4777219295501709, 0.5669019222259521], [0.4777219295501709, 0.5669019222259521], [0.4777219295501709, 0.5669019222259521], [0.4777219295501709, 0.5669019222259521], [0.4777219295501709, 0.5669019222259521], [0.4777219295501709, 0.5669019222259521], [0.4777219295501709, 0.5669019222259521], [0.4777219295501709, 0.5669019222259521], [0.4777219295501709, 0.5669019222259521], [0.4777219295501709, 0.5669019222259521]]
[epoch 46] Actual Positions:    [[0.2222222238779068, 0.6666666865348816], [0.6666666865348816, 1.0], [0.4444444477558136, 0.8888888955116272], [1.0, 0.3333333432674408], [0.4444444477558136, 0.4444444477558136], [0.2222222238779068, 0.2222222238779068], [0.3333333432674408, 0.8888888955116272], [0.6666666865348816, 0.0], [0.7777777910232544, 0.3333333432674408], [0.0, 0.8888888955116272]]
[epoch 46] Predicted Actions: [5, 5, 5, 5, 5, 5, 5, 5, 5, 5]
[epoch 46] Actual Actions:    [5, 5, 5, 5, 5, 5, 5, 5, 5, 5]
[epoch 46] Predicted Positions: [[0.4777224659919739, 0.5668994784355164], [0.4777224659919739, 0.5668994784355164], [0.4777224659919739, 0.5668994784355164], [0.4777224659919739, 0.5668994784355164], [0.4777224659919739, 0.5668994784355164], [0.4777224659919739, 0.5668994784355164], [0.4777224659919739, 0.5668994784355164], [0.4777224659919739, 0.5668994784355164], [0.4777224659919739, 0.5668994784355164], [0.4777224659919739, 0.5668994784355164]]
[epoch 46] Actual Positions:    [[0.2222222238779068, 0.6666666865348816], [0.6666666865348816, 1.0], [0.4444444477558136, 0.8888888955116272], [1.0, 0.3333333432674408], [0.4444444477558136, 0.4444444477558136], [0.2222222238779068, 0.2222222238779068], [0.3333333432674408, 0.8888888955116272], [0.6666666865348816, 0.0], [0.7777777910232544, 0.3333333432674408], [0.0, 0.8888888955116272]]
[epoch 46] Predicted Actions: [5, 5, 5, 5, 5, 5, 5, 5, 5, 5]
[epoch 46] Actual Actions:    [5, 5, 5, 5, 5, 5, 5, 5, 5, 5]
[epoch 46] Predicted Positions: [[0.47772297263145447, 0.5668970942497253], [0.47772297263145447, 0.5668970942497253], [0.47772297263145447, 0.5668970942497253], [0.47772297263145447, 0.5668970942497253], [0.47772297263145447, 0.5668970942497253], [0.47772297263145447, 0.5668970942497253], [0.47772297263145447, 0.5668970942497253], [0.47772297263145447, 0.5668970942497253], [0.47772297263145447, 0.5668970942497253], [0.47772297263145447, 0.5668970942497253]]
[epoch 46] Actual Positions:    [[0.2222222238779068, 0.6666666865348816], [0.6666666865348816, 1.0], [0.4444444477558136, 0.8888888955116272], [1.0, 0.3333333432674408], [0.4444444477558136, 0.4444444477558136], [0.2222222238779068, 0.2222222238779068], [0.3333333432674408, 0.8888888955116272], [0.6666666865348816, 0.0], [0.7777777910232544, 0.3333333432674408], [0.0, 0.8888888955116272]]
[epoch 47] Predicted Actions: [5, 5, 5, 5, 5, 5, 5, 5, 5, 5]
[epoch 47] Actual Actions:    [5, 5, 5, 5, 5, 5, 5, 5, 5, 5]
[epoch 47] Predicted Positions: [[0.47772344946861267, 0.5668948888778687], [0.47772344946861267, 0.5668948888778687], [0.47772344946861267, 0.5668948888778687], [0.47772344946861267, 0.5668948888778687], [0.47772344946861267, 0.5668948888778687], [0.47772344946861267, 0.5668948888778687], [0.47772344946861267, 0.5668948888778687], [0.47772344946861267, 0.5668948888778687], [0.47772344946861267, 0.5668948888778687], [0.47772344946861267, 0.5668948888778687]]
[epoch 47] Actual Positions:    [[0.2222222238779068, 0.6666666865348816], [0.6666666865348816, 1.0], [0.4444444477558136, 0.8888888955116272], [1.0, 0.3333333432674408], [0.4444444477558136, 0.4444444477558136], [0.2222222238779068, 0.2222222238779068], [0.3333333432674408, 0.8888888955116272], [0.6666666865348816, 0.0], [0.7777777910232544, 0.3333333432674408], [0.0, 0.8888888955116272]]
[epoch 47] Predicted Actions: [5, 5, 5, 5, 5, 5, 5, 5, 5, 5]
[epoch 47] Actual Actions:    [5, 5, 5, 5, 5, 5, 5, 5, 5, 5]
[epoch 47] Predicted Positions: [[0.47772401571273804, 0.5668928027153015], [0.47772401571273804, 0.5668928027153015], [0.47772401571273804, 0.5668928027153015], [0.47772401571273804, 0.5668928027153015], [0.47772401571273804, 0.5668928027153015], [0.47772401571273804, 0.5668928027153015], [0.47772401571273804, 0.5668928027153015], [0.47772401571273804, 0.5668928027153015], [0.47772401571273804, 0.5668928027153015], [0.47772401571273804, 0.5668928027153015]]
[epoch 47] Actual Positions:    [[0.2222222238779068, 0.6666666865348816], [0.6666666865348816, 1.0], [0.4444444477558136, 0.8888888955116272], [1.0, 0.3333333432674408], [0.4444444477558136, 0.4444444477558136], [0.2222222238779068, 0.2222222238779068], [0.3333333432674408, 0.8888888955116272], [0.6666666865348816, 0.0], [0.7777777910232544, 0.3333333432674408], [0.0, 0.8888888955116272]]
[epoch 47] Predicted Actions: [5, 5, 5, 5, 5, 5, 5, 5, 5, 5]
[epoch 47] Actual Actions:    [5, 5, 5, 5, 5, 5, 5, 5, 5, 5]
[epoch 47] Predicted Positions: [[0.47772443294525146, 0.5668907761573792], [0.47772443294525146, 0.5668907761573792], [0.47772443294525146, 0.5668907761573792], [0.47772443294525146, 0.5668907761573792], [0.47772443294525146, 0.5668907761573792], [0.47772443294525146, 0.5668907761573792], [0.47772443294525146, 0.5668907761573792], [0.47772443294525146, 0.5668907761573792], [0.47772443294525146, 0.5668907761573792], [0.47772443294525146, 0.5668907761573792]]
[epoch 47] Actual Positions:    [[0.2222222238779068, 0.6666666865348816], [0.6666666865348816, 1.0], [0.4444444477558136, 0.8888888955116272], [1.0, 0.3333333432674408], [0.4444444477558136, 0.4444444477558136], [0.2222222238779068, 0.2222222238779068], [0.3333333432674408, 0.8888888955116272], [0.6666666865348816, 0.0], [0.7777777910232544, 0.3333333432674408], [0.0, 0.8888888955116272]]
[epoch 47] Predicted Actions: [5, 5, 5, 5, 5, 5, 5, 5, 5, 5]
[epoch 47] Actual Actions:    [5, 5, 5, 5, 5, 5, 5, 5, 5, 5]
[epoch 47] Predicted Positions: [[0.47772496938705444, 0.5668889284133911], [0.47772496938705444, 0.5668889284133911], [0.47772496938705444, 0.5668889284133911], [0.47772496938705444, 0.5668889284133911], [0.47772496938705444, 0.5668889284133911], [0.47772496938705444, 0.5668889284133911], [0.47772496938705444, 0.5668889284133911], [0.47772496938705444, 0.5668889284133911], [0.47772496938705444, 0.5668889284133911], [0.47772496938705444, 0.5668889284133911]]
[epoch 47] Actual Positions:    [[0.2222222238779068, 0.6666666865348816], [0.6666666865348816, 1.0], [0.4444444477558136, 0.8888888955116272], [1.0, 0.3333333432674408], [0.4444444477558136, 0.4444444477558136], [0.2222222238779068, 0.2222222238779068], [0.3333333432674408, 0.8888888955116272], [0.6666666865348816, 0.0], [0.7777777910232544, 0.3333333432674408], [0.0, 0.8888888955116272]]
[epoch 47] Predicted Actions: [5, 5, 5, 5, 5, 5, 5, 5, 5, 5]
[epoch 47] Actual Actions:    [5, 5, 5, 5, 5, 5, 5, 5, 5, 5]
[epoch 47] Predicted Positions: [[0.47772541642189026, 0.5668870806694031], [0.47772541642189026, 0.5668870806694031], [0.47772541642189026, 0.5668870806694031], [0.47772541642189026, 0.5668870806694031], [0.47772541642189026, 0.5668870806694031], [0.47772541642189026, 0.5668870806694031], [0.47772541642189026, 0.5668870806694031], [0.47772541642189026, 0.5668870806694031], [0.47772541642189026, 0.5668870806694031], [0.47772541642189026, 0.5668870806694031]]
[epoch 47] Actual Positions:    [[0.2222222238779068, 0.6666666865348816], [0.6666666865348816, 1.0], [0.4444444477558136, 0.8888888955116272], [1.0, 0.3333333432674408], [0.4444444477558136, 0.4444444477558136], [0.2222222238779068, 0.2222222238779068], [0.3333333432674408, 0.8888888955116272], [0.6666666865348816, 0.0], [0.7777777910232544, 0.3333333432674408], [0.0, 0.8888888955116272]]
[epoch 48] Predicted Actions: [5, 5, 5, 5, 5, 5, 5, 5, 5, 5]
[epoch 48] Actual Actions:    [5, 5, 5, 5, 5, 5, 5, 5, 5, 5]
[epoch 48] Predicted Positions: [[0.47772589325904846, 0.5668852925300598], [0.47772589325904846, 0.5668852925300598], [0.47772589325904846, 0.5668852925300598], [0.47772589325904846, 0.5668852925300598], [0.47772589325904846, 0.5668852925300598], [0.47772589325904846, 0.5668852925300598], [0.47772589325904846, 0.5668852925300598], [0.47772589325904846, 0.5668852925300598], [0.47772589325904846, 0.5668852925300598], [0.47772589325904846, 0.5668852925300598]]
[epoch 48] Actual Positions:    [[0.2222222238779068, 0.6666666865348816], [0.6666666865348816, 1.0], [0.4444444477558136, 0.8888888955116272], [1.0, 0.3333333432674408], [0.4444444477558136, 0.4444444477558136], [0.2222222238779068, 0.2222222238779068], [0.3333333432674408, 0.8888888955116272], [0.6666666865348816, 0.0], [0.7777777910232544, 0.3333333432674408], [0.0, 0.8888888955116272]]
[epoch 48] Predicted Actions: [5, 5, 5, 5, 5, 5, 5, 5, 5, 5]
[epoch 48] Actual Actions:    [5, 5, 5, 5, 5, 5, 5, 5, 5, 5]
[epoch 48] Predicted Positions: [[0.47772639989852905, 0.5668837428092957], [0.47772639989852905, 0.5668837428092957], [0.47772639989852905, 0.5668837428092957], [0.47772639989852905, 0.5668837428092957], [0.47772639989852905, 0.5668837428092957], [0.47772639989852905, 0.5668837428092957], [0.47772639989852905, 0.5668837428092957], [0.47772639989852905, 0.5668837428092957], [0.47772639989852905, 0.5668837428092957], [0.47772639989852905, 0.5668837428092957]]
[epoch 48] Actual Positions:    [[0.2222222238779068, 0.6666666865348816], [0.6666666865348816, 1.0], [0.4444444477558136, 0.8888888955116272], [1.0, 0.3333333432674408], [0.4444444477558136, 0.4444444477558136], [0.2222222238779068, 0.2222222238779068], [0.3333333432674408, 0.8888888955116272], [0.6666666865348816, 0.0], [0.7777777910232544, 0.3333333432674408], [0.0, 0.8888888955116272]]
[epoch 48] Predicted Actions: [5, 5, 5, 5, 5, 5, 5, 5, 5, 5]
[epoch 48] Actual Actions:    [5, 5, 5, 5, 5, 5, 5, 5, 5, 5]
[epoch 48] Predicted Positions: [[0.47772684693336487, 0.5668821930885315], [0.47772684693336487, 0.5668821930885315], [0.47772684693336487, 0.5668821930885315], [0.47772684693336487, 0.5668821930885315], [0.47772684693336487, 0.5668821930885315], [0.47772684693336487, 0.5668821930885315], [0.47772684693336487, 0.5668821930885315], [0.47772684693336487, 0.5668821930885315], [0.47772684693336487, 0.5668821930885315], [0.47772684693336487, 0.5668821930885315]]
[epoch 48] Actual Positions:    [[0.2222222238779068, 0.6666666865348816], [0.6666666865348816, 1.0], [0.4444444477558136, 0.8888888955116272], [1.0, 0.3333333432674408], [0.4444444477558136, 0.4444444477558136], [0.2222222238779068, 0.2222222238779068], [0.3333333432674408, 0.8888888955116272], [0.6666666865348816, 0.0], [0.7777777910232544, 0.3333333432674408], [0.0, 0.8888888955116272]]
[epoch 48] Predicted Actions: [5, 5, 5, 5, 5, 5, 5, 5, 5, 5]
[epoch 48] Actual Actions:    [5, 5, 5, 5, 5, 5, 5, 5, 5, 5]
[epoch 48] Predicted Positions: [[0.4777272641658783, 0.5668807029724121], [0.4777272641658783, 0.5668807029724121], [0.4777272641658783, 0.5668807029724121], [0.4777272641658783, 0.5668807029724121], [0.4777272641658783, 0.5668807029724121], [0.4777272641658783, 0.5668807029724121], [0.4777272641658783, 0.5668807029724121], [0.4777272641658783, 0.5668807029724121], [0.4777272641658783, 0.5668807029724121], [0.4777272641658783, 0.5668807029724121]]
[epoch 48] Actual Positions:    [[0.2222222238779068, 0.6666666865348816], [0.6666666865348816, 1.0], [0.4444444477558136, 0.8888888955116272], [1.0, 0.3333333432674408], [0.4444444477558136, 0.4444444477558136], [0.2222222238779068, 0.2222222238779068], [0.3333333432674408, 0.8888888955116272], [0.6666666865348816, 0.0], [0.7777777910232544, 0.3333333432674408], [0.0, 0.8888888955116272]]
[epoch 48] Predicted Actions: [5, 5, 5, 5, 5, 5, 5, 5, 5, 5]
[epoch 48] Actual Actions:    [5, 5, 5, 5, 5, 5, 5, 5, 5, 5]
[epoch 48] Predicted Positions: [[0.4777277112007141, 0.5668792724609375], [0.4777277112007141, 0.5668792724609375], [0.4777277112007141, 0.5668792724609375], [0.4777277112007141, 0.5668792724609375], [0.4777277112007141, 0.5668792724609375], [0.4777277112007141, 0.5668792724609375], [0.4777277112007141, 0.5668792724609375], [0.4777277112007141, 0.5668792724609375], [0.4777277112007141, 0.5668792724609375], [0.4777277112007141, 0.5668792724609375]]
[epoch 48] Actual Positions:    [[0.2222222238779068, 0.6666666865348816], [0.6666666865348816, 1.0], [0.4444444477558136, 0.8888888955116272], [1.0, 0.3333333432674408], [0.4444444477558136, 0.4444444477558136], [0.2222222238779068, 0.2222222238779068], [0.3333333432674408, 0.8888888955116272], [0.6666666865348816, 0.0], [0.7777777910232544, 0.3333333432674408], [0.0, 0.8888888955116272]]
[epoch 49] Predicted Actions: [5, 5, 5, 5, 5, 5, 5, 5, 5, 5]
[epoch 49] Actual Actions:    [5, 5, 5, 5, 5, 5, 5, 5, 5, 5]
[epoch 49] Predicted Positions: [[0.47772806882858276, 0.5668779015541077], [0.47772806882858276, 0.5668779015541077], [0.47772806882858276, 0.5668779015541077], [0.47772806882858276, 0.5668779015541077], [0.47772806882858276, 0.5668779015541077], [0.47772806882858276, 0.5668779015541077], [0.47772806882858276, 0.5668779015541077], [0.47772806882858276, 0.5668779015541077], [0.47772806882858276, 0.5668779015541077], [0.47772806882858276, 0.5668779015541077]]
[epoch 49] Actual Positions:    [[0.2222222238779068, 0.6666666865348816], [0.6666666865348816, 1.0], [0.4444444477558136, 0.8888888955116272], [1.0, 0.3333333432674408], [0.4444444477558136, 0.4444444477558136], [0.2222222238779068, 0.2222222238779068], [0.3333333432674408, 0.8888888955116272], [0.6666666865348816, 0.0], [0.7777777910232544, 0.3333333432674408], [0.0, 0.8888888955116272]]
[epoch 49] Predicted Actions: [5, 5, 5, 5, 5, 5, 5, 5, 5, 5]
[epoch 49] Actual Actions:    [5, 5, 5, 5, 5, 5, 5, 5, 5, 5]
[epoch 49] Predicted Positions: [[0.4777284562587738, 0.5668766498565674], [0.4777284562587738, 0.5668766498565674], [0.4777284562587738, 0.5668766498565674], [0.4777284562587738, 0.5668766498565674], [0.4777284562587738, 0.5668766498565674], [0.4777284562587738, 0.5668766498565674], [0.4777284562587738, 0.5668766498565674], [0.4777284562587738, 0.5668766498565674], [0.4777284562587738, 0.5668766498565674], [0.4777284562587738, 0.5668766498565674]]
[epoch 49] Actual Positions:    [[0.2222222238779068, 0.6666666865348816], [0.6666666865348816, 1.0], [0.4444444477558136, 0.8888888955116272], [1.0, 0.3333333432674408], [0.4444444477558136, 0.4444444477558136], [0.2222222238779068, 0.2222222238779068], [0.3333333432674408, 0.8888888955116272], [0.6666666865348816, 0.0], [0.7777777910232544, 0.3333333432674408], [0.0, 0.8888888955116272]]
[epoch 49] Predicted Actions: [5, 5, 5, 5, 5, 5, 5, 5, 5, 5]
[epoch 49] Actual Actions:    [5, 5, 5, 5, 5, 5, 5, 5, 5, 5]
[epoch 49] Predicted Positions: [[0.47772884368896484, 0.5668754577636719], [0.47772884368896484, 0.5668754577636719], [0.47772884368896484, 0.5668754577636719], [0.47772884368896484, 0.5668754577636719], [0.47772884368896484, 0.5668754577636719], [0.47772884368896484, 0.5668754577636719], [0.47772884368896484, 0.5668754577636719], [0.47772884368896484, 0.5668754577636719], [0.47772884368896484, 0.5668754577636719], [0.47772884368896484, 0.5668754577636719]]
[epoch 49] Actual Positions:    [[0.2222222238779068, 0.6666666865348816], [0.6666666865348816, 1.0], [0.4444444477558136, 0.8888888955116272], [1.0, 0.3333333432674408], [0.4444444477558136, 0.4444444477558136], [0.2222222238779068, 0.2222222238779068], [0.3333333432674408, 0.8888888955116272], [0.6666666865348816, 0.0], [0.7777777910232544, 0.3333333432674408], [0.0, 0.8888888955116272]]
[epoch 49] Predicted Actions: [5, 5, 5, 5, 5, 5, 5, 5, 5, 5]
[epoch 49] Actual Actions:    [5, 5, 5, 5, 5, 5, 5, 5, 5, 5]
[epoch 49] Predicted Positions: [[0.4777292311191559, 0.5668742656707764], [0.4777292311191559, 0.5668742656707764], [0.4777292311191559, 0.5668742656707764], [0.4777292311191559, 0.5668742656707764], [0.4777292311191559, 0.5668742656707764], [0.4777292311191559, 0.5668742656707764], [0.4777292311191559, 0.5668742656707764], [0.4777292311191559, 0.5668742656707764], [0.4777292311191559, 0.5668742656707764], [0.4777292311191559, 0.5668742656707764]]
[epoch 49] Actual Positions:    [[0.2222222238779068, 0.6666666865348816], [0.6666666865348816, 1.0], [0.4444444477558136, 0.8888888955116272], [1.0, 0.3333333432674408], [0.4444444477558136, 0.4444444477558136], [0.2222222238779068, 0.2222222238779068], [0.3333333432674408, 0.8888888955116272], [0.6666666865348816, 0.0], [0.7777777910232544, 0.3333333432674408], [0.0, 0.8888888955116272]]
[epoch 49] Predicted Actions: [5, 5, 5, 5, 5, 5, 5, 5, 5, 5]
[epoch 49] Actual Actions:    [5, 5, 5, 5, 5, 5, 5, 5, 5, 5]
[epoch 49] Predicted Positions: [[0.47772955894470215, 0.5668731331825256], [0.47772955894470215, 0.5668731331825256], [0.47772955894470215, 0.5668731331825256], [0.47772955894470215, 0.5668731331825256], [0.47772955894470215, 0.5668731331825256], [0.47772955894470215, 0.5668731331825256], [0.47772955894470215, 0.5668731331825256], [0.47772955894470215, 0.5668731331825256], [0.47772955894470215, 0.5668731331825256], [0.47772955894470215, 0.5668731331825256]]
[epoch 49] Actual Positions:    [[0.2222222238779068, 0.6666666865348816], [0.6666666865348816, 1.0], [0.4444444477558136, 0.8888888955116272], [1.0, 0.3333333432674408], [0.4444444477558136, 0.4444444477558136], [0.2222222238779068, 0.2222222238779068], [0.3333333432674408, 0.8888888955116272], [0.6666666865348816, 0.0], [0.7777777910232544, 0.3333333432674408], [0.0, 0.8888888955116272]]
[epoch 50] Predicted Actions: [5, 5, 5, 5, 5, 5, 5, 5, 5, 5]
[epoch 50] Actual Actions:    [5, 5, 5, 5, 5, 5, 5, 5, 5, 5]
[epoch 50] Predicted Positions: [[0.4777299463748932, 0.5668720006942749], [0.4777299463748932, 0.5668720006942749], [0.4777299463748932, 0.5668720006942749], [0.4777299463748932, 0.5668720006942749], [0.4777299463748932, 0.5668720006942749], [0.4777299463748932, 0.5668720006942749], [0.4777299463748932, 0.5668720006942749], [0.4777299463748932, 0.5668720006942749], [0.4777299463748932, 0.5668720006942749], [0.4777299463748932, 0.5668720006942749]]
[epoch 50] Actual Positions:    [[0.2222222238779068, 0.6666666865348816], [0.6666666865348816, 1.0], [0.4444444477558136, 0.8888888955116272], [1.0, 0.3333333432674408], [0.4444444477558136, 0.4444444477558136], [0.2222222238779068, 0.2222222238779068], [0.3333333432674408, 0.8888888955116272], [0.6666666865348816, 0.0], [0.7777777910232544, 0.3333333432674408], [0.0, 0.8888888955116272]]
[epoch 50] Predicted Actions: [5, 5, 5, 5, 5, 5, 5, 5, 5, 5]
[epoch 50] Actual Actions:    [5, 5, 5, 5, 5, 5, 5, 5, 5, 5]
[epoch 50] Predicted Positions: [[0.47773027420043945, 0.566870927810669], [0.47773027420043945, 0.566870927810669], [0.47773027420043945, 0.566870927810669], [0.47773027420043945, 0.566870927810669], [0.47773027420043945, 0.566870927810669], [0.47773027420043945, 0.566870927810669], [0.47773027420043945, 0.566870927810669], [0.47773027420043945, 0.566870927810669], [0.47773027420043945, 0.566870927810669], [0.47773027420043945, 0.566870927810669]]
[epoch 50] Actual Positions:    [[0.2222222238779068, 0.6666666865348816], [0.6666666865348816, 1.0], [0.4444444477558136, 0.8888888955116272], [1.0, 0.3333333432674408], [0.4444444477558136, 0.4444444477558136], [0.2222222238779068, 0.2222222238779068], [0.3333333432674408, 0.8888888955116272], [0.6666666865348816, 0.0], [0.7777777910232544, 0.3333333432674408], [0.0, 0.8888888955116272]]
[epoch 50] Predicted Actions: [5, 5, 5, 5, 5, 5, 5, 5, 5, 5]
[epoch 50] Actual Actions:    [5, 5, 5, 5, 5, 5, 5, 5, 5, 5]
[epoch 50] Predicted Positions: [[0.47773054242134094, 0.5668699741363525], [0.47773054242134094, 0.5668699741363525], [0.47773054242134094, 0.5668699741363525], [0.47773054242134094, 0.5668699741363525], [0.47773054242134094, 0.5668699741363525], [0.47773054242134094, 0.5668699741363525], [0.47773054242134094, 0.5668699741363525], [0.47773054242134094, 0.5668699741363525], [0.47773054242134094, 0.5668699741363525], [0.47773054242134094, 0.5668699741363525]]
[epoch 50] Actual Positions:    [[0.2222222238779068, 0.6666666865348816], [0.6666666865348816, 1.0], [0.4444444477558136, 0.8888888955116272], [1.0, 0.3333333432674408], [0.4444444477558136, 0.4444444477558136], [0.2222222238779068, 0.2222222238779068], [0.3333333432674408, 0.8888888955116272], [0.6666666865348816, 0.0], [0.7777777910232544, 0.3333333432674408], [0.0, 0.8888888955116272]]
[epoch 50] Predicted Actions: [5, 5, 5, 5, 5, 5, 5, 5, 5, 5]
[epoch 50] Actual Actions:    [5, 5, 5, 5, 5, 5, 5, 5, 5, 5]
[epoch 50] Predicted Positions: [[0.4777308702468872, 0.5668690204620361], [0.4777308702468872, 0.5668690204620361], [0.4777308702468872, 0.5668690204620361], [0.4777308702468872, 0.5668690204620361], [0.4777308702468872, 0.5668690204620361], [0.4777308702468872, 0.5668690204620361], [0.4777308702468872, 0.5668690204620361], [0.4777308702468872, 0.5668690204620361], [0.4777308702468872, 0.5668690204620361], [0.4777308702468872, 0.5668690204620361]]
[epoch 50] Actual Positions:    [[0.2222222238779068, 0.6666666865348816], [0.6666666865348816, 1.0], [0.4444444477558136, 0.8888888955116272], [1.0, 0.3333333432674408], [0.4444444477558136, 0.4444444477558136], [0.2222222238779068, 0.2222222238779068], [0.3333333432674408, 0.8888888955116272], [0.6666666865348816, 0.0], [0.7777777910232544, 0.3333333432674408], [0.0, 0.8888888955116272]]
[epoch 50] Predicted Actions: [5, 5, 5, 5, 5, 5, 5, 5, 5, 5]
[epoch 50] Actual Actions:    [5, 5, 5, 5, 5, 5, 5, 5, 5, 5]
[epoch 50] Predicted Positions: [[0.47773119807243347, 0.566868007183075], [0.47773119807243347, 0.566868007183075], [0.47773119807243347, 0.566868007183075], [0.47773119807243347, 0.566868007183075], [0.47773119807243347, 0.566868007183075], [0.47773119807243347, 0.566868007183075], [0.47773119807243347, 0.566868007183075], [0.47773119807243347, 0.566868007183075], [0.47773119807243347, 0.566868007183075], [0.47773119807243347, 0.566868007183075]]
[epoch 50] Actual Positions:    [[0.2222222238779068, 0.6666666865348816], [0.6666666865348816, 1.0], [0.4444444477558136, 0.8888888955116272], [1.0, 0.3333333432674408], [0.4444444477558136, 0.4444444477558136], [0.2222222238779068, 0.2222222238779068], [0.3333333432674408, 0.8888888955116272], [0.6666666865348816, 0.0], [0.7777777910232544, 0.3333333432674408], [0.0, 0.8888888955116272]]
[epoch 51] Predicted Actions: [5, 5, 5, 5, 5, 5, 5, 5, 5, 5]
[epoch 51] Actual Actions:    [5, 5, 5, 5, 5, 5, 5, 5, 5, 5]
[epoch 51] Predicted Positions: [[0.47773146629333496, 0.5668670535087585], [0.47773146629333496, 0.5668670535087585], [0.47773146629333496, 0.5668670535087585], [0.47773146629333496, 0.5668670535087585], [0.47773146629333496, 0.5668670535087585], [0.47773146629333496, 0.5668670535087585], [0.47773146629333496, 0.5668670535087585], [0.47773146629333496, 0.5668670535087585], [0.47773146629333496, 0.5668670535087585], [0.47773146629333496, 0.5668670535087585]]
[epoch 51] Actual Positions:    [[0.2222222238779068, 0.6666666865348816], [0.6666666865348816, 1.0], [0.4444444477558136, 0.8888888955116272], [1.0, 0.3333333432674408], [0.4444444477558136, 0.4444444477558136], [0.2222222238779068, 0.2222222238779068], [0.3333333432674408, 0.8888888955116272], [0.6666666865348816, 0.0], [0.7777777910232544, 0.3333333432674408], [0.0, 0.8888888955116272]]
[epoch 51] Predicted Actions: [5, 5, 5, 5, 5, 5, 5, 5, 5, 5]
[epoch 51] Actual Actions:    [5, 5, 5, 5, 5, 5, 5, 5, 5, 5]
[epoch 51] Predicted Positions: [[0.47773173451423645, 0.5668661594390869], [0.47773173451423645, 0.5668661594390869], [0.47773173451423645, 0.5668661594390869], [0.47773173451423645, 0.5668661594390869], [0.47773173451423645, 0.5668661594390869], [0.47773173451423645, 0.5668661594390869], [0.47773173451423645, 0.5668661594390869], [0.47773173451423645, 0.5668661594390869], [0.47773173451423645, 0.5668661594390869], [0.47773173451423645, 0.5668661594390869]]
[epoch 51] Actual Positions:    [[0.2222222238779068, 0.6666666865348816], [0.6666666865348816, 1.0], [0.4444444477558136, 0.8888888955116272], [1.0, 0.3333333432674408], [0.4444444477558136, 0.4444444477558136], [0.2222222238779068, 0.2222222238779068], [0.3333333432674408, 0.8888888955116272], [0.6666666865348816, 0.0], [0.7777777910232544, 0.3333333432674408], [0.0, 0.8888888955116272]]
[epoch 51] Predicted Actions: [5, 5, 5, 5, 5, 5, 5, 5, 5, 5]
[epoch 51] Actual Actions:    [5, 5, 5, 5, 5, 5, 5, 5, 5, 5]
[epoch 51] Predicted Positions: [[0.47773200273513794, 0.5668652653694153], [0.47773200273513794, 0.5668652653694153], [0.47773200273513794, 0.5668652653694153], [0.47773200273513794, 0.5668652653694153], [0.47773200273513794, 0.5668652653694153], [0.47773200273513794, 0.5668652653694153], [0.47773200273513794, 0.5668652653694153], [0.47773200273513794, 0.5668652653694153], [0.47773200273513794, 0.5668652653694153], [0.47773200273513794, 0.5668652653694153]]
[epoch 51] Actual Positions:    [[0.2222222238779068, 0.6666666865348816], [0.6666666865348816, 1.0], [0.4444444477558136, 0.8888888955116272], [1.0, 0.3333333432674408], [0.4444444477558136, 0.4444444477558136], [0.2222222238779068, 0.2222222238779068], [0.3333333432674408, 0.8888888955116272], [0.6666666865348816, 0.0], [0.7777777910232544, 0.3333333432674408], [0.0, 0.8888888955116272]]
[epoch 51] Predicted Actions: [5, 5, 5, 5, 5, 5, 5, 5, 5, 5]
[epoch 51] Actual Actions:    [5, 5, 5, 5, 5, 5, 5, 5, 5, 5]
[epoch 51] Predicted Positions: [[0.47773227095603943, 0.5668644309043884], [0.47773227095603943, 0.5668644309043884], [0.47773227095603943, 0.5668644309043884], [0.47773227095603943, 0.5668644309043884], [0.47773227095603943, 0.5668644309043884], [0.47773227095603943, 0.5668644309043884], [0.47773227095603943, 0.5668644309043884], [0.47773227095603943, 0.5668644309043884], [0.47773227095603943, 0.5668644309043884], [0.47773227095603943, 0.5668644309043884]]
[epoch 51] Actual Positions:    [[0.2222222238779068, 0.6666666865348816], [0.6666666865348816, 1.0], [0.4444444477558136, 0.8888888955116272], [1.0, 0.3333333432674408], [0.4444444477558136, 0.4444444477558136], [0.2222222238779068, 0.2222222238779068], [0.3333333432674408, 0.8888888955116272], [0.6666666865348816, 0.0], [0.7777777910232544, 0.3333333432674408], [0.0, 0.8888888955116272]]
[epoch 51] Predicted Actions: [5, 5, 5, 5, 5, 5, 5, 5, 5, 5]
[epoch 51] Actual Actions:    [5, 5, 5, 5, 5, 5, 5, 5, 5, 5]
[epoch 51] Predicted Positions: [[0.47773247957229614, 0.5668635368347168], [0.47773247957229614, 0.5668635368347168], [0.47773247957229614, 0.5668635368347168], [0.47773247957229614, 0.5668635368347168], [0.47773247957229614, 0.5668635368347168], [0.47773247957229614, 0.5668635368347168], [0.47773247957229614, 0.5668635368347168], [0.47773247957229614, 0.5668635368347168], [0.47773247957229614, 0.5668635368347168], [0.47773247957229614, 0.5668635368347168]]
[epoch 51] Actual Positions:    [[0.2222222238779068, 0.6666666865348816], [0.6666666865348816, 1.0], [0.4444444477558136, 0.8888888955116272], [1.0, 0.3333333432674408], [0.4444444477558136, 0.4444444477558136], [0.2222222238779068, 0.2222222238779068], [0.3333333432674408, 0.8888888955116272], [0.6666666865348816, 0.0], [0.7777777910232544, 0.3333333432674408], [0.0, 0.8888888955116272]]
[epoch 52] Predicted Actions: [5, 5, 5, 5, 5, 5, 5, 5, 5, 5]
[epoch 52] Actual Actions:    [5, 5, 5, 5, 5, 5, 5, 5, 5, 5]
[epoch 52] Predicted Positions: [[0.47773271799087524, 0.5668626427650452], [0.47773271799087524, 0.5668626427650452], [0.47773271799087524, 0.5668626427650452], [0.47773271799087524, 0.5668626427650452], [0.47773271799087524, 0.5668626427650452], [0.47773271799087524, 0.5668626427650452], [0.47773271799087524, 0.5668626427650452], [0.47773271799087524, 0.5668626427650452], [0.47773271799087524, 0.5668626427650452], [0.47773271799087524, 0.5668626427650452]]
[epoch 52] Actual Positions:    [[0.2222222238779068, 0.6666666865348816], [0.6666666865348816, 1.0], [0.4444444477558136, 0.8888888955116272], [1.0, 0.3333333432674408], [0.4444444477558136, 0.4444444477558136], [0.2222222238779068, 0.2222222238779068], [0.3333333432674408, 0.8888888955116272], [0.6666666865348816, 0.0], [0.7777777910232544, 0.3333333432674408], [0.0, 0.8888888955116272]]
[epoch 52] Predicted Actions: [5, 5, 5, 5, 5, 5, 5, 5, 5, 5]
[epoch 52] Actual Actions:    [5, 5, 5, 5, 5, 5, 5, 5, 5, 5]
[epoch 52] Predicted Positions: [[0.47773292660713196, 0.5668618679046631], [0.47773292660713196, 0.5668618679046631], [0.47773292660713196, 0.5668618679046631], [0.47773292660713196, 0.5668618679046631], [0.47773292660713196, 0.5668618679046631], [0.47773292660713196, 0.5668618679046631], [0.47773292660713196, 0.5668618679046631], [0.47773292660713196, 0.5668618679046631], [0.47773292660713196, 0.5668618679046631], [0.47773292660713196, 0.5668618679046631]]
[epoch 52] Actual Positions:    [[0.2222222238779068, 0.6666666865348816], [0.6666666865348816, 1.0], [0.4444444477558136, 0.8888888955116272], [1.0, 0.3333333432674408], [0.4444444477558136, 0.4444444477558136], [0.2222222238779068, 0.2222222238779068], [0.3333333432674408, 0.8888888955116272], [0.6666666865348816, 0.0], [0.7777777910232544, 0.3333333432674408], [0.0, 0.8888888955116272]]
[epoch 52] Predicted Actions: [5, 5, 5, 5, 5, 5, 5, 5, 5, 5]
[epoch 52] Actual Actions:    [5, 5, 5, 5, 5, 5, 5, 5, 5, 5]
[epoch 52] Predicted Positions: [[0.47773313522338867, 0.5668610334396362], [0.47773313522338867, 0.5668610334396362], [0.47773313522338867, 0.5668610334396362], [0.47773313522338867, 0.5668610334396362], [0.47773313522338867, 0.5668610334396362], [0.47773313522338867, 0.5668610334396362], [0.47773313522338867, 0.5668610334396362], [0.47773313522338867, 0.5668610334396362], [0.47773313522338867, 0.5668610334396362], [0.47773313522338867, 0.5668610334396362]]
[epoch 52] Actual Positions:    [[0.2222222238779068, 0.6666666865348816], [0.6666666865348816, 1.0], [0.4444444477558136, 0.8888888955116272], [1.0, 0.3333333432674408], [0.4444444477558136, 0.4444444477558136], [0.2222222238779068, 0.2222222238779068], [0.3333333432674408, 0.8888888955116272], [0.6666666865348816, 0.0], [0.7777777910232544, 0.3333333432674408], [0.0, 0.8888888955116272]]
[epoch 52] Predicted Actions: [5, 5, 5, 5, 5, 5, 5, 5, 5, 5]
[epoch 52] Actual Actions:    [5, 5, 5, 5, 5, 5, 5, 5, 5, 5]
[epoch 52] Predicted Positions: [[0.4777333736419678, 0.5668601989746094], [0.4777333736419678, 0.5668601989746094], [0.4777333736419678, 0.5668601989746094], [0.4777333736419678, 0.5668601989746094], [0.4777333736419678, 0.5668601989746094], [0.4777333736419678, 0.5668601989746094], [0.4777333736419678, 0.5668601989746094], [0.4777333736419678, 0.5668601989746094], [0.4777333736419678, 0.5668601989746094], [0.4777333736419678, 0.5668601989746094]]
[epoch 52] Actual Positions:    [[0.2222222238779068, 0.6666666865348816], [0.6666666865348816, 1.0], [0.4444444477558136, 0.8888888955116272], [1.0, 0.3333333432674408], [0.4444444477558136, 0.4444444477558136], [0.2222222238779068, 0.2222222238779068], [0.3333333432674408, 0.8888888955116272], [0.6666666865348816, 0.0], [0.7777777910232544, 0.3333333432674408], [0.0, 0.8888888955116272]]
[epoch 52] Predicted Actions: [5, 5, 5, 5, 5, 5, 5, 5, 5, 5]
[epoch 52] Actual Actions:    [5, 5, 5, 5, 5, 5, 5, 5, 5, 5]
[epoch 52] Predicted Positions: [[0.4777335822582245, 0.5668594241142273], [0.4777335822582245, 0.5668594241142273], [0.4777335822582245, 0.5668594241142273], [0.4777335822582245, 0.5668594241142273], [0.4777335822582245, 0.5668594241142273], [0.4777335822582245, 0.5668594241142273], [0.4777335822582245, 0.5668594241142273], [0.4777335822582245, 0.5668594241142273], [0.4777335822582245, 0.5668594241142273], [0.4777335822582245, 0.5668594241142273]]
[epoch 52] Actual Positions:    [[0.2222222238779068, 0.6666666865348816], [0.6666666865348816, 1.0], [0.4444444477558136, 0.8888888955116272], [1.0, 0.3333333432674408], [0.4444444477558136, 0.4444444477558136], [0.2222222238779068, 0.2222222238779068], [0.3333333432674408, 0.8888888955116272], [0.6666666865348816, 0.0], [0.7777777910232544, 0.3333333432674408], [0.0, 0.8888888955116272]]
[epoch 53] Predicted Actions: [5, 5, 5, 5, 5, 5, 5, 5, 5, 5]
[epoch 53] Actual Actions:    [5, 5, 5, 5, 5, 5, 5, 5, 5, 5]
[epoch 53] Predicted Positions: [[0.4777337908744812, 0.5668585896492004], [0.4777337908744812, 0.5668585896492004], [0.4777337908744812, 0.5668585896492004], [0.4777337908744812, 0.5668585896492004], [0.4777337908744812, 0.5668585896492004], [0.4777337908744812, 0.5668585896492004], [0.4777337908744812, 0.5668585896492004], [0.4777337908744812, 0.5668585896492004], [0.4777337908744812, 0.5668585896492004], [0.4777337908744812, 0.5668585896492004]]
[epoch 53] Actual Positions:    [[0.2222222238779068, 0.6666666865348816], [0.6666666865348816, 1.0], [0.4444444477558136, 0.8888888955116272], [1.0, 0.3333333432674408], [0.4444444477558136, 0.4444444477558136], [0.2222222238779068, 0.2222222238779068], [0.3333333432674408, 0.8888888955116272], [0.6666666865348816, 0.0], [0.7777777910232544, 0.3333333432674408], [0.0, 0.8888888955116272]]
[epoch 53] Predicted Actions: [5, 5, 5, 5, 5, 5, 5, 5, 5, 5]
[epoch 53] Actual Actions:    [5, 5, 5, 5, 5, 5, 5, 5, 5, 5]
[epoch 53] Predicted Positions: [[0.4777340292930603, 0.5668578147888184], [0.4777340292930603, 0.5668578147888184], [0.4777340292930603, 0.5668578147888184], [0.4777340292930603, 0.5668578147888184], [0.4777340292930603, 0.5668578147888184], [0.4777340292930603, 0.5668578147888184], [0.4777340292930603, 0.5668578147888184], [0.4777340292930603, 0.5668578147888184], [0.4777340292930603, 0.5668578147888184], [0.4777340292930603, 0.5668578147888184]]
[epoch 53] Actual Positions:    [[0.2222222238779068, 0.6666666865348816], [0.6666666865348816, 1.0], [0.4444444477558136, 0.8888888955116272], [1.0, 0.3333333432674408], [0.4444444477558136, 0.4444444477558136], [0.2222222238779068, 0.2222222238779068], [0.3333333432674408, 0.8888888955116272], [0.6666666865348816, 0.0], [0.7777777910232544, 0.3333333432674408], [0.0, 0.8888888955116272]]
[epoch 53] Predicted Actions: [5, 5, 5, 5, 5, 5, 5, 5, 5, 5]
[epoch 53] Actual Actions:    [5, 5, 5, 5, 5, 5, 5, 5, 5, 5]
[epoch 53] Predicted Positions: [[0.47773417830467224, 0.5668570399284363], [0.47773417830467224, 0.5668570399284363], [0.47773417830467224, 0.5668570399284363], [0.47773417830467224, 0.5668570399284363], [0.47773417830467224, 0.5668570399284363], [0.47773417830467224, 0.5668570399284363], [0.47773417830467224, 0.5668570399284363], [0.47773417830467224, 0.5668570399284363], [0.47773417830467224, 0.5668570399284363], [0.47773417830467224, 0.5668570399284363]]
[epoch 53] Actual Positions:    [[0.2222222238779068, 0.6666666865348816], [0.6666666865348816, 1.0], [0.4444444477558136, 0.8888888955116272], [1.0, 0.3333333432674408], [0.4444444477558136, 0.4444444477558136], [0.2222222238779068, 0.2222222238779068], [0.3333333432674408, 0.8888888955116272], [0.6666666865348816, 0.0], [0.7777777910232544, 0.3333333432674408], [0.0, 0.8888888955116272]]
[epoch 53] Predicted Actions: [5, 5, 5, 5, 5, 5, 5, 5, 5, 5]
[epoch 53] Actual Actions:    [5, 5, 5, 5, 5, 5, 5, 5, 5, 5]
[epoch 53] Predicted Positions: [[0.4777343273162842, 0.5668562054634094], [0.4777343273162842, 0.5668562054634094], [0.4777343273162842, 0.5668562054634094], [0.4777343273162842, 0.5668562054634094], [0.4777343273162842, 0.5668562054634094], [0.4777343273162842, 0.5668562054634094], [0.4777343273162842, 0.5668562054634094], [0.4777343273162842, 0.5668562054634094], [0.4777343273162842, 0.5668562054634094], [0.4777343273162842, 0.5668562054634094]]
[epoch 53] Actual Positions:    [[0.2222222238779068, 0.6666666865348816], [0.6666666865348816, 1.0], [0.4444444477558136, 0.8888888955116272], [1.0, 0.3333333432674408], [0.4444444477558136, 0.4444444477558136], [0.2222222238779068, 0.2222222238779068], [0.3333333432674408, 0.8888888955116272], [0.6666666865348816, 0.0], [0.7777777910232544, 0.3333333432674408], [0.0, 0.8888888955116272]]
[epoch 53] Predicted Actions: [5, 5, 5, 5, 5, 5, 5, 5, 5, 5]
[epoch 53] Actual Actions:    [5, 5, 5, 5, 5, 5, 5, 5, 5, 5]
[epoch 53] Predicted Positions: [[0.4777345657348633, 0.5668554306030273], [0.4777345657348633, 0.5668554306030273], [0.4777345657348633, 0.5668554306030273], [0.4777345657348633, 0.5668554306030273], [0.4777345657348633, 0.5668554306030273], [0.4777345657348633, 0.5668554306030273], [0.4777345657348633, 0.5668554306030273], [0.4777345657348633, 0.5668554306030273], [0.4777345657348633, 0.5668554306030273], [0.4777345657348633, 0.5668554306030273]]
[epoch 53] Actual Positions:    [[0.2222222238779068, 0.6666666865348816], [0.6666666865348816, 1.0], [0.4444444477558136, 0.8888888955116272], [1.0, 0.3333333432674408], [0.4444444477558136, 0.4444444477558136], [0.2222222238779068, 0.2222222238779068], [0.3333333432674408, 0.8888888955116272], [0.6666666865348816, 0.0], [0.7777777910232544, 0.3333333432674408], [0.0, 0.8888888955116272]]
[epoch 54] Predicted Actions: [5, 5, 5, 5, 5, 5, 5, 5, 5, 5]
[epoch 54] Actual Actions:    [5, 5, 5, 5, 5, 5, 5, 5, 5, 5]
[epoch 54] Predicted Positions: [[0.4777347147464752, 0.5668546557426453], [0.4777347147464752, 0.5668546557426453], [0.4777347147464752, 0.5668546557426453], [0.4777347147464752, 0.5668546557426453], [0.4777347147464752, 0.5668546557426453], [0.4777347147464752, 0.5668546557426453], [0.4777347147464752, 0.5668546557426453], [0.4777347147464752, 0.5668546557426453], [0.4777347147464752, 0.5668546557426453], [0.4777347147464752, 0.5668546557426453]]
[epoch 54] Actual Positions:    [[0.2222222238779068, 0.6666666865348816], [0.6666666865348816, 1.0], [0.4444444477558136, 0.8888888955116272], [1.0, 0.3333333432674408], [0.4444444477558136, 0.4444444477558136], [0.2222222238779068, 0.2222222238779068], [0.3333333432674408, 0.8888888955116272], [0.6666666865348816, 0.0], [0.7777777910232544, 0.3333333432674408], [0.0, 0.8888888955116272]]
[epoch 54] Predicted Actions: [5, 5, 5, 5, 5, 5, 5, 5, 5, 5]
[epoch 54] Actual Actions:    [5, 5, 5, 5, 5, 5, 5, 5, 5, 5]
[epoch 54] Predicted Positions: [[0.47773489356040955, 0.5668538808822632], [0.47773489356040955, 0.5668538808822632], [0.47773489356040955, 0.5668538808822632], [0.47773489356040955, 0.5668538808822632], [0.47773489356040955, 0.5668538808822632], [0.47773489356040955, 0.5668538808822632], [0.47773489356040955, 0.5668538808822632], [0.47773489356040955, 0.5668538808822632], [0.47773489356040955, 0.5668538808822632], [0.47773489356040955, 0.5668538808822632]]
[epoch 54] Actual Positions:    [[0.2222222238779068, 0.6666666865348816], [0.6666666865348816, 1.0], [0.4444444477558136, 0.8888888955116272], [1.0, 0.3333333432674408], [0.4444444477558136, 0.4444444477558136], [0.2222222238779068, 0.2222222238779068], [0.3333333432674408, 0.8888888955116272], [0.6666666865348816, 0.0], [0.7777777910232544, 0.3333333432674408], [0.0, 0.8888888955116272]]
[epoch 54] Predicted Actions: [5, 5, 5, 5, 5, 5, 5, 5, 5, 5]
[epoch 54] Actual Actions:    [5, 5, 5, 5, 5, 5, 5, 5, 5, 5]
[epoch 54] Predicted Positions: [[0.47773510217666626, 0.5668531656265259], [0.47773510217666626, 0.5668531656265259], [0.47773510217666626, 0.5668531656265259], [0.47773510217666626, 0.5668531656265259], [0.47773510217666626, 0.5668531656265259], [0.47773510217666626, 0.5668531656265259], [0.47773510217666626, 0.5668531656265259], [0.47773510217666626, 0.5668531656265259], [0.47773510217666626, 0.5668531656265259], [0.47773510217666626, 0.5668531656265259]]
[epoch 54] Actual Positions:    [[0.2222222238779068, 0.6666666865348816], [0.6666666865348816, 1.0], [0.4444444477558136, 0.8888888955116272], [1.0, 0.3333333432674408], [0.4444444477558136, 0.4444444477558136], [0.2222222238779068, 0.2222222238779068], [0.3333333432674408, 0.8888888955116272], [0.6666666865348816, 0.0], [0.7777777910232544, 0.3333333432674408], [0.0, 0.8888888955116272]]
[epoch 54] Predicted Actions: [5, 5, 5, 5, 5, 5, 5, 5, 5, 5]
[epoch 54] Actual Actions:    [5, 5, 5, 5, 5, 5, 5, 5, 5, 5]
[epoch 54] Predicted Positions: [[0.4777352809906006, 0.5668523907661438], [0.4777352809906006, 0.5668523907661438], [0.4777352809906006, 0.5668523907661438], [0.4777352809906006, 0.5668523907661438], [0.4777352809906006, 0.5668523907661438], [0.4777352809906006, 0.5668523907661438], [0.4777352809906006, 0.5668523907661438], [0.4777352809906006, 0.5668523907661438], [0.4777352809906006, 0.5668523907661438], [0.4777352809906006, 0.5668523907661438]]
[epoch 54] Actual Positions:    [[0.2222222238779068, 0.6666666865348816], [0.6666666865348816, 1.0], [0.4444444477558136, 0.8888888955116272], [1.0, 0.3333333432674408], [0.4444444477558136, 0.4444444477558136], [0.2222222238779068, 0.2222222238779068], [0.3333333432674408, 0.8888888955116272], [0.6666666865348816, 0.0], [0.7777777910232544, 0.3333333432674408], [0.0, 0.8888888955116272]]
[epoch 54] Predicted Actions: [5, 5, 5, 5, 5, 5, 5, 5, 5, 5]
[epoch 54] Actual Actions:    [5, 5, 5, 5, 5, 5, 5, 5, 5, 5]
[epoch 54] Predicted Positions: [[0.4777354300022125, 0.5668516159057617], [0.4777354300022125, 0.5668516159057617], [0.4777354300022125, 0.5668516159057617], [0.4777354300022125, 0.5668516159057617], [0.4777354300022125, 0.5668516159057617], [0.4777354300022125, 0.5668516159057617], [0.4777354300022125, 0.5668516159057617], [0.4777354300022125, 0.5668516159057617], [0.4777354300022125, 0.5668516159057617], [0.4777354300022125, 0.5668516159057617]]
[epoch 54] Actual Positions:    [[0.2222222238779068, 0.6666666865348816], [0.6666666865348816, 1.0], [0.4444444477558136, 0.8888888955116272], [1.0, 0.3333333432674408], [0.4444444477558136, 0.4444444477558136], [0.2222222238779068, 0.2222222238779068], [0.3333333432674408, 0.8888888955116272], [0.6666666865348816, 0.0], [0.7777777910232544, 0.3333333432674408], [0.0, 0.8888888955116272]]
[epoch 55] Predicted Actions: [5, 5, 5, 5, 5, 5, 5, 5, 5, 5]
[epoch 55] Actual Actions:    [5, 5, 5, 5, 5, 5, 5, 5, 5, 5]
[epoch 55] Predicted Positions: [[0.47773557901382446, 0.5668508410453796], [0.47773557901382446, 0.5668508410453796], [0.47773557901382446, 0.5668508410453796], [0.47773557901382446, 0.5668508410453796], [0.47773557901382446, 0.5668508410453796], [0.47773557901382446, 0.5668508410453796], [0.47773557901382446, 0.5668508410453796], [0.47773557901382446, 0.5668508410453796], [0.47773557901382446, 0.5668508410453796], [0.47773557901382446, 0.5668508410453796]]
[epoch 55] Actual Positions:    [[0.2222222238779068, 0.6666666865348816], [0.6666666865348816, 1.0], [0.4444444477558136, 0.8888888955116272], [1.0, 0.3333333432674408], [0.4444444477558136, 0.4444444477558136], [0.2222222238779068, 0.2222222238779068], [0.3333333432674408, 0.8888888955116272], [0.6666666865348816, 0.0], [0.7777777910232544, 0.3333333432674408], [0.0, 0.8888888955116272]]
[epoch 55] Predicted Actions: [5, 5, 5, 5, 5, 5, 5, 5, 5, 5]
[epoch 55] Actual Actions:    [5, 5, 5, 5, 5, 5, 5, 5, 5, 5]
[epoch 55] Predicted Positions: [[0.4777357578277588, 0.5668500661849976], [0.4777357578277588, 0.5668500661849976], [0.4777357578277588, 0.5668500661849976], [0.4777357578277588, 0.5668500661849976], [0.4777357578277588, 0.5668500661849976], [0.4777357578277588, 0.5668500661849976], [0.4777357578277588, 0.5668500661849976], [0.4777357578277588, 0.5668500661849976], [0.4777357578277588, 0.5668500661849976], [0.4777357578277588, 0.5668500661849976]]
[epoch 55] Actual Positions:    [[0.2222222238779068, 0.6666666865348816], [0.6666666865348816, 1.0], [0.4444444477558136, 0.8888888955116272], [1.0, 0.3333333432674408], [0.4444444477558136, 0.4444444477558136], [0.2222222238779068, 0.2222222238779068], [0.3333333432674408, 0.8888888955116272], [0.6666666865348816, 0.0], [0.7777777910232544, 0.3333333432674408], [0.0, 0.8888888955116272]]
[epoch 55] Predicted Actions: [5, 5, 5, 5, 5, 5, 5, 5, 5, 5]
[epoch 55] Actual Actions:    [5, 5, 5, 5, 5, 5, 5, 5, 5, 5]
[epoch 55] Predicted Positions: [[0.4777359068393707, 0.5668492913246155], [0.4777359068393707, 0.5668492913246155], [0.4777359068393707, 0.5668492913246155], [0.4777359068393707, 0.5668492913246155], [0.4777359068393707, 0.5668492913246155], [0.4777359068393707, 0.5668492913246155], [0.4777359068393707, 0.5668492913246155], [0.4777359068393707, 0.5668492913246155], [0.4777359068393707, 0.5668492913246155], [0.4777359068393707, 0.5668492913246155]]
[epoch 55] Actual Positions:    [[0.2222222238779068, 0.6666666865348816], [0.6666666865348816, 1.0], [0.4444444477558136, 0.8888888955116272], [1.0, 0.3333333432674408], [0.4444444477558136, 0.4444444477558136], [0.2222222238779068, 0.2222222238779068], [0.3333333432674408, 0.8888888955116272], [0.6666666865348816, 0.0], [0.7777777910232544, 0.3333333432674408], [0.0, 0.8888888955116272]]
[epoch 55] Predicted Actions: [5, 5, 5, 5, 5, 5, 5, 5, 5, 5]
[epoch 55] Actual Actions:    [5, 5, 5, 5, 5, 5, 5, 5, 5, 5]
[epoch 55] Predicted Positions: [[0.47773608565330505, 0.5668485760688782], [0.47773608565330505, 0.5668485760688782], [0.47773608565330505, 0.5668485760688782], [0.47773608565330505, 0.5668485760688782], [0.47773608565330505, 0.5668485760688782], [0.47773608565330505, 0.5668485760688782], [0.47773608565330505, 0.5668485760688782], [0.47773608565330505, 0.5668485760688782], [0.47773608565330505, 0.5668485760688782], [0.47773608565330505, 0.5668485760688782]]
[epoch 55] Actual Positions:    [[0.2222222238779068, 0.6666666865348816], [0.6666666865348816, 1.0], [0.4444444477558136, 0.8888888955116272], [1.0, 0.3333333432674408], [0.4444444477558136, 0.4444444477558136], [0.2222222238779068, 0.2222222238779068], [0.3333333432674408, 0.8888888955116272], [0.6666666865348816, 0.0], [0.7777777910232544, 0.3333333432674408], [0.0, 0.8888888955116272]]
[epoch 55] Predicted Actions: [5, 5, 5, 5, 5, 5, 5, 5, 5, 5]
[epoch 55] Actual Actions:    [5, 5, 5, 5, 5, 5, 5, 5, 5, 5]
[epoch 55] Predicted Positions: [[0.47773629426956177, 0.5668478012084961], [0.47773629426956177, 0.5668478012084961], [0.47773629426956177, 0.5668478012084961], [0.47773629426956177, 0.5668478012084961], [0.47773629426956177, 0.5668478012084961], [0.47773629426956177, 0.5668478012084961], [0.47773629426956177, 0.5668478012084961], [0.47773629426956177, 0.5668478012084961], [0.47773629426956177, 0.5668478012084961], [0.47773629426956177, 0.5668478012084961]]
[epoch 55] Actual Positions:    [[0.2222222238779068, 0.6666666865348816], [0.6666666865348816, 1.0], [0.4444444477558136, 0.8888888955116272], [1.0, 0.3333333432674408], [0.4444444477558136, 0.4444444477558136], [0.2222222238779068, 0.2222222238779068], [0.3333333432674408, 0.8888888955116272], [0.6666666865348816, 0.0], [0.7777777910232544, 0.3333333432674408], [0.0, 0.8888888955116272]]
[epoch 56] Predicted Actions: [5, 5, 5, 5, 5, 5, 5, 5, 5, 5]
[epoch 56] Actual Actions:    [5, 5, 5, 5, 5, 5, 5, 5, 5, 5]
[epoch 56] Predicted Positions: [[0.4777364134788513, 0.5668470859527588], [0.4777364134788513, 0.5668470859527588], [0.4777364134788513, 0.5668470859527588], [0.4777364134788513, 0.5668470859527588], [0.4777364134788513, 0.5668470859527588], [0.4777364134788513, 0.5668470859527588], [0.4777364134788513, 0.5668470859527588], [0.4777364134788513, 0.5668470859527588], [0.4777364134788513, 0.5668470859527588], [0.4777364134788513, 0.5668470859527588]]
[epoch 56] Actual Positions:    [[0.2222222238779068, 0.6666666865348816], [0.6666666865348816, 1.0], [0.4444444477558136, 0.8888888955116272], [1.0, 0.3333333432674408], [0.4444444477558136, 0.4444444477558136], [0.2222222238779068, 0.2222222238779068], [0.3333333432674408, 0.8888888955116272], [0.6666666865348816, 0.0], [0.7777777910232544, 0.3333333432674408], [0.0, 0.8888888955116272]]
[epoch 56] Predicted Actions: [5, 5, 5, 5, 5, 5, 5, 5, 5, 5]
[epoch 56] Actual Actions:    [5, 5, 5, 5, 5, 5, 5, 5, 5, 5]
[epoch 56] Predicted Positions: [[0.47773662209510803, 0.5668463110923767], [0.47773662209510803, 0.5668463110923767], [0.47773662209510803, 0.5668463110923767], [0.47773662209510803, 0.5668463110923767], [0.47773662209510803, 0.5668463110923767], [0.47773662209510803, 0.5668463110923767], [0.47773662209510803, 0.5668463110923767], [0.47773662209510803, 0.5668463110923767], [0.47773662209510803, 0.5668463110923767], [0.47773662209510803, 0.5668463110923767]]
[epoch 56] Actual Positions:    [[0.2222222238779068, 0.6666666865348816], [0.6666666865348816, 1.0], [0.4444444477558136, 0.8888888955116272], [1.0, 0.3333333432674408], [0.4444444477558136, 0.4444444477558136], [0.2222222238779068, 0.2222222238779068], [0.3333333432674408, 0.8888888955116272], [0.6666666865348816, 0.0], [0.7777777910232544, 0.3333333432674408], [0.0, 0.8888888955116272]]
[epoch 56] Predicted Actions: [5, 5, 5, 5, 5, 5, 5, 5, 5, 5]
[epoch 56] Actual Actions:    [5, 5, 5, 5, 5, 5, 5, 5, 5, 5]
[epoch 56] Predicted Positions: [[0.4777367413043976, 0.5668455958366394], [0.4777367413043976, 0.5668455958366394], [0.4777367413043976, 0.5668455958366394], [0.4777367413043976, 0.5668455958366394], [0.4777367413043976, 0.5668455958366394], [0.4777367413043976, 0.5668455958366394], [0.4777367413043976, 0.5668455958366394], [0.4777367413043976, 0.5668455958366394], [0.4777367413043976, 0.5668455958366394], [0.4777367413043976, 0.5668455958366394]]
[epoch 56] Actual Positions:    [[0.2222222238779068, 0.6666666865348816], [0.6666666865348816, 1.0], [0.4444444477558136, 0.8888888955116272], [1.0, 0.3333333432674408], [0.4444444477558136, 0.4444444477558136], [0.2222222238779068, 0.2222222238779068], [0.3333333432674408, 0.8888888955116272], [0.6666666865348816, 0.0], [0.7777777910232544, 0.3333333432674408], [0.0, 0.8888888955116272]]
[epoch 56] Predicted Actions: [5, 5, 5, 5, 5, 5, 5, 5, 5, 5]
[epoch 56] Actual Actions:    [5, 5, 5, 5, 5, 5, 5, 5, 5, 5]
[epoch 56] Predicted Positions: [[0.4777368903160095, 0.5668448805809021], [0.4777368903160095, 0.5668448805809021], [0.4777368903160095, 0.5668448805809021], [0.4777368903160095, 0.5668448805809021], [0.4777368903160095, 0.5668448805809021], [0.4777368903160095, 0.5668448805809021], [0.4777368903160095, 0.5668448805809021], [0.4777368903160095, 0.5668448805809021], [0.4777368903160095, 0.5668448805809021], [0.4777368903160095, 0.5668448805809021]]
[epoch 56] Actual Positions:    [[0.2222222238779068, 0.6666666865348816], [0.6666666865348816, 1.0], [0.4444444477558136, 0.8888888955116272], [1.0, 0.3333333432674408], [0.4444444477558136, 0.4444444477558136], [0.2222222238779068, 0.2222222238779068], [0.3333333432674408, 0.8888888955116272], [0.6666666865348816, 0.0], [0.7777777910232544, 0.3333333432674408], [0.0, 0.8888888955116272]]
[epoch 56] Predicted Actions: [5, 5, 5, 5, 5, 5, 5, 5, 5, 5]
[epoch 56] Actual Actions:    [5, 5, 5, 5, 5, 5, 5, 5, 5, 5]
[epoch 56] Predicted Positions: [[0.47773706912994385, 0.56684410572052], [0.47773706912994385, 0.56684410572052], [0.47773706912994385, 0.56684410572052], [0.47773706912994385, 0.56684410572052], [0.47773706912994385, 0.56684410572052], [0.47773706912994385, 0.56684410572052], [0.47773706912994385, 0.56684410572052], [0.47773706912994385, 0.56684410572052], [0.47773706912994385, 0.56684410572052], [0.47773706912994385, 0.56684410572052]]
[epoch 56] Actual Positions:    [[0.2222222238779068, 0.6666666865348816], [0.6666666865348816, 1.0], [0.4444444477558136, 0.8888888955116272], [1.0, 0.3333333432674408], [0.4444444477558136, 0.4444444477558136], [0.2222222238779068, 0.2222222238779068], [0.3333333432674408, 0.8888888955116272], [0.6666666865348816, 0.0], [0.7777777910232544, 0.3333333432674408], [0.0, 0.8888888955116272]]
[epoch 57] Predicted Actions: [5, 5, 5, 5, 5, 5, 5, 5, 5, 5]
[epoch 57] Actual Actions:    [5, 5, 5, 5, 5, 5, 5, 5, 5, 5]
[epoch 57] Predicted Positions: [[0.4777372181415558, 0.5668433904647827], [0.4777372181415558, 0.5668433904647827], [0.4777372181415558, 0.5668433904647827], [0.4777372181415558, 0.5668433904647827], [0.4777372181415558, 0.5668433904647827], [0.4777372181415558, 0.5668433904647827], [0.4777372181415558, 0.5668433904647827], [0.4777372181415558, 0.5668433904647827], [0.4777372181415558, 0.5668433904647827], [0.4777372181415558, 0.5668433904647827]]
[epoch 57] Actual Positions:    [[0.2222222238779068, 0.6666666865348816], [0.6666666865348816, 1.0], [0.4444444477558136, 0.8888888955116272], [1.0, 0.3333333432674408], [0.4444444477558136, 0.4444444477558136], [0.2222222238779068, 0.2222222238779068], [0.3333333432674408, 0.8888888955116272], [0.6666666865348816, 0.0], [0.7777777910232544, 0.3333333432674408], [0.0, 0.8888888955116272]]
[epoch 57] Predicted Actions: [5, 5, 5, 5, 5, 5, 5, 5, 5, 5]
[epoch 57] Actual Actions:    [5, 5, 5, 5, 5, 5, 5, 5, 5, 5]
[epoch 57] Predicted Positions: [[0.4777373969554901, 0.5668426752090454], [0.4777373969554901, 0.5668426752090454], [0.4777373969554901, 0.5668426752090454], [0.4777373969554901, 0.5668426752090454], [0.4777373969554901, 0.5668426752090454], [0.4777373969554901, 0.5668426752090454], [0.4777373969554901, 0.5668426752090454], [0.4777373969554901, 0.5668426752090454], [0.4777373969554901, 0.5668426752090454], [0.4777373969554901, 0.5668426752090454]]
[epoch 57] Actual Positions:    [[0.2222222238779068, 0.6666666865348816], [0.6666666865348816, 1.0], [0.4444444477558136, 0.8888888955116272], [1.0, 0.3333333432674408], [0.4444444477558136, 0.4444444477558136], [0.2222222238779068, 0.2222222238779068], [0.3333333432674408, 0.8888888955116272], [0.6666666865348816, 0.0], [0.7777777910232544, 0.3333333432674408], [0.0, 0.8888888955116272]]
[epoch 57] Predicted Actions: [5, 5, 5, 5, 5, 5, 5, 5, 5, 5]
[epoch 57] Actual Actions:    [5, 5, 5, 5, 5, 5, 5, 5, 5, 5]
[epoch 57] Predicted Positions: [[0.4777374863624573, 0.5668419599533081], [0.4777374863624573, 0.5668419599533081], [0.4777374863624573, 0.5668419599533081], [0.4777374863624573, 0.5668419599533081], [0.4777374863624573, 0.5668419599533081], [0.4777374863624573, 0.5668419599533081], [0.4777374863624573, 0.5668419599533081], [0.4777374863624573, 0.5668419599533081], [0.4777374863624573, 0.5668419599533081], [0.4777374863624573, 0.5668419599533081]]
[epoch 57] Actual Positions:    [[0.2222222238779068, 0.6666666865348816], [0.6666666865348816, 1.0], [0.4444444477558136, 0.8888888955116272], [1.0, 0.3333333432674408], [0.4444444477558136, 0.4444444477558136], [0.2222222238779068, 0.2222222238779068], [0.3333333432674408, 0.8888888955116272], [0.6666666865348816, 0.0], [0.7777777910232544, 0.3333333432674408], [0.0, 0.8888888955116272]]
[epoch 57] Predicted Actions: [5, 5, 5, 5, 5, 5, 5, 5, 5, 5]
[epoch 57] Actual Actions:    [5, 5, 5, 5, 5, 5, 5, 5, 5, 5]
[epoch 57] Predicted Positions: [[0.4777377247810364, 0.5668412446975708], [0.4777377247810364, 0.5668412446975708], [0.4777377247810364, 0.5668412446975708], [0.4777377247810364, 0.5668412446975708], [0.4777377247810364, 0.5668412446975708], [0.4777377247810364, 0.5668412446975708], [0.4777377247810364, 0.5668412446975708], [0.4777377247810364, 0.5668412446975708], [0.4777377247810364, 0.5668412446975708], [0.4777377247810364, 0.5668412446975708]]
[epoch 57] Actual Positions:    [[0.2222222238779068, 0.6666666865348816], [0.6666666865348816, 1.0], [0.4444444477558136, 0.8888888955116272], [1.0, 0.3333333432674408], [0.4444444477558136, 0.4444444477558136], [0.2222222238779068, 0.2222222238779068], [0.3333333432674408, 0.8888888955116272], [0.6666666865348816, 0.0], [0.7777777910232544, 0.3333333432674408], [0.0, 0.8888888955116272]]
[epoch 57] Predicted Actions: [5, 5, 5, 5, 5, 5, 5, 5, 5, 5]
[epoch 57] Actual Actions:    [5, 5, 5, 5, 5, 5, 5, 5, 5, 5]
[epoch 57] Predicted Positions: [[0.47773781418800354, 0.5668405890464783], [0.47773781418800354, 0.5668405890464783], [0.47773781418800354, 0.5668405890464783], [0.47773781418800354, 0.5668405890464783], [0.47773781418800354, 0.5668405890464783], [0.47773781418800354, 0.5668405890464783], [0.47773781418800354, 0.5668405890464783], [0.47773781418800354, 0.5668405890464783], [0.47773781418800354, 0.5668405890464783], [0.47773781418800354, 0.5668405890464783]]
[epoch 57] Actual Positions:    [[0.2222222238779068, 0.6666666865348816], [0.6666666865348816, 1.0], [0.4444444477558136, 0.8888888955116272], [1.0, 0.3333333432674408], [0.4444444477558136, 0.4444444477558136], [0.2222222238779068, 0.2222222238779068], [0.3333333432674408, 0.8888888955116272], [0.6666666865348816, 0.0], [0.7777777910232544, 0.3333333432674408], [0.0, 0.8888888955116272]]
[epoch 58] Predicted Actions: [5, 5, 5, 5, 5, 5, 5, 5, 5, 5]
[epoch 58] Actual Actions:    [5, 5, 5, 5, 5, 5, 5, 5, 5, 5]
[epoch 58] Predicted Positions: [[0.47773799300193787, 0.5668398141860962], [0.47773799300193787, 0.5668398141860962], [0.47773799300193787, 0.5668398141860962], [0.47773799300193787, 0.5668398141860962], [0.47773799300193787, 0.5668398141860962], [0.47773799300193787, 0.5668398141860962], [0.47773799300193787, 0.5668398141860962], [0.47773799300193787, 0.5668398141860962], [0.47773799300193787, 0.5668398141860962], [0.47773799300193787, 0.5668398141860962]]
[epoch 58] Actual Positions:    [[0.2222222238779068, 0.6666666865348816], [0.6666666865348816, 1.0], [0.4444444477558136, 0.8888888955116272], [1.0, 0.3333333432674408], [0.4444444477558136, 0.4444444477558136], [0.2222222238779068, 0.2222222238779068], [0.3333333432674408, 0.8888888955116272], [0.6666666865348816, 0.0], [0.7777777910232544, 0.3333333432674408], [0.0, 0.8888888955116272]]
[epoch 58] Predicted Actions: [5, 5, 5, 5, 5, 5, 5, 5, 5, 5]
[epoch 58] Actual Actions:    [5, 5, 5, 5, 5, 5, 5, 5, 5, 5]
[epoch 58] Predicted Positions: [[0.4777381420135498, 0.5668390989303589], [0.4777381420135498, 0.5668390989303589], [0.4777381420135498, 0.5668390989303589], [0.4777381420135498, 0.5668390989303589], [0.4777381420135498, 0.5668390989303589], [0.4777381420135498, 0.5668390989303589], [0.4777381420135498, 0.5668390989303589], [0.4777381420135498, 0.5668390989303589], [0.4777381420135498, 0.5668390989303589], [0.4777381420135498, 0.5668390989303589]]
[epoch 58] Actual Positions:    [[0.2222222238779068, 0.6666666865348816], [0.6666666865348816, 1.0], [0.4444444477558136, 0.8888888955116272], [1.0, 0.3333333432674408], [0.4444444477558136, 0.4444444477558136], [0.2222222238779068, 0.2222222238779068], [0.3333333432674408, 0.8888888955116272], [0.6666666865348816, 0.0], [0.7777777910232544, 0.3333333432674408], [0.0, 0.8888888955116272]]
[epoch 58] Predicted Actions: [5, 5, 5, 5, 5, 5, 5, 5, 5, 5]
[epoch 58] Actual Actions:    [5, 5, 5, 5, 5, 5, 5, 5, 5, 5]
[epoch 58] Predicted Positions: [[0.47773826122283936, 0.5668385028839111], [0.47773826122283936, 0.5668385028839111], [0.47773826122283936, 0.5668385028839111], [0.47773826122283936, 0.5668385028839111], [0.47773826122283936, 0.5668385028839111], [0.47773826122283936, 0.5668385028839111], [0.47773826122283936, 0.5668385028839111], [0.47773826122283936, 0.5668385028839111], [0.47773826122283936, 0.5668385028839111], [0.47773826122283936, 0.5668385028839111]]
[epoch 58] Actual Positions:    [[0.2222222238779068, 0.6666666865348816], [0.6666666865348816, 1.0], [0.4444444477558136, 0.8888888955116272], [1.0, 0.3333333432674408], [0.4444444477558136, 0.4444444477558136], [0.2222222238779068, 0.2222222238779068], [0.3333333432674408, 0.8888888955116272], [0.6666666865348816, 0.0], [0.7777777910232544, 0.3333333432674408], [0.0, 0.8888888955116272]]
[epoch 58] Predicted Actions: [5, 5, 5, 5, 5, 5, 5, 5, 5, 5]
[epoch 58] Actual Actions:    [5, 5, 5, 5, 5, 5, 5, 5, 5, 5]
[epoch 58] Predicted Positions: [[0.47773846983909607, 0.5668377876281738], [0.47773846983909607, 0.5668377876281738], [0.47773846983909607, 0.5668377876281738], [0.47773846983909607, 0.5668377876281738], [0.47773846983909607, 0.5668377876281738], [0.47773846983909607, 0.5668377876281738], [0.47773846983909607, 0.5668377876281738], [0.47773846983909607, 0.5668377876281738], [0.47773846983909607, 0.5668377876281738], [0.47773846983909607, 0.5668377876281738]]
[epoch 58] Actual Positions:    [[0.2222222238779068, 0.6666666865348816], [0.6666666865348816, 1.0], [0.4444444477558136, 0.8888888955116272], [1.0, 0.3333333432674408], [0.4444444477558136, 0.4444444477558136], [0.2222222238779068, 0.2222222238779068], [0.3333333432674408, 0.8888888955116272], [0.6666666865348816, 0.0], [0.7777777910232544, 0.3333333432674408], [0.0, 0.8888888955116272]]
[epoch 58] Predicted Actions: [5, 5, 5, 5, 5, 5, 5, 5, 5, 5]
[epoch 58] Actual Actions:    [5, 5, 5, 5, 5, 5, 5, 5, 5, 5]
[epoch 58] Predicted Positions: [[0.4777385890483856, 0.5668371319770813], [0.4777385890483856, 0.5668371319770813], [0.4777385890483856, 0.5668371319770813], [0.4777385890483856, 0.5668371319770813], [0.4777385890483856, 0.5668371319770813], [0.4777385890483856, 0.5668371319770813], [0.4777385890483856, 0.5668371319770813], [0.4777385890483856, 0.5668371319770813], [0.4777385890483856, 0.5668371319770813], [0.4777385890483856, 0.5668371319770813]]
[epoch 58] Actual Positions:    [[0.2222222238779068, 0.6666666865348816], [0.6666666865348816, 1.0], [0.4444444477558136, 0.8888888955116272], [1.0, 0.3333333432674408], [0.4444444477558136, 0.4444444477558136], [0.2222222238779068, 0.2222222238779068], [0.3333333432674408, 0.8888888955116272], [0.6666666865348816, 0.0], [0.7777777910232544, 0.3333333432674408], [0.0, 0.8888888955116272]]
[epoch 59] Predicted Actions: [5, 5, 5, 5, 5, 5, 5, 5, 5, 5]
[epoch 59] Actual Actions:    [5, 5, 5, 5, 5, 5, 5, 5, 5, 5]
[epoch 59] Predicted Positions: [[0.47773873805999756, 0.566836416721344], [0.47773873805999756, 0.566836416721344], [0.47773873805999756, 0.566836416721344], [0.47773873805999756, 0.566836416721344], [0.47773873805999756, 0.566836416721344], [0.47773873805999756, 0.566836416721344], [0.47773873805999756, 0.566836416721344], [0.47773873805999756, 0.566836416721344], [0.47773873805999756, 0.566836416721344], [0.47773873805999756, 0.566836416721344]]
[epoch 59] Actual Positions:    [[0.2222222238779068, 0.6666666865348816], [0.6666666865348816, 1.0], [0.4444444477558136, 0.8888888955116272], [1.0, 0.3333333432674408], [0.4444444477558136, 0.4444444477558136], [0.2222222238779068, 0.2222222238779068], [0.3333333432674408, 0.8888888955116272], [0.6666666865348816, 0.0], [0.7777777910232544, 0.3333333432674408], [0.0, 0.8888888955116272]]
[epoch 59] Predicted Actions: [5, 5, 5, 5, 5, 5, 5, 5, 5, 5]
[epoch 59] Actual Actions:    [5, 5, 5, 5, 5, 5, 5, 5, 5, 5]
[epoch 59] Predicted Positions: [[0.4777389168739319, 0.5668358206748962], [0.4777389168739319, 0.5668358206748962], [0.4777389168739319, 0.5668358206748962], [0.4777389168739319, 0.5668358206748962], [0.4777389168739319, 0.5668358206748962], [0.4777389168739319, 0.5668358206748962], [0.4777389168739319, 0.5668358206748962], [0.4777389168739319, 0.5668358206748962], [0.4777389168739319, 0.5668358206748962], [0.4777389168739319, 0.5668358206748962]]
[epoch 59] Actual Positions:    [[0.2222222238779068, 0.6666666865348816], [0.6666666865348816, 1.0], [0.4444444477558136, 0.8888888955116272], [1.0, 0.3333333432674408], [0.4444444477558136, 0.4444444477558136], [0.2222222238779068, 0.2222222238779068], [0.3333333432674408, 0.8888888955116272], [0.6666666865348816, 0.0], [0.7777777910232544, 0.3333333432674408], [0.0, 0.8888888955116272]]
[epoch 59] Predicted Actions: [5, 5, 5, 5, 5, 5, 5, 5, 5, 5]
[epoch 59] Actual Actions:    [5, 5, 5, 5, 5, 5, 5, 5, 5, 5]
[epoch 59] Predicted Positions: [[0.47773900628089905, 0.5668351650238037], [0.47773900628089905, 0.5668351650238037], [0.47773900628089905, 0.5668351650238037], [0.47773900628089905, 0.5668351650238037], [0.47773900628089905, 0.5668351650238037], [0.47773900628089905, 0.5668351650238037], [0.47773900628089905, 0.5668351650238037], [0.47773900628089905, 0.5668351650238037], [0.47773900628089905, 0.5668351650238037], [0.47773900628089905, 0.5668351650238037]]
[epoch 59] Actual Positions:    [[0.2222222238779068, 0.6666666865348816], [0.6666666865348816, 1.0], [0.4444444477558136, 0.8888888955116272], [1.0, 0.3333333432674408], [0.4444444477558136, 0.4444444477558136], [0.2222222238779068, 0.2222222238779068], [0.3333333432674408, 0.8888888955116272], [0.6666666865348816, 0.0], [0.7777777910232544, 0.3333333432674408], [0.0, 0.8888888955116272]]
[epoch 59] Predicted Actions: [5, 5, 5, 5, 5, 5, 5, 5, 5, 5]
[epoch 59] Actual Actions:    [5, 5, 5, 5, 5, 5, 5, 5, 5, 5]
[epoch 59] Predicted Positions: [[0.4777391254901886, 0.5668345093727112], [0.4777391254901886, 0.5668345093727112], [0.4777391254901886, 0.5668345093727112], [0.4777391254901886, 0.5668345093727112], [0.4777391254901886, 0.5668345093727112], [0.4777391254901886, 0.5668345093727112], [0.4777391254901886, 0.5668345093727112], [0.4777391254901886, 0.5668345093727112], [0.4777391254901886, 0.5668345093727112], [0.4777391254901886, 0.5668345093727112]]
[epoch 59] Actual Positions:    [[0.2222222238779068, 0.6666666865348816], [0.6666666865348816, 1.0], [0.4444444477558136, 0.8888888955116272], [1.0, 0.3333333432674408], [0.4444444477558136, 0.4444444477558136], [0.2222222238779068, 0.2222222238779068], [0.3333333432674408, 0.8888888955116272], [0.6666666865348816, 0.0], [0.7777777910232544, 0.3333333432674408], [0.0, 0.8888888955116272]]
[epoch 59] Predicted Actions: [5, 5, 5, 5, 5, 5, 5, 5, 5, 5]
[epoch 59] Actual Actions:    [5, 5, 5, 5, 5, 5, 5, 5, 5, 5]
[epoch 59] Predicted Positions: [[0.4777393341064453, 0.5668338537216187], [0.4777393341064453, 0.5668338537216187], [0.4777393341064453, 0.5668338537216187], [0.4777393341064453, 0.5668338537216187], [0.4777393341064453, 0.5668338537216187], [0.4777393341064453, 0.5668338537216187], [0.4777393341064453, 0.5668338537216187], [0.4777393341064453, 0.5668338537216187], [0.4777393341064453, 0.5668338537216187], [0.4777393341064453, 0.5668338537216187]]
[epoch 59] Actual Positions:    [[0.2222222238779068, 0.6666666865348816], [0.6666666865348816, 1.0], [0.4444444477558136, 0.8888888955116272], [1.0, 0.3333333432674408], [0.4444444477558136, 0.4444444477558136], [0.2222222238779068, 0.2222222238779068], [0.3333333432674408, 0.8888888955116272], [0.6666666865348816, 0.0], [0.7777777910232544, 0.3333333432674408], [0.0, 0.8888888955116272]]
[epoch 60] Predicted Actions: [5, 5, 5, 5, 5, 5, 5, 5, 5, 5]
[epoch 60] Actual Actions:    [5, 5, 5, 5, 5, 5, 5, 5, 5, 5]
[epoch 60] Predicted Positions: [[0.47773945331573486, 0.5668331980705261], [0.47773945331573486, 0.5668331980705261], [0.47773945331573486, 0.5668331980705261], [0.47773945331573486, 0.5668331980705261], [0.47773945331573486, 0.5668331980705261], [0.47773945331573486, 0.5668331980705261], [0.47773945331573486, 0.5668331980705261], [0.47773945331573486, 0.5668331980705261], [0.47773945331573486, 0.5668331980705261], [0.47773945331573486, 0.5668331980705261]]
[epoch 60] Actual Positions:    [[0.2222222238779068, 0.6666666865348816], [0.6666666865348816, 1.0], [0.4444444477558136, 0.8888888955116272], [1.0, 0.3333333432674408], [0.4444444477558136, 0.4444444477558136], [0.2222222238779068, 0.2222222238779068], [0.3333333432674408, 0.8888888955116272], [0.6666666865348816, 0.0], [0.7777777910232544, 0.3333333432674408], [0.0, 0.8888888955116272]]
[epoch 60] Predicted Actions: [5, 5, 5, 5, 5, 5, 5, 5, 5, 5]
[epoch 60] Actual Actions:    [5, 5, 5, 5, 5, 5, 5, 5, 5, 5]
[epoch 60] Predicted Positions: [[0.4777395725250244, 0.5668326020240784], [0.4777395725250244, 0.5668326020240784], [0.4777395725250244, 0.5668326020240784], [0.4777395725250244, 0.5668326020240784], [0.4777395725250244, 0.5668326020240784], [0.4777395725250244, 0.5668326020240784], [0.4777395725250244, 0.5668326020240784], [0.4777395725250244, 0.5668326020240784], [0.4777395725250244, 0.5668326020240784], [0.4777395725250244, 0.5668326020240784]]
[epoch 60] Actual Positions:    [[0.2222222238779068, 0.6666666865348816], [0.6666666865348816, 1.0], [0.4444444477558136, 0.8888888955116272], [1.0, 0.3333333432674408], [0.4444444477558136, 0.4444444477558136], [0.2222222238779068, 0.2222222238779068], [0.3333333432674408, 0.8888888955116272], [0.6666666865348816, 0.0], [0.7777777910232544, 0.3333333432674408], [0.0, 0.8888888955116272]]
[epoch 60] Predicted Actions: [5, 5, 5, 5, 5, 5, 5, 5, 5, 5]
[epoch 60] Actual Actions:    [5, 5, 5, 5, 5, 5, 5, 5, 5, 5]
[epoch 60] Predicted Positions: [[0.47773972153663635, 0.5668320059776306], [0.47773972153663635, 0.5668320059776306], [0.47773972153663635, 0.5668320059776306], [0.47773972153663635, 0.5668320059776306], [0.47773972153663635, 0.5668320059776306], [0.47773972153663635, 0.5668320059776306], [0.47773972153663635, 0.5668320059776306], [0.47773972153663635, 0.5668320059776306], [0.47773972153663635, 0.5668320059776306], [0.47773972153663635, 0.5668320059776306]]
[epoch 60] Actual Positions:    [[0.2222222238779068, 0.6666666865348816], [0.6666666865348816, 1.0], [0.4444444477558136, 0.8888888955116272], [1.0, 0.3333333432674408], [0.4444444477558136, 0.4444444477558136], [0.2222222238779068, 0.2222222238779068], [0.3333333432674408, 0.8888888955116272], [0.6666666865348816, 0.0], [0.7777777910232544, 0.3333333432674408], [0.0, 0.8888888955116272]]
[epoch 60] Predicted Actions: [5, 5, 5, 5, 5, 5, 5, 5, 5, 5]
[epoch 60] Actual Actions:    [5, 5, 5, 5, 5, 5, 5, 5, 5, 5]
[epoch 60] Predicted Positions: [[0.4777399003505707, 0.5668314099311829], [0.4777399003505707, 0.5668314099311829], [0.4777399003505707, 0.5668314099311829], [0.4777399003505707, 0.5668314099311829], [0.4777399003505707, 0.5668314099311829], [0.4777399003505707, 0.5668314099311829], [0.4777399003505707, 0.5668314099311829], [0.4777399003505707, 0.5668314099311829], [0.4777399003505707, 0.5668314099311829], [0.4777399003505707, 0.5668314099311829]]
[epoch 60] Actual Positions:    [[0.2222222238779068, 0.6666666865348816], [0.6666666865348816, 1.0], [0.4444444477558136, 0.8888888955116272], [1.0, 0.3333333432674408], [0.4444444477558136, 0.4444444477558136], [0.2222222238779068, 0.2222222238779068], [0.3333333432674408, 0.8888888955116272], [0.6666666865348816, 0.0], [0.7777777910232544, 0.3333333432674408], [0.0, 0.8888888955116272]]
[epoch 60] Predicted Actions: [5, 5, 5, 5, 5, 5, 5, 5, 5, 5]
[epoch 60] Actual Actions:    [5, 5, 5, 5, 5, 5, 5, 5, 5, 5]
[epoch 60] Predicted Positions: [[0.47773998975753784, 0.5668307542800903], [0.47773998975753784, 0.5668307542800903], [0.47773998975753784, 0.5668307542800903], [0.47773998975753784, 0.5668307542800903], [0.47773998975753784, 0.5668307542800903], [0.47773998975753784, 0.5668307542800903], [0.47773998975753784, 0.5668307542800903], [0.47773998975753784, 0.5668307542800903], [0.47773998975753784, 0.5668307542800903], [0.47773998975753784, 0.5668307542800903]]
[epoch 60] Actual Positions:    [[0.2222222238779068, 0.6666666865348816], [0.6666666865348816, 1.0], [0.4444444477558136, 0.8888888955116272], [1.0, 0.3333333432674408], [0.4444444477558136, 0.4444444477558136], [0.2222222238779068, 0.2222222238779068], [0.3333333432674408, 0.8888888955116272], [0.6666666865348816, 0.0], [0.7777777910232544, 0.3333333432674408], [0.0, 0.8888888955116272]]
[epoch 61] Predicted Actions: [5, 5, 5, 5, 5, 5, 5, 5, 5, 5]
[epoch 61] Actual Actions:    [5, 5, 5, 5, 5, 5, 5, 5, 5, 5]
[epoch 61] Predicted Positions: [[0.4777401089668274, 0.5668301582336426], [0.4777401089668274, 0.5668301582336426], [0.4777401089668274, 0.5668301582336426], [0.4777401089668274, 0.5668301582336426], [0.4777401089668274, 0.5668301582336426], [0.4777401089668274, 0.5668301582336426], [0.4777401089668274, 0.5668301582336426], [0.4777401089668274, 0.5668301582336426], [0.4777401089668274, 0.5668301582336426], [0.4777401089668274, 0.5668301582336426]]
[epoch 61] Actual Positions:    [[0.2222222238779068, 0.6666666865348816], [0.6666666865348816, 1.0], [0.4444444477558136, 0.8888888955116272], [1.0, 0.3333333432674408], [0.4444444477558136, 0.4444444477558136], [0.2222222238779068, 0.2222222238779068], [0.3333333432674408, 0.8888888955116272], [0.6666666865348816, 0.0], [0.7777777910232544, 0.3333333432674408], [0.0, 0.8888888955116272]]
[epoch 61] Predicted Actions: [5, 5, 5, 5, 5, 5, 5, 5, 5, 5]
[epoch 61] Actual Actions:    [5, 5, 5, 5, 5, 5, 5, 5, 5, 5]
[epoch 61] Predicted Positions: [[0.47774022817611694, 0.5668296217918396], [0.47774022817611694, 0.5668296217918396], [0.47774022817611694, 0.5668296217918396], [0.47774022817611694, 0.5668296217918396], [0.47774022817611694, 0.5668296217918396], [0.47774022817611694, 0.5668296217918396], [0.47774022817611694, 0.5668296217918396], [0.47774022817611694, 0.5668296217918396], [0.47774022817611694, 0.5668296217918396], [0.47774022817611694, 0.5668296217918396]]
[epoch 61] Actual Positions:    [[0.2222222238779068, 0.6666666865348816], [0.6666666865348816, 1.0], [0.4444444477558136, 0.8888888955116272], [1.0, 0.3333333432674408], [0.4444444477558136, 0.4444444477558136], [0.2222222238779068, 0.2222222238779068], [0.3333333432674408, 0.8888888955116272], [0.6666666865348816, 0.0], [0.7777777910232544, 0.3333333432674408], [0.0, 0.8888888955116272]]
[epoch 61] Predicted Actions: [5, 5, 5, 5, 5, 5, 5, 5, 5, 5]
[epoch 61] Actual Actions:    [5, 5, 5, 5, 5, 5, 5, 5, 5, 5]
[epoch 61] Predicted Positions: [[0.47774043679237366, 0.5668290257453918], [0.47774043679237366, 0.5668290257453918], [0.47774043679237366, 0.5668290257453918], [0.47774043679237366, 0.5668290257453918], [0.47774043679237366, 0.5668290257453918], [0.47774043679237366, 0.5668290257453918], [0.47774043679237366, 0.5668290257453918], [0.47774043679237366, 0.5668290257453918], [0.47774043679237366, 0.5668290257453918], [0.47774043679237366, 0.5668290257453918]]
[epoch 61] Actual Positions:    [[0.2222222238779068, 0.6666666865348816], [0.6666666865348816, 1.0], [0.4444444477558136, 0.8888888955116272], [1.0, 0.3333333432674408], [0.4444444477558136, 0.4444444477558136], [0.2222222238779068, 0.2222222238779068], [0.3333333432674408, 0.8888888955116272], [0.6666666865348816, 0.0], [0.7777777910232544, 0.3333333432674408], [0.0, 0.8888888955116272]]
[epoch 61] Predicted Actions: [5, 5, 5, 5, 5, 5, 5, 5, 5, 5]
[epoch 61] Actual Actions:    [5, 5, 5, 5, 5, 5, 5, 5, 5, 5]
[epoch 61] Predicted Positions: [[0.4777405560016632, 0.5668284893035889], [0.4777405560016632, 0.5668284893035889], [0.4777405560016632, 0.5668284893035889], [0.4777405560016632, 0.5668284893035889], [0.4777405560016632, 0.5668284893035889], [0.4777405560016632, 0.5668284893035889], [0.4777405560016632, 0.5668284893035889], [0.4777405560016632, 0.5668284893035889], [0.4777405560016632, 0.5668284893035889], [0.4777405560016632, 0.5668284893035889]]
[epoch 61] Actual Positions:    [[0.2222222238779068, 0.6666666865348816], [0.6666666865348816, 1.0], [0.4444444477558136, 0.8888888955116272], [1.0, 0.3333333432674408], [0.4444444477558136, 0.4444444477558136], [0.2222222238779068, 0.2222222238779068], [0.3333333432674408, 0.8888888955116272], [0.6666666865348816, 0.0], [0.7777777910232544, 0.3333333432674408], [0.0, 0.8888888955116272]]
[epoch 61] Predicted Actions: [5, 5, 5, 5, 5, 5, 5, 5, 5, 5]
[epoch 61] Actual Actions:    [5, 5, 5, 5, 5, 5, 5, 5, 5, 5]
[epoch 61] Predicted Positions: [[0.47774064540863037, 0.5668278932571411], [0.47774064540863037, 0.5668278932571411], [0.47774064540863037, 0.5668278932571411], [0.47774064540863037, 0.5668278932571411], [0.47774064540863037, 0.5668278932571411], [0.47774064540863037, 0.5668278932571411], [0.47774064540863037, 0.5668278932571411], [0.47774064540863037, 0.5668278932571411], [0.47774064540863037, 0.5668278932571411], [0.47774064540863037, 0.5668278932571411]]
[epoch 61] Actual Positions:    [[0.2222222238779068, 0.6666666865348816], [0.6666666865348816, 1.0], [0.4444444477558136, 0.8888888955116272], [1.0, 0.3333333432674408], [0.4444444477558136, 0.4444444477558136], [0.2222222238779068, 0.2222222238779068], [0.3333333432674408, 0.8888888955116272], [0.6666666865348816, 0.0], [0.7777777910232544, 0.3333333432674408], [0.0, 0.8888888955116272]]
[epoch 62] Predicted Actions: [5, 5, 5, 5, 5, 5, 5, 5, 5, 5]
[epoch 62] Actual Actions:    [5, 5, 5, 5, 5, 5, 5, 5, 5, 5]
[epoch 62] Predicted Positions: [[0.4777407646179199, 0.5668273568153381], [0.4777407646179199, 0.5668273568153381], [0.4777407646179199, 0.5668273568153381], [0.4777407646179199, 0.5668273568153381], [0.4777407646179199, 0.5668273568153381], [0.4777407646179199, 0.5668273568153381], [0.4777407646179199, 0.5668273568153381], [0.4777407646179199, 0.5668273568153381], [0.4777407646179199, 0.5668273568153381], [0.4777407646179199, 0.5668273568153381]]
[epoch 62] Actual Positions:    [[0.2222222238779068, 0.6666666865348816], [0.6666666865348816, 1.0], [0.4444444477558136, 0.8888888955116272], [1.0, 0.3333333432674408], [0.4444444477558136, 0.4444444477558136], [0.2222222238779068, 0.2222222238779068], [0.3333333432674408, 0.8888888955116272], [0.6666666865348816, 0.0], [0.7777777910232544, 0.3333333432674408], [0.0, 0.8888888955116272]]
[epoch 62] Predicted Actions: [5, 5, 5, 5, 5, 5, 5, 5, 5, 5]
[epoch 62] Actual Actions:    [5, 5, 5, 5, 5, 5, 5, 5, 5, 5]
[epoch 62] Predicted Positions: [[0.4777408838272095, 0.5668268203735352], [0.4777408838272095, 0.5668268203735352], [0.4777408838272095, 0.5668268203735352], [0.4777408838272095, 0.5668268203735352], [0.4777408838272095, 0.5668268203735352], [0.4777408838272095, 0.5668268203735352], [0.4777408838272095, 0.5668268203735352], [0.4777408838272095, 0.5668268203735352], [0.4777408838272095, 0.5668268203735352], [0.4777408838272095, 0.5668268203735352]]
[epoch 62] Actual Positions:    [[0.2222222238779068, 0.6666666865348816], [0.6666666865348816, 1.0], [0.4444444477558136, 0.8888888955116272], [1.0, 0.3333333432674408], [0.4444444477558136, 0.4444444477558136], [0.2222222238779068, 0.2222222238779068], [0.3333333432674408, 0.8888888955116272], [0.6666666865348816, 0.0], [0.7777777910232544, 0.3333333432674408], [0.0, 0.8888888955116272]]
[epoch 62] Predicted Actions: [5, 5, 5, 5, 5, 5, 5, 5, 5, 5]
[epoch 62] Actual Actions:    [5, 5, 5, 5, 5, 5, 5, 5, 5, 5]
[epoch 62] Predicted Positions: [[0.4777410328388214, 0.5668262839317322], [0.4777410328388214, 0.5668262839317322], [0.4777410328388214, 0.5668262839317322], [0.4777410328388214, 0.5668262839317322], [0.4777410328388214, 0.5668262839317322], [0.4777410328388214, 0.5668262839317322], [0.4777410328388214, 0.5668262839317322], [0.4777410328388214, 0.5668262839317322], [0.4777410328388214, 0.5668262839317322], [0.4777410328388214, 0.5668262839317322]]
[epoch 62] Actual Positions:    [[0.2222222238779068, 0.6666666865348816], [0.6666666865348816, 1.0], [0.4444444477558136, 0.8888888955116272], [1.0, 0.3333333432674408], [0.4444444477558136, 0.4444444477558136], [0.2222222238779068, 0.2222222238779068], [0.3333333432674408, 0.8888888955116272], [0.6666666865348816, 0.0], [0.7777777910232544, 0.3333333432674408], [0.0, 0.8888888955116272]]
[epoch 62] Predicted Actions: [5, 5, 5, 5, 5, 5, 5, 5, 5, 5]
[epoch 62] Actual Actions:    [5, 5, 5, 5, 5, 5, 5, 5, 5, 5]
[epoch 62] Predicted Positions: [[0.4777410924434662, 0.5668257474899292], [0.4777410924434662, 0.5668257474899292], [0.4777410924434662, 0.5668257474899292], [0.4777410924434662, 0.5668257474899292], [0.4777410924434662, 0.5668257474899292], [0.4777410924434662, 0.5668257474899292], [0.4777410924434662, 0.5668257474899292], [0.4777410924434662, 0.5668257474899292], [0.4777410924434662, 0.5668257474899292], [0.4777410924434662, 0.5668257474899292]]
[epoch 62] Actual Positions:    [[0.2222222238779068, 0.6666666865348816], [0.6666666865348816, 1.0], [0.4444444477558136, 0.8888888955116272], [1.0, 0.3333333432674408], [0.4444444477558136, 0.4444444477558136], [0.2222222238779068, 0.2222222238779068], [0.3333333432674408, 0.8888888955116272], [0.6666666865348816, 0.0], [0.7777777910232544, 0.3333333432674408], [0.0, 0.8888888955116272]]
[epoch 62] Predicted Actions: [5, 5, 5, 5, 5, 5, 5, 5, 5, 5]
[epoch 62] Actual Actions:    [5, 5, 5, 5, 5, 5, 5, 5, 5, 5]
[epoch 62] Predicted Positions: [[0.4777412414550781, 0.5668252110481262], [0.4777412414550781, 0.5668252110481262], [0.4777412414550781, 0.5668252110481262], [0.4777412414550781, 0.5668252110481262], [0.4777412414550781, 0.5668252110481262], [0.4777412414550781, 0.5668252110481262], [0.4777412414550781, 0.5668252110481262], [0.4777412414550781, 0.5668252110481262], [0.4777412414550781, 0.5668252110481262], [0.4777412414550781, 0.5668252110481262]]
[epoch 62] Actual Positions:    [[0.2222222238779068, 0.6666666865348816], [0.6666666865348816, 1.0], [0.4444444477558136, 0.8888888955116272], [1.0, 0.3333333432674408], [0.4444444477558136, 0.4444444477558136], [0.2222222238779068, 0.2222222238779068], [0.3333333432674408, 0.8888888955116272], [0.6666666865348816, 0.0], [0.7777777910232544, 0.3333333432674408], [0.0, 0.8888888955116272]]
[epoch 63] Predicted Actions: [5, 5, 5, 5, 5, 5, 5, 5, 5, 5]
[epoch 63] Actual Actions:    [5, 5, 5, 5, 5, 5, 5, 5, 5, 5]
[epoch 63] Predicted Positions: [[0.4777413606643677, 0.5668246746063232], [0.4777413606643677, 0.5668246746063232], [0.4777413606643677, 0.5668246746063232], [0.4777413606643677, 0.5668246746063232], [0.4777413606643677, 0.5668246746063232], [0.4777413606643677, 0.5668246746063232], [0.4777413606643677, 0.5668246746063232], [0.4777413606643677, 0.5668246746063232], [0.4777413606643677, 0.5668246746063232], [0.4777413606643677, 0.5668246746063232]]
[epoch 63] Actual Positions:    [[0.2222222238779068, 0.6666666865348816], [0.6666666865348816, 1.0], [0.4444444477558136, 0.8888888955116272], [1.0, 0.3333333432674408], [0.4444444477558136, 0.4444444477558136], [0.2222222238779068, 0.2222222238779068], [0.3333333432674408, 0.8888888955116272], [0.6666666865348816, 0.0], [0.7777777910232544, 0.3333333432674408], [0.0, 0.8888888955116272]]
[epoch 63] Predicted Actions: [5, 5, 5, 5, 5, 5, 5, 5, 5, 5]
[epoch 63] Actual Actions:    [5, 5, 5, 5, 5, 5, 5, 5, 5, 5]
[epoch 63] Predicted Positions: [[0.4777414798736572, 0.566824197769165], [0.4777414798736572, 0.566824197769165], [0.4777414798736572, 0.566824197769165], [0.4777414798736572, 0.566824197769165], [0.4777414798736572, 0.566824197769165], [0.4777414798736572, 0.566824197769165], [0.4777414798736572, 0.566824197769165], [0.4777414798736572, 0.566824197769165], [0.4777414798736572, 0.566824197769165], [0.4777414798736572, 0.566824197769165]]
[epoch 63] Actual Positions:    [[0.2222222238779068, 0.6666666865348816], [0.6666666865348816, 1.0], [0.4444444477558136, 0.8888888955116272], [1.0, 0.3333333432674408], [0.4444444477558136, 0.4444444477558136], [0.2222222238779068, 0.2222222238779068], [0.3333333432674408, 0.8888888955116272], [0.6666666865348816, 0.0], [0.7777777910232544, 0.3333333432674408], [0.0, 0.8888888955116272]]
[epoch 63] Predicted Actions: [5, 5, 5, 5, 5, 5, 5, 5, 5, 5]
[epoch 63] Actual Actions:    [5, 5, 5, 5, 5, 5, 5, 5, 5, 5]
[epoch 63] Predicted Positions: [[0.47774162888526917, 0.5668236613273621], [0.47774162888526917, 0.5668236613273621], [0.47774162888526917, 0.5668236613273621], [0.47774162888526917, 0.5668236613273621], [0.47774162888526917, 0.5668236613273621], [0.47774162888526917, 0.5668236613273621], [0.47774162888526917, 0.5668236613273621], [0.47774162888526917, 0.5668236613273621], [0.47774162888526917, 0.5668236613273621], [0.47774162888526917, 0.5668236613273621]]
[epoch 63] Actual Positions:    [[0.2222222238779068, 0.6666666865348816], [0.6666666865348816, 1.0], [0.4444444477558136, 0.8888888955116272], [1.0, 0.3333333432674408], [0.4444444477558136, 0.4444444477558136], [0.2222222238779068, 0.2222222238779068], [0.3333333432674408, 0.8888888955116272], [0.6666666865348816, 0.0], [0.7777777910232544, 0.3333333432674408], [0.0, 0.8888888955116272]]
[epoch 63] Predicted Actions: [5, 5, 5, 5, 5, 5, 5, 5, 5, 5]
[epoch 63] Actual Actions:    [5, 5, 5, 5, 5, 5, 5, 5, 5, 5]
[epoch 63] Predicted Positions: [[0.4777417480945587, 0.5668231844902039], [0.4777417480945587, 0.5668231844902039], [0.4777417480945587, 0.5668231844902039], [0.4777417480945587, 0.5668231844902039], [0.4777417480945587, 0.5668231844902039], [0.4777417480945587, 0.5668231844902039], [0.4777417480945587, 0.5668231844902039], [0.4777417480945587, 0.5668231844902039], [0.4777417480945587, 0.5668231844902039], [0.4777417480945587, 0.5668231844902039]]
[epoch 63] Actual Positions:    [[0.2222222238779068, 0.6666666865348816], [0.6666666865348816, 1.0], [0.4444444477558136, 0.8888888955116272], [1.0, 0.3333333432674408], [0.4444444477558136, 0.4444444477558136], [0.2222222238779068, 0.2222222238779068], [0.3333333432674408, 0.8888888955116272], [0.6666666865348816, 0.0], [0.7777777910232544, 0.3333333432674408], [0.0, 0.8888888955116272]]
[epoch 63] Predicted Actions: [5, 5, 5, 5, 5, 5, 5, 5, 5, 5]
[epoch 63] Actual Actions:    [5, 5, 5, 5, 5, 5, 5, 5, 5, 5]
[epoch 63] Predicted Positions: [[0.4777418076992035, 0.5668226480484009], [0.4777418076992035, 0.5668226480484009], [0.4777418076992035, 0.5668226480484009], [0.4777418076992035, 0.5668226480484009], [0.4777418076992035, 0.5668226480484009], [0.4777418076992035, 0.5668226480484009], [0.4777418076992035, 0.5668226480484009], [0.4777418076992035, 0.5668226480484009], [0.4777418076992035, 0.5668226480484009], [0.4777418076992035, 0.5668226480484009]]
[epoch 63] Actual Positions:    [[0.2222222238779068, 0.6666666865348816], [0.6666666865348816, 1.0], [0.4444444477558136, 0.8888888955116272], [1.0, 0.3333333432674408], [0.4444444477558136, 0.4444444477558136], [0.2222222238779068, 0.2222222238779068], [0.3333333432674408, 0.8888888955116272], [0.6666666865348816, 0.0], [0.7777777910232544, 0.3333333432674408], [0.0, 0.8888888955116272]]
[epoch 64] Predicted Actions: [5, 5, 5, 5, 5, 5, 5, 5, 5, 5]
[epoch 64] Actual Actions:    [5, 5, 5, 5, 5, 5, 5, 5, 5, 5]
[epoch 64] Predicted Positions: [[0.47774195671081543, 0.5668221712112427], [0.47774195671081543, 0.5668221712112427], [0.47774195671081543, 0.5668221712112427], [0.47774195671081543, 0.5668221712112427], [0.47774195671081543, 0.5668221712112427], [0.47774195671081543, 0.5668221712112427], [0.47774195671081543, 0.5668221712112427], [0.47774195671081543, 0.5668221712112427], [0.47774195671081543, 0.5668221712112427], [0.47774195671081543, 0.5668221712112427]]
[epoch 64] Actual Positions:    [[0.2222222238779068, 0.6666666865348816], [0.6666666865348816, 1.0], [0.4444444477558136, 0.8888888955116272], [1.0, 0.3333333432674408], [0.4444444477558136, 0.4444444477558136], [0.2222222238779068, 0.2222222238779068], [0.3333333432674408, 0.8888888955116272], [0.6666666865348816, 0.0], [0.7777777910232544, 0.3333333432674408], [0.0, 0.8888888955116272]]
[epoch 64] Predicted Actions: [5, 5, 5, 5, 5, 5, 5, 5, 5, 5]
[epoch 64] Actual Actions:    [5, 5, 5, 5, 5, 5, 5, 5, 5, 5]
[epoch 64] Predicted Positions: [[0.477742075920105, 0.5668216347694397], [0.477742075920105, 0.5668216347694397], [0.477742075920105, 0.5668216347694397], [0.477742075920105, 0.5668216347694397], [0.477742075920105, 0.5668216347694397], [0.477742075920105, 0.5668216347694397], [0.477742075920105, 0.5668216347694397], [0.477742075920105, 0.5668216347694397], [0.477742075920105, 0.5668216347694397], [0.477742075920105, 0.5668216347694397]]
[epoch 64] Actual Positions:    [[0.2222222238779068, 0.6666666865348816], [0.6666666865348816, 1.0], [0.4444444477558136, 0.8888888955116272], [1.0, 0.3333333432674408], [0.4444444477558136, 0.4444444477558136], [0.2222222238779068, 0.2222222238779068], [0.3333333432674408, 0.8888888955116272], [0.6666666865348816, 0.0], [0.7777777910232544, 0.3333333432674408], [0.0, 0.8888888955116272]]
[epoch 64] Predicted Actions: [5, 5, 5, 5, 5, 5, 5, 5, 5, 5]
[epoch 64] Actual Actions:    [5, 5, 5, 5, 5, 5, 5, 5, 5, 5]
[epoch 64] Predicted Positions: [[0.47774213552474976, 0.5668212175369263], [0.47774213552474976, 0.5668212175369263], [0.47774213552474976, 0.5668212175369263], [0.47774213552474976, 0.5668212175369263], [0.47774213552474976, 0.5668212175369263], [0.47774213552474976, 0.5668212175369263], [0.47774213552474976, 0.5668212175369263], [0.47774213552474976, 0.5668212175369263], [0.47774213552474976, 0.5668212175369263], [0.47774213552474976, 0.5668212175369263]]
[epoch 64] Actual Positions:    [[0.2222222238779068, 0.6666666865348816], [0.6666666865348816, 1.0], [0.4444444477558136, 0.8888888955116272], [1.0, 0.3333333432674408], [0.4444444477558136, 0.4444444477558136], [0.2222222238779068, 0.2222222238779068], [0.3333333432674408, 0.8888888955116272], [0.6666666865348816, 0.0], [0.7777777910232544, 0.3333333432674408], [0.0, 0.8888888955116272]]
[epoch 64] Predicted Actions: [5, 5, 5, 5, 5, 5, 5, 5, 5, 5]
[epoch 64] Actual Actions:    [5, 5, 5, 5, 5, 5, 5, 5, 5, 5]
[epoch 64] Predicted Positions: [[0.4777422249317169, 0.5668207406997681], [0.4777422249317169, 0.5668207406997681], [0.4777422249317169, 0.5668207406997681], [0.4777422249317169, 0.5668207406997681], [0.4777422249317169, 0.5668207406997681], [0.4777422249317169, 0.5668207406997681], [0.4777422249317169, 0.5668207406997681], [0.4777422249317169, 0.5668207406997681], [0.4777422249317169, 0.5668207406997681], [0.4777422249317169, 0.5668207406997681]]
[epoch 64] Actual Positions:    [[0.2222222238779068, 0.6666666865348816], [0.6666666865348816, 1.0], [0.4444444477558136, 0.8888888955116272], [1.0, 0.3333333432674408], [0.4444444477558136, 0.4444444477558136], [0.2222222238779068, 0.2222222238779068], [0.3333333432674408, 0.8888888955116272], [0.6666666865348816, 0.0], [0.7777777910232544, 0.3333333432674408], [0.0, 0.8888888955116272]]
[epoch 64] Predicted Actions: [5, 5, 5, 5, 5, 5, 5, 5, 5, 5]
[epoch 64] Actual Actions:    [5, 5, 5, 5, 5, 5, 5, 5, 5, 5]
[epoch 64] Predicted Positions: [[0.47774234414100647, 0.5668202638626099], [0.47774234414100647, 0.5668202638626099], [0.47774234414100647, 0.5668202638626099], [0.47774234414100647, 0.5668202638626099], [0.47774234414100647, 0.5668202638626099], [0.47774234414100647, 0.5668202638626099], [0.47774234414100647, 0.5668202638626099], [0.47774234414100647, 0.5668202638626099], [0.47774234414100647, 0.5668202638626099], [0.47774234414100647, 0.5668202638626099]]
[epoch 64] Actual Positions:    [[0.2222222238779068, 0.6666666865348816], [0.6666666865348816, 1.0], [0.4444444477558136, 0.8888888955116272], [1.0, 0.3333333432674408], [0.4444444477558136, 0.4444444477558136], [0.2222222238779068, 0.2222222238779068], [0.3333333432674408, 0.8888888955116272], [0.6666666865348816, 0.0], [0.7777777910232544, 0.3333333432674408], [0.0, 0.8888888955116272]]
[epoch 65] Predicted Actions: [5, 5, 5, 5, 5, 5, 5, 5, 5, 5]
[epoch 65] Actual Actions:    [5, 5, 5, 5, 5, 5, 5, 5, 5, 5]
[epoch 65] Predicted Positions: [[0.477742463350296, 0.5668198466300964], [0.477742463350296, 0.5668198466300964], [0.477742463350296, 0.5668198466300964], [0.477742463350296, 0.5668198466300964], [0.477742463350296, 0.5668198466300964], [0.477742463350296, 0.5668198466300964], [0.477742463350296, 0.5668198466300964], [0.477742463350296, 0.5668198466300964], [0.477742463350296, 0.5668198466300964], [0.477742463350296, 0.5668198466300964]]
[epoch 65] Actual Positions:    [[0.2222222238779068, 0.6666666865348816], [0.6666666865348816, 1.0], [0.4444444477558136, 0.8888888955116272], [1.0, 0.3333333432674408], [0.4444444477558136, 0.4444444477558136], [0.2222222238779068, 0.2222222238779068], [0.3333333432674408, 0.8888888955116272], [0.6666666865348816, 0.0], [0.7777777910232544, 0.3333333432674408], [0.0, 0.8888888955116272]]
[epoch 65] Predicted Actions: [5, 5, 5, 5, 5, 5, 5, 5, 5, 5]
[epoch 65] Actual Actions:    [5, 5, 5, 5, 5, 5, 5, 5, 5, 5]
[epoch 65] Predicted Positions: [[0.4777425527572632, 0.566819429397583], [0.4777425527572632, 0.566819429397583], [0.4777425527572632, 0.566819429397583], [0.4777425527572632, 0.566819429397583], [0.4777425527572632, 0.566819429397583], [0.4777425527572632, 0.566819429397583], [0.4777425527572632, 0.566819429397583], [0.4777425527572632, 0.566819429397583], [0.4777425527572632, 0.566819429397583], [0.4777425527572632, 0.566819429397583]]
[epoch 65] Actual Positions:    [[0.2222222238779068, 0.6666666865348816], [0.6666666865348816, 1.0], [0.4444444477558136, 0.8888888955116272], [1.0, 0.3333333432674408], [0.4444444477558136, 0.4444444477558136], [0.2222222238779068, 0.2222222238779068], [0.3333333432674408, 0.8888888955116272], [0.6666666865348816, 0.0], [0.7777777910232544, 0.3333333432674408], [0.0, 0.8888888955116272]]
[epoch 65] Predicted Actions: [5, 5, 5, 5, 5, 5, 5, 5, 5, 5]
[epoch 65] Actual Actions:    [5, 5, 5, 5, 5, 5, 5, 5, 5, 5]
[epoch 65] Predicted Positions: [[0.47774261236190796, 0.5668189525604248], [0.47774261236190796, 0.5668189525604248], [0.47774261236190796, 0.5668189525604248], [0.47774261236190796, 0.5668189525604248], [0.47774261236190796, 0.5668189525604248], [0.47774261236190796, 0.5668189525604248], [0.47774261236190796, 0.5668189525604248], [0.47774261236190796, 0.5668189525604248], [0.47774261236190796, 0.5668189525604248], [0.47774261236190796, 0.5668189525604248]]
[epoch 65] Actual Positions:    [[0.2222222238779068, 0.6666666865348816], [0.6666666865348816, 1.0], [0.4444444477558136, 0.8888888955116272], [1.0, 0.3333333432674408], [0.4444444477558136, 0.4444444477558136], [0.2222222238779068, 0.2222222238779068], [0.3333333432674408, 0.8888888955116272], [0.6666666865348816, 0.0], [0.7777777910232544, 0.3333333432674408], [0.0, 0.8888888955116272]]
[epoch 65] Predicted Actions: [5, 5, 5, 5, 5, 5, 5, 5, 5, 5]
[epoch 65] Actual Actions:    [5, 5, 5, 5, 5, 5, 5, 5, 5, 5]
[epoch 65] Predicted Positions: [[0.4777427315711975, 0.5668185353279114], [0.4777427315711975, 0.5668185353279114], [0.4777427315711975, 0.5668185353279114], [0.4777427315711975, 0.5668185353279114], [0.4777427315711975, 0.5668185353279114], [0.4777427315711975, 0.5668185353279114], [0.4777427315711975, 0.5668185353279114], [0.4777427315711975, 0.5668185353279114], [0.4777427315711975, 0.5668185353279114], [0.4777427315711975, 0.5668185353279114]]
[epoch 65] Actual Positions:    [[0.2222222238779068, 0.6666666865348816], [0.6666666865348816, 1.0], [0.4444444477558136, 0.8888888955116272], [1.0, 0.3333333432674408], [0.4444444477558136, 0.4444444477558136], [0.2222222238779068, 0.2222222238779068], [0.3333333432674408, 0.8888888955116272], [0.6666666865348816, 0.0], [0.7777777910232544, 0.3333333432674408], [0.0, 0.8888888955116272]]
[epoch 65] Predicted Actions: [5, 5, 5, 5, 5, 5, 5, 5, 5, 5]
[epoch 65] Actual Actions:    [5, 5, 5, 5, 5, 5, 5, 5, 5, 5]
[epoch 65] Predicted Positions: [[0.4777428209781647, 0.566818118095398], [0.4777428209781647, 0.566818118095398], [0.4777428209781647, 0.566818118095398], [0.4777428209781647, 0.566818118095398], [0.4777428209781647, 0.566818118095398], [0.4777428209781647, 0.566818118095398], [0.4777428209781647, 0.566818118095398], [0.4777428209781647, 0.566818118095398], [0.4777428209781647, 0.566818118095398], [0.4777428209781647, 0.566818118095398]]
[epoch 65] Actual Positions:    [[0.2222222238779068, 0.6666666865348816], [0.6666666865348816, 1.0], [0.4444444477558136, 0.8888888955116272], [1.0, 0.3333333432674408], [0.4444444477558136, 0.4444444477558136], [0.2222222238779068, 0.2222222238779068], [0.3333333432674408, 0.8888888955116272], [0.6666666865348816, 0.0], [0.7777777910232544, 0.3333333432674408], [0.0, 0.8888888955116272]]
[epoch 66] Predicted Actions: [5, 5, 5, 5, 5, 5, 5, 5, 5, 5]
[epoch 66] Actual Actions:    [5, 5, 5, 5, 5, 5, 5, 5, 5, 5]
[epoch 66] Predicted Positions: [[0.4777429401874542, 0.5668177008628845], [0.4777429401874542, 0.5668177008628845], [0.4777429401874542, 0.5668177008628845], [0.4777429401874542, 0.5668177008628845], [0.4777429401874542, 0.5668177008628845], [0.4777429401874542, 0.5668177008628845], [0.4777429401874542, 0.5668177008628845], [0.4777429401874542, 0.5668177008628845], [0.4777429401874542, 0.5668177008628845], [0.4777429401874542, 0.5668177008628845]]
[epoch 66] Actual Positions:    [[0.2222222238779068, 0.6666666865348816], [0.6666666865348816, 1.0], [0.4444444477558136, 0.8888888955116272], [1.0, 0.3333333432674408], [0.4444444477558136, 0.4444444477558136], [0.2222222238779068, 0.2222222238779068], [0.3333333432674408, 0.8888888955116272], [0.6666666865348816, 0.0], [0.7777777910232544, 0.3333333432674408], [0.0, 0.8888888955116272]]
[epoch 66] Predicted Actions: [5, 5, 5, 5, 5, 5, 5, 5, 5, 5]
[epoch 66] Actual Actions:    [5, 5, 5, 5, 5, 5, 5, 5, 5, 5]
[epoch 66] Predicted Positions: [[0.4777430593967438, 0.5668172836303711], [0.4777430593967438, 0.5668172836303711], [0.4777430593967438, 0.5668172836303711], [0.4777430593967438, 0.5668172836303711], [0.4777430593967438, 0.5668172836303711], [0.4777430593967438, 0.5668172836303711], [0.4777430593967438, 0.5668172836303711], [0.4777430593967438, 0.5668172836303711], [0.4777430593967438, 0.5668172836303711], [0.4777430593967438, 0.5668172836303711]]
[epoch 66] Actual Positions:    [[0.2222222238779068, 0.6666666865348816], [0.6666666865348816, 1.0], [0.4444444477558136, 0.8888888955116272], [1.0, 0.3333333432674408], [0.4444444477558136, 0.4444444477558136], [0.2222222238779068, 0.2222222238779068], [0.3333333432674408, 0.8888888955116272], [0.6666666865348816, 0.0], [0.7777777910232544, 0.3333333432674408], [0.0, 0.8888888955116272]]
[epoch 66] Predicted Actions: [5, 5, 5, 5, 5, 5, 5, 5, 5, 5]
[epoch 66] Actual Actions:    [5, 5, 5, 5, 5, 5, 5, 5, 5, 5]
[epoch 66] Predicted Positions: [[0.47774308919906616, 0.5668168067932129], [0.47774308919906616, 0.5668168067932129], [0.47774308919906616, 0.5668168067932129], [0.47774308919906616, 0.5668168067932129], [0.47774308919906616, 0.5668168067932129], [0.47774308919906616, 0.5668168067932129], [0.47774308919906616, 0.5668168067932129], [0.47774308919906616, 0.5668168067932129], [0.47774308919906616, 0.5668168067932129], [0.47774308919906616, 0.5668168067932129]]
[epoch 66] Actual Positions:    [[0.2222222238779068, 0.6666666865348816], [0.6666666865348816, 1.0], [0.4444444477558136, 0.8888888955116272], [1.0, 0.3333333432674408], [0.4444444477558136, 0.4444444477558136], [0.2222222238779068, 0.2222222238779068], [0.3333333432674408, 0.8888888955116272], [0.6666666865348816, 0.0], [0.7777777910232544, 0.3333333432674408], [0.0, 0.8888888955116272]]
[epoch 66] Predicted Actions: [5, 5, 5, 5, 5, 5, 5, 5, 5, 5]
[epoch 66] Actual Actions:    [5, 5, 5, 5, 5, 5, 5, 5, 5, 5]
[epoch 66] Predicted Positions: [[0.4777432084083557, 0.5668164491653442], [0.4777432084083557, 0.5668164491653442], [0.4777432084083557, 0.5668164491653442], [0.4777432084083557, 0.5668164491653442], [0.4777432084083557, 0.5668164491653442], [0.4777432084083557, 0.5668164491653442], [0.4777432084083557, 0.5668164491653442], [0.4777432084083557, 0.5668164491653442], [0.4777432084083557, 0.5668164491653442], [0.4777432084083557, 0.5668164491653442]]
[epoch 66] Actual Positions:    [[0.2222222238779068, 0.6666666865348816], [0.6666666865348816, 1.0], [0.4444444477558136, 0.8888888955116272], [1.0, 0.3333333432674408], [0.4444444477558136, 0.4444444477558136], [0.2222222238779068, 0.2222222238779068], [0.3333333432674408, 0.8888888955116272], [0.6666666865348816, 0.0], [0.7777777910232544, 0.3333333432674408], [0.0, 0.8888888955116272]]
[epoch 66] Predicted Actions: [5, 5, 5, 5, 5, 5, 5, 5, 5, 5]
[epoch 66] Actual Actions:    [5, 5, 5, 5, 5, 5, 5, 5, 5, 5]
[epoch 66] Predicted Positions: [[0.4777432680130005, 0.5668160915374756], [0.4777432680130005, 0.5668160915374756], [0.4777432680130005, 0.5668160915374756], [0.4777432680130005, 0.5668160915374756], [0.4777432680130005, 0.5668160915374756], [0.4777432680130005, 0.5668160915374756], [0.4777432680130005, 0.5668160915374756], [0.4777432680130005, 0.5668160915374756], [0.4777432680130005, 0.5668160915374756], [0.4777432680130005, 0.5668160915374756]]
[epoch 66] Actual Positions:    [[0.2222222238779068, 0.6666666865348816], [0.6666666865348816, 1.0], [0.4444444477558136, 0.8888888955116272], [1.0, 0.3333333432674408], [0.4444444477558136, 0.4444444477558136], [0.2222222238779068, 0.2222222238779068], [0.3333333432674408, 0.8888888955116272], [0.6666666865348816, 0.0], [0.7777777910232544, 0.3333333432674408], [0.0, 0.8888888955116272]]
[epoch 67] Predicted Actions: [5, 5, 5, 5, 5, 5, 5, 5, 5, 5]
[epoch 67] Actual Actions:    [5, 5, 5, 5, 5, 5, 5, 5, 5, 5]
[epoch 67] Predicted Positions: [[0.47774338722229004, 0.5668156743049622], [0.47774338722229004, 0.5668156743049622], [0.47774338722229004, 0.5668156743049622], [0.47774338722229004, 0.5668156743049622], [0.47774338722229004, 0.5668156743049622], [0.47774338722229004, 0.5668156743049622], [0.47774338722229004, 0.5668156743049622], [0.47774338722229004, 0.5668156743049622], [0.47774338722229004, 0.5668156743049622], [0.47774338722229004, 0.5668156743049622]]
[epoch 67] Actual Positions:    [[0.2222222238779068, 0.6666666865348816], [0.6666666865348816, 1.0], [0.4444444477558136, 0.8888888955116272], [1.0, 0.3333333432674408], [0.4444444477558136, 0.4444444477558136], [0.2222222238779068, 0.2222222238779068], [0.3333333432674408, 0.8888888955116272], [0.6666666865348816, 0.0], [0.7777777910232544, 0.3333333432674408], [0.0, 0.8888888955116272]]
[epoch 67] Predicted Actions: [5, 5, 5, 5, 5, 5, 5, 5, 5, 5]
[epoch 67] Actual Actions:    [5, 5, 5, 5, 5, 5, 5, 5, 5, 5]
[epoch 67] Predicted Positions: [[0.4777434766292572, 0.566815197467804], [0.4777434766292572, 0.566815197467804], [0.4777434766292572, 0.566815197467804], [0.4777434766292572, 0.566815197467804], [0.4777434766292572, 0.566815197467804], [0.4777434766292572, 0.566815197467804], [0.4777434766292572, 0.566815197467804], [0.4777434766292572, 0.566815197467804], [0.4777434766292572, 0.566815197467804], [0.4777434766292572, 0.566815197467804]]
[epoch 67] Actual Positions:    [[0.2222222238779068, 0.6666666865348816], [0.6666666865348816, 1.0], [0.4444444477558136, 0.8888888955116272], [1.0, 0.3333333432674408], [0.4444444477558136, 0.4444444477558136], [0.2222222238779068, 0.2222222238779068], [0.3333333432674408, 0.8888888955116272], [0.6666666865348816, 0.0], [0.7777777910232544, 0.3333333432674408], [0.0, 0.8888888955116272]]
[epoch 67] Predicted Actions: [5, 5, 5, 5, 5, 5, 5, 5, 5, 5]
[epoch 67] Actual Actions:    [5, 5, 5, 5, 5, 5, 5, 5, 5, 5]
[epoch 67] Predicted Positions: [[0.47774359583854675, 0.5668148994445801], [0.47774359583854675, 0.5668148994445801], [0.47774359583854675, 0.5668148994445801], [0.47774359583854675, 0.5668148994445801], [0.47774359583854675, 0.5668148994445801], [0.47774359583854675, 0.5668148994445801], [0.47774359583854675, 0.5668148994445801], [0.47774359583854675, 0.5668148994445801], [0.47774359583854675, 0.5668148994445801], [0.47774359583854675, 0.5668148994445801]]
[epoch 67] Actual Positions:    [[0.2222222238779068, 0.6666666865348816], [0.6666666865348816, 1.0], [0.4444444477558136, 0.8888888955116272], [1.0, 0.3333333432674408], [0.4444444477558136, 0.4444444477558136], [0.2222222238779068, 0.2222222238779068], [0.3333333432674408, 0.8888888955116272], [0.6666666865348816, 0.0], [0.7777777910232544, 0.3333333432674408], [0.0, 0.8888888955116272]]
[epoch 67] Predicted Actions: [5, 5, 5, 5, 5, 5, 5, 5, 5, 5]
[epoch 67] Actual Actions:    [5, 5, 5, 5, 5, 5, 5, 5, 5, 5]
[epoch 67] Predicted Positions: [[0.47774365544319153, 0.5668145418167114], [0.47774365544319153, 0.5668145418167114], [0.47774365544319153, 0.5668145418167114], [0.47774365544319153, 0.5668145418167114], [0.47774365544319153, 0.5668145418167114], [0.47774365544319153, 0.5668145418167114], [0.47774365544319153, 0.5668145418167114], [0.47774365544319153, 0.5668145418167114], [0.47774365544319153, 0.5668145418167114], [0.47774365544319153, 0.5668145418167114]]
[epoch 67] Actual Positions:    [[0.2222222238779068, 0.6666666865348816], [0.6666666865348816, 1.0], [0.4444444477558136, 0.8888888955116272], [1.0, 0.3333333432674408], [0.4444444477558136, 0.4444444477558136], [0.2222222238779068, 0.2222222238779068], [0.3333333432674408, 0.8888888955116272], [0.6666666865348816, 0.0], [0.7777777910232544, 0.3333333432674408], [0.0, 0.8888888955116272]]
[epoch 67] Predicted Actions: [5, 5, 5, 5, 5, 5, 5, 5, 5, 5]
[epoch 67] Actual Actions:    [5, 5, 5, 5, 5, 5, 5, 5, 5, 5]
[epoch 67] Predicted Positions: [[0.4777437150478363, 0.566814124584198], [0.4777437150478363, 0.566814124584198], [0.4777437150478363, 0.566814124584198], [0.4777437150478363, 0.566814124584198], [0.4777437150478363, 0.566814124584198], [0.4777437150478363, 0.566814124584198], [0.4777437150478363, 0.566814124584198], [0.4777437150478363, 0.566814124584198], [0.4777437150478363, 0.566814124584198], [0.4777437150478363, 0.566814124584198]]
[epoch 67] Actual Positions:    [[0.2222222238779068, 0.6666666865348816], [0.6666666865348816, 1.0], [0.4444444477558136, 0.8888888955116272], [1.0, 0.3333333432674408], [0.4444444477558136, 0.4444444477558136], [0.2222222238779068, 0.2222222238779068], [0.3333333432674408, 0.8888888955116272], [0.6666666865348816, 0.0], [0.7777777910232544, 0.3333333432674408], [0.0, 0.8888888955116272]]
[epoch 68] Predicted Actions: [5, 5, 5, 5, 5, 5, 5, 5, 5, 5]
[epoch 68] Actual Actions:    [5, 5, 5, 5, 5, 5, 5, 5, 5, 5]
[epoch 68] Predicted Positions: [[0.47774380445480347, 0.5668137669563293], [0.47774380445480347, 0.5668137669563293], [0.47774380445480347, 0.5668137669563293], [0.47774380445480347, 0.5668137669563293], [0.47774380445480347, 0.5668137669563293], [0.47774380445480347, 0.5668137669563293], [0.47774380445480347, 0.5668137669563293], [0.47774380445480347, 0.5668137669563293], [0.47774380445480347, 0.5668137669563293], [0.47774380445480347, 0.5668137669563293]]
[epoch 68] Actual Positions:    [[0.2222222238779068, 0.6666666865348816], [0.6666666865348816, 1.0], [0.4444444477558136, 0.8888888955116272], [1.0, 0.3333333432674408], [0.4444444477558136, 0.4444444477558136], [0.2222222238779068, 0.2222222238779068], [0.3333333432674408, 0.8888888955116272], [0.6666666865348816, 0.0], [0.7777777910232544, 0.3333333432674408], [0.0, 0.8888888955116272]]
[epoch 68] Predicted Actions: [5, 5, 5, 5, 5, 5, 5, 5, 5, 5]
[epoch 68] Actual Actions:    [5, 5, 5, 5, 5, 5, 5, 5, 5, 5]
[epoch 68] Predicted Positions: [[0.47774386405944824, 0.5668134689331055], [0.47774386405944824, 0.5668134689331055], [0.47774386405944824, 0.5668134689331055], [0.47774386405944824, 0.5668134689331055], [0.47774386405944824, 0.5668134689331055], [0.47774386405944824, 0.5668134689331055], [0.47774386405944824, 0.5668134689331055], [0.47774386405944824, 0.5668134689331055], [0.47774386405944824, 0.5668134689331055], [0.47774386405944824, 0.5668134689331055]]
[epoch 68] Actual Positions:    [[0.2222222238779068, 0.6666666865348816], [0.6666666865348816, 1.0], [0.4444444477558136, 0.8888888955116272], [1.0, 0.3333333432674408], [0.4444444477558136, 0.4444444477558136], [0.2222222238779068, 0.2222222238779068], [0.3333333432674408, 0.8888888955116272], [0.6666666865348816, 0.0], [0.7777777910232544, 0.3333333432674408], [0.0, 0.8888888955116272]]
[epoch 68] Predicted Actions: [5, 5, 5, 5, 5, 5, 5, 5, 5, 5]
[epoch 68] Actual Actions:    [5, 5, 5, 5, 5, 5, 5, 5, 5, 5]
[epoch 68] Predicted Positions: [[0.477743923664093, 0.566813051700592], [0.477743923664093, 0.566813051700592], [0.477743923664093, 0.566813051700592], [0.477743923664093, 0.566813051700592], [0.477743923664093, 0.566813051700592], [0.477743923664093, 0.566813051700592], [0.477743923664093, 0.566813051700592], [0.477743923664093, 0.566813051700592], [0.477743923664093, 0.566813051700592], [0.477743923664093, 0.566813051700592]]
[epoch 68] Actual Positions:    [[0.2222222238779068, 0.6666666865348816], [0.6666666865348816, 1.0], [0.4444444477558136, 0.8888888955116272], [1.0, 0.3333333432674408], [0.4444444477558136, 0.4444444477558136], [0.2222222238779068, 0.2222222238779068], [0.3333333432674408, 0.8888888955116272], [0.6666666865348816, 0.0], [0.7777777910232544, 0.3333333432674408], [0.0, 0.8888888955116272]]
[epoch 68] Predicted Actions: [5, 5, 5, 5, 5, 5, 5, 5, 5, 5]
[epoch 68] Actual Actions:    [5, 5, 5, 5, 5, 5, 5, 5, 5, 5]
[epoch 68] Predicted Positions: [[0.4777440130710602, 0.5668127536773682], [0.4777440130710602, 0.5668127536773682], [0.4777440130710602, 0.5668127536773682], [0.4777440130710602, 0.5668127536773682], [0.4777440130710602, 0.5668127536773682], [0.4777440130710602, 0.5668127536773682], [0.4777440130710602, 0.5668127536773682], [0.4777440130710602, 0.5668127536773682], [0.4777440130710602, 0.5668127536773682], [0.4777440130710602, 0.5668127536773682]]
[epoch 68] Actual Positions:    [[0.2222222238779068, 0.6666666865348816], [0.6666666865348816, 1.0], [0.4444444477558136, 0.8888888955116272], [1.0, 0.3333333432674408], [0.4444444477558136, 0.4444444477558136], [0.2222222238779068, 0.2222222238779068], [0.3333333432674408, 0.8888888955116272], [0.6666666865348816, 0.0], [0.7777777910232544, 0.3333333432674408], [0.0, 0.8888888955116272]]
[epoch 68] Predicted Actions: [5, 5, 5, 5, 5, 5, 5, 5, 5, 5]
[epoch 68] Actual Actions:    [5, 5, 5, 5, 5, 5, 5, 5, 5, 5]
[epoch 68] Predicted Positions: [[0.47774413228034973, 0.5668123960494995], [0.47774413228034973, 0.5668123960494995], [0.47774413228034973, 0.5668123960494995], [0.47774413228034973, 0.5668123960494995], [0.47774413228034973, 0.5668123960494995], [0.47774413228034973, 0.5668123960494995], [0.47774413228034973, 0.5668123960494995], [0.47774413228034973, 0.5668123960494995], [0.47774413228034973, 0.5668123960494995], [0.47774413228034973, 0.5668123960494995]]
[epoch 68] Actual Positions:    [[0.2222222238779068, 0.6666666865348816], [0.6666666865348816, 1.0], [0.4444444477558136, 0.8888888955116272], [1.0, 0.3333333432674408], [0.4444444477558136, 0.4444444477558136], [0.2222222238779068, 0.2222222238779068], [0.3333333432674408, 0.8888888955116272], [0.6666666865348816, 0.0], [0.7777777910232544, 0.3333333432674408], [0.0, 0.8888888955116272]]
[epoch 69] Predicted Actions: [5, 5, 5, 5, 5, 5, 5, 5, 5, 5]
[epoch 69] Actual Actions:    [5, 5, 5, 5, 5, 5, 5, 5, 5, 5]
[epoch 69] Predicted Positions: [[0.47774413228034973, 0.5668120384216309], [0.47774413228034973, 0.5668120384216309], [0.47774413228034973, 0.5668120384216309], [0.47774413228034973, 0.5668120384216309], [0.47774413228034973, 0.5668120384216309], [0.47774413228034973, 0.5668120384216309], [0.47774413228034973, 0.5668120384216309], [0.47774413228034973, 0.5668120384216309], [0.47774413228034973, 0.5668120384216309], [0.47774413228034973, 0.5668120384216309]]
[epoch 69] Actual Positions:    [[0.2222222238779068, 0.6666666865348816], [0.6666666865348816, 1.0], [0.4444444477558136, 0.8888888955116272], [1.0, 0.3333333432674408], [0.4444444477558136, 0.4444444477558136], [0.2222222238779068, 0.2222222238779068], [0.3333333432674408, 0.8888888955116272], [0.6666666865348816, 0.0], [0.7777777910232544, 0.3333333432674408], [0.0, 0.8888888955116272]]
[epoch 69] Predicted Actions: [5, 5, 5, 5, 5, 5, 5, 5, 5, 5]
[epoch 69] Actual Actions:    [5, 5, 5, 5, 5, 5, 5, 5, 5, 5]
[epoch 69] Predicted Positions: [[0.4777442514896393, 0.5668116807937622], [0.4777442514896393, 0.5668116807937622], [0.4777442514896393, 0.5668116807937622], [0.4777442514896393, 0.5668116807937622], [0.4777442514896393, 0.5668116807937622], [0.4777442514896393, 0.5668116807937622], [0.4777442514896393, 0.5668116807937622], [0.4777442514896393, 0.5668116807937622], [0.4777442514896393, 0.5668116807937622], [0.4777442514896393, 0.5668116807937622]]
[epoch 69] Actual Positions:    [[0.2222222238779068, 0.6666666865348816], [0.6666666865348816, 1.0], [0.4444444477558136, 0.8888888955116272], [1.0, 0.3333333432674408], [0.4444444477558136, 0.4444444477558136], [0.2222222238779068, 0.2222222238779068], [0.3333333432674408, 0.8888888955116272], [0.6666666865348816, 0.0], [0.7777777910232544, 0.3333333432674408], [0.0, 0.8888888955116272]]
[epoch 69] Predicted Actions: [5, 5, 5, 5, 5, 5, 5, 5, 5, 5]
[epoch 69] Actual Actions:    [5, 5, 5, 5, 5, 5, 5, 5, 5, 5]
[epoch 69] Predicted Positions: [[0.47774434089660645, 0.5668113827705383], [0.47774434089660645, 0.5668113827705383], [0.47774434089660645, 0.5668113827705383], [0.47774434089660645, 0.5668113827705383], [0.47774434089660645, 0.5668113827705383], [0.47774434089660645, 0.5668113827705383], [0.47774434089660645, 0.5668113827705383], [0.47774434089660645, 0.5668113827705383], [0.47774434089660645, 0.5668113827705383], [0.47774434089660645, 0.5668113827705383]]
[epoch 69] Actual Positions:    [[0.2222222238779068, 0.6666666865348816], [0.6666666865348816, 1.0], [0.4444444477558136, 0.8888888955116272], [1.0, 0.3333333432674408], [0.4444444477558136, 0.4444444477558136], [0.2222222238779068, 0.2222222238779068], [0.3333333432674408, 0.8888888955116272], [0.6666666865348816, 0.0], [0.7777777910232544, 0.3333333432674408], [0.0, 0.8888888955116272]]
[epoch 69] Predicted Actions: [5, 5, 5, 5, 5, 5, 5, 5, 5, 5]
[epoch 69] Actual Actions:    [5, 5, 5, 5, 5, 5, 5, 5, 5, 5]
[epoch 69] Predicted Positions: [[0.4777444005012512, 0.5668110847473145], [0.4777444005012512, 0.5668110847473145], [0.4777444005012512, 0.5668110847473145], [0.4777444005012512, 0.5668110847473145], [0.4777444005012512, 0.5668110847473145], [0.4777444005012512, 0.5668110847473145], [0.4777444005012512, 0.5668110847473145], [0.4777444005012512, 0.5668110847473145], [0.4777444005012512, 0.5668110847473145], [0.4777444005012512, 0.5668110847473145]]
[epoch 69] Actual Positions:    [[0.2222222238779068, 0.6666666865348816], [0.6666666865348816, 1.0], [0.4444444477558136, 0.8888888955116272], [1.0, 0.3333333432674408], [0.4444444477558136, 0.4444444477558136], [0.2222222238779068, 0.2222222238779068], [0.3333333432674408, 0.8888888955116272], [0.6666666865348816, 0.0], [0.7777777910232544, 0.3333333432674408], [0.0, 0.8888888955116272]]
[epoch 69] Predicted Actions: [5, 5, 5, 5, 5, 5, 5, 5, 5, 5]
[epoch 69] Actual Actions:    [5, 5, 5, 5, 5, 5, 5, 5, 5, 5]
[epoch 69] Predicted Positions: [[0.477744460105896, 0.5668107271194458], [0.477744460105896, 0.5668107271194458], [0.477744460105896, 0.5668107271194458], [0.477744460105896, 0.5668107271194458], [0.477744460105896, 0.5668107271194458], [0.477744460105896, 0.5668107271194458], [0.477744460105896, 0.5668107271194458], [0.477744460105896, 0.5668107271194458], [0.477744460105896, 0.5668107271194458], [0.477744460105896, 0.5668107271194458]]
[epoch 69] Actual Positions:    [[0.2222222238779068, 0.6666666865348816], [0.6666666865348816, 1.0], [0.4444444477558136, 0.8888888955116272], [1.0, 0.3333333432674408], [0.4444444477558136, 0.4444444477558136], [0.2222222238779068, 0.2222222238779068], [0.3333333432674408, 0.8888888955116272], [0.6666666865348816, 0.0], [0.7777777910232544, 0.3333333432674408], [0.0, 0.8888888955116272]]
[epoch 70] Predicted Actions: [5, 5, 5, 5, 5, 5, 5, 5, 5, 5]
[epoch 70] Actual Actions:    [5, 5, 5, 5, 5, 5, 5, 5, 5, 5]
[epoch 70] Predicted Positions: [[0.47774457931518555, 0.5668104290962219], [0.47774457931518555, 0.5668104290962219], [0.47774457931518555, 0.5668104290962219], [0.47774457931518555, 0.5668104290962219], [0.47774457931518555, 0.5668104290962219], [0.47774457931518555, 0.5668104290962219], [0.47774457931518555, 0.5668104290962219], [0.47774457931518555, 0.5668104290962219], [0.47774457931518555, 0.5668104290962219], [0.47774457931518555, 0.5668104290962219]]
[epoch 70] Actual Positions:    [[0.2222222238779068, 0.6666666865348816], [0.6666666865348816, 1.0], [0.4444444477558136, 0.8888888955116272], [1.0, 0.3333333432674408], [0.4444444477558136, 0.4444444477558136], [0.2222222238779068, 0.2222222238779068], [0.3333333432674408, 0.8888888955116272], [0.6666666865348816, 0.0], [0.7777777910232544, 0.3333333432674408], [0.0, 0.8888888955116272]]
[epoch 70] Predicted Actions: [5, 5, 5, 5, 5, 5, 5, 5, 5, 5]
[epoch 70] Actual Actions:    [5, 5, 5, 5, 5, 5, 5, 5, 5, 5]
[epoch 70] Predicted Positions: [[0.4777446389198303, 0.5668100714683533], [0.4777446389198303, 0.5668100714683533], [0.4777446389198303, 0.5668100714683533], [0.4777446389198303, 0.5668100714683533], [0.4777446389198303, 0.5668100714683533], [0.4777446389198303, 0.5668100714683533], [0.4777446389198303, 0.5668100714683533], [0.4777446389198303, 0.5668100714683533], [0.4777446389198303, 0.5668100714683533], [0.4777446389198303, 0.5668100714683533]]
[epoch 70] Actual Positions:    [[0.2222222238779068, 0.6666666865348816], [0.6666666865348816, 1.0], [0.4444444477558136, 0.8888888955116272], [1.0, 0.3333333432674408], [0.4444444477558136, 0.4444444477558136], [0.2222222238779068, 0.2222222238779068], [0.3333333432674408, 0.8888888955116272], [0.6666666865348816, 0.0], [0.7777777910232544, 0.3333333432674408], [0.0, 0.8888888955116272]]
[epoch 70] Predicted Actions: [5, 5, 5, 5, 5, 5, 5, 5, 5, 5]
[epoch 70] Actual Actions:    [5, 5, 5, 5, 5, 5, 5, 5, 5, 5]
[epoch 70] Predicted Positions: [[0.4777446687221527, 0.5668098330497742], [0.4777446687221527, 0.5668098330497742], [0.4777446687221527, 0.5668098330497742], [0.4777446687221527, 0.5668098330497742], [0.4777446687221527, 0.5668098330497742], [0.4777446687221527, 0.5668098330497742], [0.4777446687221527, 0.5668098330497742], [0.4777446687221527, 0.5668098330497742], [0.4777446687221527, 0.5668098330497742], [0.4777446687221527, 0.5668098330497742]]
[epoch 70] Actual Positions:    [[0.2222222238779068, 0.6666666865348816], [0.6666666865348816, 1.0], [0.4444444477558136, 0.8888888955116272], [1.0, 0.3333333432674408], [0.4444444477558136, 0.4444444477558136], [0.2222222238779068, 0.2222222238779068], [0.3333333432674408, 0.8888888955116272], [0.6666666865348816, 0.0], [0.7777777910232544, 0.3333333432674408], [0.0, 0.8888888955116272]]
[epoch 70] Predicted Actions: [5, 5, 5, 5, 5, 5, 5, 5, 5, 5]
[epoch 70] Actual Actions:    [5, 5, 5, 5, 5, 5, 5, 5, 5, 5]
[epoch 70] Predicted Positions: [[0.47774478793144226, 0.5668095350265503], [0.47774478793144226, 0.5668095350265503], [0.47774478793144226, 0.5668095350265503], [0.47774478793144226, 0.5668095350265503], [0.47774478793144226, 0.5668095350265503], [0.47774478793144226, 0.5668095350265503], [0.47774478793144226, 0.5668095350265503], [0.47774478793144226, 0.5668095350265503], [0.47774478793144226, 0.5668095350265503], [0.47774478793144226, 0.5668095350265503]]
[epoch 70] Actual Positions:    [[0.2222222238779068, 0.6666666865348816], [0.6666666865348816, 1.0], [0.4444444477558136, 0.8888888955116272], [1.0, 0.3333333432674408], [0.4444444477558136, 0.4444444477558136], [0.2222222238779068, 0.2222222238779068], [0.3333333432674408, 0.8888888955116272], [0.6666666865348816, 0.0], [0.7777777910232544, 0.3333333432674408], [0.0, 0.8888888955116272]]
[epoch 70] Predicted Actions: [5, 5, 5, 5, 5, 5, 5, 5, 5, 5]
[epoch 70] Actual Actions:    [5, 5, 5, 5, 5, 5, 5, 5, 5, 5]
[epoch 70] Predicted Positions: [[0.47774484753608704, 0.5668092370033264], [0.47774484753608704, 0.5668092370033264], [0.47774484753608704, 0.5668092370033264], [0.47774484753608704, 0.5668092370033264], [0.47774484753608704, 0.5668092370033264], [0.47774484753608704, 0.5668092370033264], [0.47774484753608704, 0.5668092370033264], [0.47774484753608704, 0.5668092370033264], [0.47774484753608704, 0.5668092370033264], [0.47774484753608704, 0.5668092370033264]]
[epoch 70] Actual Positions:    [[0.2222222238779068, 0.6666666865348816], [0.6666666865348816, 1.0], [0.4444444477558136, 0.8888888955116272], [1.0, 0.3333333432674408], [0.4444444477558136, 0.4444444477558136], [0.2222222238779068, 0.2222222238779068], [0.3333333432674408, 0.8888888955116272], [0.6666666865348816, 0.0], [0.7777777910232544, 0.3333333432674408], [0.0, 0.8888888955116272]]
[epoch 71] Predicted Actions: [5, 5, 5, 5, 5, 5, 5, 5, 5, 5]
[epoch 71] Actual Actions:    [5, 5, 5, 5, 5, 5, 5, 5, 5, 5]
[epoch 71] Predicted Positions: [[0.4777449071407318, 0.5668088793754578], [0.4777449071407318, 0.5668088793754578], [0.4777449071407318, 0.5668088793754578], [0.4777449071407318, 0.5668088793754578], [0.4777449071407318, 0.5668088793754578], [0.4777449071407318, 0.5668088793754578], [0.4777449071407318, 0.5668088793754578], [0.4777449071407318, 0.5668088793754578], [0.4777449071407318, 0.5668088793754578], [0.4777449071407318, 0.5668088793754578]]
[epoch 71] Actual Positions:    [[0.2222222238779068, 0.6666666865348816], [0.6666666865348816, 1.0], [0.4444444477558136, 0.8888888955116272], [1.0, 0.3333333432674408], [0.4444444477558136, 0.4444444477558136], [0.2222222238779068, 0.2222222238779068], [0.3333333432674408, 0.8888888955116272], [0.6666666865348816, 0.0], [0.7777777910232544, 0.3333333432674408], [0.0, 0.8888888955116272]]
[epoch 71] Predicted Actions: [5, 5, 5, 5, 5, 5, 5, 5, 5, 5]
[epoch 71] Actual Actions:    [5, 5, 5, 5, 5, 5, 5, 5, 5, 5]
[epoch 71] Predicted Positions: [[0.4777449667453766, 0.5668086409568787], [0.4777449667453766, 0.5668086409568787], [0.4777449667453766, 0.5668086409568787], [0.4777449667453766, 0.5668086409568787], [0.4777449667453766, 0.5668086409568787], [0.4777449667453766, 0.5668086409568787], [0.4777449667453766, 0.5668086409568787], [0.4777449667453766, 0.5668086409568787], [0.4777449667453766, 0.5668086409568787], [0.4777449667453766, 0.5668086409568787]]
[epoch 71] Actual Positions:    [[0.2222222238779068, 0.6666666865348816], [0.6666666865348816, 1.0], [0.4444444477558136, 0.8888888955116272], [1.0, 0.3333333432674408], [0.4444444477558136, 0.4444444477558136], [0.2222222238779068, 0.2222222238779068], [0.3333333432674408, 0.8888888955116272], [0.6666666865348816, 0.0], [0.7777777910232544, 0.3333333432674408], [0.0, 0.8888888955116272]]
[epoch 71] Predicted Actions: [5, 5, 5, 5, 5, 5, 5, 5, 5, 5]
[epoch 71] Actual Actions:    [5, 5, 5, 5, 5, 5, 5, 5, 5, 5]
[epoch 71] Predicted Positions: [[0.477744996547699, 0.5668083429336548], [0.477744996547699, 0.5668083429336548], [0.477744996547699, 0.5668083429336548], [0.477744996547699, 0.5668083429336548], [0.477744996547699, 0.5668083429336548], [0.477744996547699, 0.5668083429336548], [0.477744996547699, 0.5668083429336548], [0.477744996547699, 0.5668083429336548], [0.477744996547699, 0.5668083429336548], [0.477744996547699, 0.5668083429336548]]
[epoch 71] Actual Positions:    [[0.2222222238779068, 0.6666666865348816], [0.6666666865348816, 1.0], [0.4444444477558136, 0.8888888955116272], [1.0, 0.3333333432674408], [0.4444444477558136, 0.4444444477558136], [0.2222222238779068, 0.2222222238779068], [0.3333333432674408, 0.8888888955116272], [0.6666666865348816, 0.0], [0.7777777910232544, 0.3333333432674408], [0.0, 0.8888888955116272]]
[epoch 71] Predicted Actions: [5, 5, 5, 5, 5, 5, 5, 5, 5, 5]
[epoch 71] Actual Actions:    [5, 5, 5, 5, 5, 5, 5, 5, 5, 5]
[epoch 71] Predicted Positions: [[0.4777451157569885, 0.5668080449104309], [0.4777451157569885, 0.5668080449104309], [0.4777451157569885, 0.5668080449104309], [0.4777451157569885, 0.5668080449104309], [0.4777451157569885, 0.5668080449104309], [0.4777451157569885, 0.5668080449104309], [0.4777451157569885, 0.5668080449104309], [0.4777451157569885, 0.5668080449104309], [0.4777451157569885, 0.5668080449104309], [0.4777451157569885, 0.5668080449104309]]
[epoch 71] Actual Positions:    [[0.2222222238779068, 0.6666666865348816], [0.6666666865348816, 1.0], [0.4444444477558136, 0.8888888955116272], [1.0, 0.3333333432674408], [0.4444444477558136, 0.4444444477558136], [0.2222222238779068, 0.2222222238779068], [0.3333333432674408, 0.8888888955116272], [0.6666666865348816, 0.0], [0.7777777910232544, 0.3333333432674408], [0.0, 0.8888888955116272]]
[epoch 71] Predicted Actions: [5, 5, 5, 5, 5, 5, 5, 5, 5, 5]
[epoch 71] Actual Actions:    [5, 5, 5, 5, 5, 5, 5, 5, 5, 5]
[epoch 71] Predicted Positions: [[0.4777451753616333, 0.5668078064918518], [0.4777451753616333, 0.5668078064918518], [0.4777451753616333, 0.5668078064918518], [0.4777451753616333, 0.5668078064918518], [0.4777451753616333, 0.5668078064918518], [0.4777451753616333, 0.5668078064918518], [0.4777451753616333, 0.5668078064918518], [0.4777451753616333, 0.5668078064918518], [0.4777451753616333, 0.5668078064918518], [0.4777451753616333, 0.5668078064918518]]
[epoch 71] Actual Positions:    [[0.2222222238779068, 0.6666666865348816], [0.6666666865348816, 1.0], [0.4444444477558136, 0.8888888955116272], [1.0, 0.3333333432674408], [0.4444444477558136, 0.4444444477558136], [0.2222222238779068, 0.2222222238779068], [0.3333333432674408, 0.8888888955116272], [0.6666666865348816, 0.0], [0.7777777910232544, 0.3333333432674408], [0.0, 0.8888888955116272]]
[epoch 72] Predicted Actions: [5, 5, 5, 5, 5, 5, 5, 5, 5, 5]
[epoch 72] Actual Actions:    [5, 5, 5, 5, 5, 5, 5, 5, 5, 5]
[epoch 72] Predicted Positions: [[0.4777452349662781, 0.5668075084686279], [0.4777452349662781, 0.5668075084686279], [0.4777452349662781, 0.5668075084686279], [0.4777452349662781, 0.5668075084686279], [0.4777452349662781, 0.5668075084686279], [0.4777452349662781, 0.5668075084686279], [0.4777452349662781, 0.5668075084686279], [0.4777452349662781, 0.5668075084686279], [0.4777452349662781, 0.5668075084686279], [0.4777452349662781, 0.5668075084686279]]
[epoch 72] Actual Positions:    [[0.2222222238779068, 0.6666666865348816], [0.6666666865348816, 1.0], [0.4444444477558136, 0.8888888955116272], [1.0, 0.3333333432674408], [0.4444444477558136, 0.4444444477558136], [0.2222222238779068, 0.2222222238779068], [0.3333333432674408, 0.8888888955116272], [0.6666666865348816, 0.0], [0.7777777910232544, 0.3333333432674408], [0.0, 0.8888888955116272]]
[epoch 72] Predicted Actions: [5, 5, 5, 5, 5, 5, 5, 5, 5, 5]
[epoch 72] Actual Actions:    [5, 5, 5, 5, 5, 5, 5, 5, 5, 5]
[epoch 72] Predicted Positions: [[0.47774526476860046, 0.566807210445404], [0.47774526476860046, 0.566807210445404], [0.47774526476860046, 0.566807210445404], [0.47774526476860046, 0.566807210445404], [0.47774526476860046, 0.566807210445404], [0.47774526476860046, 0.566807210445404], [0.47774526476860046, 0.566807210445404], [0.47774526476860046, 0.566807210445404], [0.47774526476860046, 0.566807210445404], [0.47774526476860046, 0.566807210445404]]
[epoch 72] Actual Positions:    [[0.2222222238779068, 0.6666666865348816], [0.6666666865348816, 1.0], [0.4444444477558136, 0.8888888955116272], [1.0, 0.3333333432674408], [0.4444444477558136, 0.4444444477558136], [0.2222222238779068, 0.2222222238779068], [0.3333333432674408, 0.8888888955116272], [0.6666666865348816, 0.0], [0.7777777910232544, 0.3333333432674408], [0.0, 0.8888888955116272]]
[epoch 72] Predicted Actions: [5, 5, 5, 5, 5, 5, 5, 5, 5, 5]
[epoch 72] Actual Actions:    [5, 5, 5, 5, 5, 5, 5, 5, 5, 5]
[epoch 72] Predicted Positions: [[0.47774532437324524, 0.566806972026825], [0.47774532437324524, 0.566806972026825], [0.47774532437324524, 0.566806972026825], [0.47774532437324524, 0.566806972026825], [0.47774532437324524, 0.566806972026825], [0.47774532437324524, 0.566806972026825], [0.47774532437324524, 0.566806972026825], [0.47774532437324524, 0.566806972026825], [0.47774532437324524, 0.566806972026825], [0.47774532437324524, 0.566806972026825]]
[epoch 72] Actual Positions:    [[0.2222222238779068, 0.6666666865348816], [0.6666666865348816, 1.0], [0.4444444477558136, 0.8888888955116272], [1.0, 0.3333333432674408], [0.4444444477558136, 0.4444444477558136], [0.2222222238779068, 0.2222222238779068], [0.3333333432674408, 0.8888888955116272], [0.6666666865348816, 0.0], [0.7777777910232544, 0.3333333432674408], [0.0, 0.8888888955116272]]
[epoch 72] Predicted Actions: [5, 5, 5, 5, 5, 5, 5, 5, 5, 5]
[epoch 72] Actual Actions:    [5, 5, 5, 5, 5, 5, 5, 5, 5, 5]
[epoch 72] Predicted Positions: [[0.47774538397789, 0.5668067336082458], [0.47774538397789, 0.5668067336082458], [0.47774538397789, 0.5668067336082458], [0.47774538397789, 0.5668067336082458], [0.47774538397789, 0.5668067336082458], [0.47774538397789, 0.5668067336082458], [0.47774538397789, 0.5668067336082458], [0.47774538397789, 0.5668067336082458], [0.47774538397789, 0.5668067336082458], [0.47774538397789, 0.5668067336082458]]
[epoch 72] Actual Positions:    [[0.2222222238779068, 0.6666666865348816], [0.6666666865348816, 1.0], [0.4444444477558136, 0.8888888955116272], [1.0, 0.3333333432674408], [0.4444444477558136, 0.4444444477558136], [0.2222222238779068, 0.2222222238779068], [0.3333333432674408, 0.8888888955116272], [0.6666666865348816, 0.0], [0.7777777910232544, 0.3333333432674408], [0.0, 0.8888888955116272]]
[epoch 72] Predicted Actions: [5, 5, 5, 5, 5, 5, 5, 5, 5, 5]
[epoch 72] Actual Actions:    [5, 5, 5, 5, 5, 5, 5, 5, 5, 5]
[epoch 72] Predicted Positions: [[0.4777454435825348, 0.566806435585022], [0.4777454435825348, 0.566806435585022], [0.4777454435825348, 0.566806435585022], [0.4777454435825348, 0.566806435585022], [0.4777454435825348, 0.566806435585022], [0.4777454435825348, 0.566806435585022], [0.4777454435825348, 0.566806435585022], [0.4777454435825348, 0.566806435585022], [0.4777454435825348, 0.566806435585022], [0.4777454435825348, 0.566806435585022]]
[epoch 72] Actual Positions:    [[0.2222222238779068, 0.6666666865348816], [0.6666666865348816, 1.0], [0.4444444477558136, 0.8888888955116272], [1.0, 0.3333333432674408], [0.4444444477558136, 0.4444444477558136], [0.2222222238779068, 0.2222222238779068], [0.3333333432674408, 0.8888888955116272], [0.6666666865348816, 0.0], [0.7777777910232544, 0.3333333432674408], [0.0, 0.8888888955116272]]
[epoch 73] Predicted Actions: [5, 5, 5, 5, 5, 5, 5, 5, 5, 5]
[epoch 73] Actual Actions:    [5, 5, 5, 5, 5, 5, 5, 5, 5, 5]
[epoch 73] Predicted Positions: [[0.47774550318717957, 0.5668061971664429], [0.47774550318717957, 0.5668061971664429], [0.47774550318717957, 0.5668061971664429], [0.47774550318717957, 0.5668061971664429], [0.47774550318717957, 0.5668061971664429], [0.47774550318717957, 0.5668061971664429], [0.47774550318717957, 0.5668061971664429], [0.47774550318717957, 0.5668061971664429], [0.47774550318717957, 0.5668061971664429], [0.47774550318717957, 0.5668061971664429]]
[epoch 73] Actual Positions:    [[0.2222222238779068, 0.6666666865348816], [0.6666666865348816, 1.0], [0.4444444477558136, 0.8888888955116272], [1.0, 0.3333333432674408], [0.4444444477558136, 0.4444444477558136], [0.2222222238779068, 0.2222222238779068], [0.3333333432674408, 0.8888888955116272], [0.6666666865348816, 0.0], [0.7777777910232544, 0.3333333432674408], [0.0, 0.8888888955116272]]
[epoch 73] Predicted Actions: [5, 5, 5, 5, 5, 5, 5, 5, 5, 5]
[epoch 73] Actual Actions:    [5, 5, 5, 5, 5, 5, 5, 5, 5, 5]
[epoch 73] Predicted Positions: [[0.47774556279182434, 0.5668059587478638], [0.47774556279182434, 0.5668059587478638], [0.47774556279182434, 0.5668059587478638], [0.47774556279182434, 0.5668059587478638], [0.47774556279182434, 0.5668059587478638], [0.47774556279182434, 0.5668059587478638], [0.47774556279182434, 0.5668059587478638], [0.47774556279182434, 0.5668059587478638], [0.47774556279182434, 0.5668059587478638], [0.47774556279182434, 0.5668059587478638]]
[epoch 73] Actual Positions:    [[0.2222222238779068, 0.6666666865348816], [0.6666666865348816, 1.0], [0.4444444477558136, 0.8888888955116272], [1.0, 0.3333333432674408], [0.4444444477558136, 0.4444444477558136], [0.2222222238779068, 0.2222222238779068], [0.3333333432674408, 0.8888888955116272], [0.6666666865348816, 0.0], [0.7777777910232544, 0.3333333432674408], [0.0, 0.8888888955116272]]
[epoch 73] Predicted Actions: [5, 5, 5, 5, 5, 5, 5, 5, 5, 5]
[epoch 73] Actual Actions:    [5, 5, 5, 5, 5, 5, 5, 5, 5, 5]
[epoch 73] Predicted Positions: [[0.47774559259414673, 0.5668057203292847], [0.47774559259414673, 0.5668057203292847], [0.47774559259414673, 0.5668057203292847], [0.47774559259414673, 0.5668057203292847], [0.47774559259414673, 0.5668057203292847], [0.47774559259414673, 0.5668057203292847], [0.47774559259414673, 0.5668057203292847], [0.47774559259414673, 0.5668057203292847], [0.47774559259414673, 0.5668057203292847], [0.47774559259414673, 0.5668057203292847]]
[epoch 73] Actual Positions:    [[0.2222222238779068, 0.6666666865348816], [0.6666666865348816, 1.0], [0.4444444477558136, 0.8888888955116272], [1.0, 0.3333333432674408], [0.4444444477558136, 0.4444444477558136], [0.2222222238779068, 0.2222222238779068], [0.3333333432674408, 0.8888888955116272], [0.6666666865348816, 0.0], [0.7777777910232544, 0.3333333432674408], [0.0, 0.8888888955116272]]
[epoch 73] Predicted Actions: [5, 5, 5, 5, 5, 5, 5, 5, 5, 5]
[epoch 73] Actual Actions:    [5, 5, 5, 5, 5, 5, 5, 5, 5, 5]
[epoch 73] Predicted Positions: [[0.4777456521987915, 0.5668054819107056], [0.4777456521987915, 0.5668054819107056], [0.4777456521987915, 0.5668054819107056], [0.4777456521987915, 0.5668054819107056], [0.4777456521987915, 0.5668054819107056], [0.4777456521987915, 0.5668054819107056], [0.4777456521987915, 0.5668054819107056], [0.4777456521987915, 0.5668054819107056], [0.4777456521987915, 0.5668054819107056], [0.4777456521987915, 0.5668054819107056]]
[epoch 73] Actual Positions:    [[0.2222222238779068, 0.6666666865348816], [0.6666666865348816, 1.0], [0.4444444477558136, 0.8888888955116272], [1.0, 0.3333333432674408], [0.4444444477558136, 0.4444444477558136], [0.2222222238779068, 0.2222222238779068], [0.3333333432674408, 0.8888888955116272], [0.6666666865348816, 0.0], [0.7777777910232544, 0.3333333432674408], [0.0, 0.8888888955116272]]
[epoch 73] Predicted Actions: [5, 5, 5, 5, 5, 5, 5, 5, 5, 5]
[epoch 73] Actual Actions:    [5, 5, 5, 5, 5, 5, 5, 5, 5, 5]
[epoch 73] Predicted Positions: [[0.4777457118034363, 0.5668052434921265], [0.4777457118034363, 0.5668052434921265], [0.4777457118034363, 0.5668052434921265], [0.4777457118034363, 0.5668052434921265], [0.4777457118034363, 0.5668052434921265], [0.4777457118034363, 0.5668052434921265], [0.4777457118034363, 0.5668052434921265], [0.4777457118034363, 0.5668052434921265], [0.4777457118034363, 0.5668052434921265], [0.4777457118034363, 0.5668052434921265]]
[epoch 73] Actual Positions:    [[0.2222222238779068, 0.6666666865348816], [0.6666666865348816, 1.0], [0.4444444477558136, 0.8888888955116272], [1.0, 0.3333333432674408], [0.4444444477558136, 0.4444444477558136], [0.2222222238779068, 0.2222222238779068], [0.3333333432674408, 0.8888888955116272], [0.6666666865348816, 0.0], [0.7777777910232544, 0.3333333432674408], [0.0, 0.8888888955116272]]
[epoch 74] Predicted Actions: [5, 5, 5, 5, 5, 5, 5, 5, 5, 5]
[epoch 74] Actual Actions:    [5, 5, 5, 5, 5, 5, 5, 5, 5, 5]
[epoch 74] Predicted Positions: [[0.47774577140808105, 0.5668050050735474], [0.47774577140808105, 0.5668050050735474], [0.47774577140808105, 0.5668050050735474], [0.47774577140808105, 0.5668050050735474], [0.47774577140808105, 0.5668050050735474], [0.47774577140808105, 0.5668050050735474], [0.47774577140808105, 0.5668050050735474], [0.47774577140808105, 0.5668050050735474], [0.47774577140808105, 0.5668050050735474], [0.47774577140808105, 0.5668050050735474]]
[epoch 74] Actual Positions:    [[0.2222222238779068, 0.6666666865348816], [0.6666666865348816, 1.0], [0.4444444477558136, 0.8888888955116272], [1.0, 0.3333333432674408], [0.4444444477558136, 0.4444444477558136], [0.2222222238779068, 0.2222222238779068], [0.3333333432674408, 0.8888888955116272], [0.6666666865348816, 0.0], [0.7777777910232544, 0.3333333432674408], [0.0, 0.8888888955116272]]
[epoch 74] Predicted Actions: [5, 5, 5, 5, 5, 5, 5, 5, 5, 5]
[epoch 74] Actual Actions:    [5, 5, 5, 5, 5, 5, 5, 5, 5, 5]
[epoch 74] Predicted Positions: [[0.47774583101272583, 0.566804826259613], [0.47774583101272583, 0.566804826259613], [0.47774583101272583, 0.566804826259613], [0.47774583101272583, 0.566804826259613], [0.47774583101272583, 0.566804826259613], [0.47774583101272583, 0.566804826259613], [0.47774583101272583, 0.566804826259613], [0.47774583101272583, 0.566804826259613], [0.47774583101272583, 0.566804826259613], [0.47774583101272583, 0.566804826259613]]
[epoch 74] Actual Positions:    [[0.2222222238779068, 0.6666666865348816], [0.6666666865348816, 1.0], [0.4444444477558136, 0.8888888955116272], [1.0, 0.3333333432674408], [0.4444444477558136, 0.4444444477558136], [0.2222222238779068, 0.2222222238779068], [0.3333333432674408, 0.8888888955116272], [0.6666666865348816, 0.0], [0.7777777910232544, 0.3333333432674408], [0.0, 0.8888888955116272]]
[epoch 74] Predicted Actions: [5, 5, 5, 5, 5, 5, 5, 5, 5, 5]
[epoch 74] Actual Actions:    [5, 5, 5, 5, 5, 5, 5, 5, 5, 5]
[epoch 74] Predicted Positions: [[0.4777458906173706, 0.5668045878410339], [0.4777458906173706, 0.5668045878410339], [0.4777458906173706, 0.5668045878410339], [0.4777458906173706, 0.5668045878410339], [0.4777458906173706, 0.5668045878410339], [0.4777458906173706, 0.5668045878410339], [0.4777458906173706, 0.5668045878410339], [0.4777458906173706, 0.5668045878410339], [0.4777458906173706, 0.5668045878410339], [0.4777458906173706, 0.5668045878410339]]
[epoch 74] Actual Positions:    [[0.2222222238779068, 0.6666666865348816], [0.6666666865348816, 1.0], [0.4444444477558136, 0.8888888955116272], [1.0, 0.3333333432674408], [0.4444444477558136, 0.4444444477558136], [0.2222222238779068, 0.2222222238779068], [0.3333333432674408, 0.8888888955116272], [0.6666666865348816, 0.0], [0.7777777910232544, 0.3333333432674408], [0.0, 0.8888888955116272]]
[epoch 74] Predicted Actions: [5, 5, 5, 5, 5, 5, 5, 5, 5, 5]
[epoch 74] Actual Actions:    [5, 5, 5, 5, 5, 5, 5, 5, 5, 5]
[epoch 74] Predicted Positions: [[0.477745920419693, 0.5668043494224548], [0.477745920419693, 0.5668043494224548], [0.477745920419693, 0.5668043494224548], [0.477745920419693, 0.5668043494224548], [0.477745920419693, 0.5668043494224548], [0.477745920419693, 0.5668043494224548], [0.477745920419693, 0.5668043494224548], [0.477745920419693, 0.5668043494224548], [0.477745920419693, 0.5668043494224548], [0.477745920419693, 0.5668043494224548]]
[epoch 74] Actual Positions:    [[0.2222222238779068, 0.6666666865348816], [0.6666666865348816, 1.0], [0.4444444477558136, 0.8888888955116272], [1.0, 0.3333333432674408], [0.4444444477558136, 0.4444444477558136], [0.2222222238779068, 0.2222222238779068], [0.3333333432674408, 0.8888888955116272], [0.6666666865348816, 0.0], [0.7777777910232544, 0.3333333432674408], [0.0, 0.8888888955116272]]
[epoch 74] Predicted Actions: [5, 5, 5, 5, 5, 5, 5, 5, 5, 5]
[epoch 74] Actual Actions:    [5, 5, 5, 5, 5, 5, 5, 5, 5, 5]
[epoch 74] Predicted Positions: [[0.47774598002433777, 0.5668041110038757], [0.47774598002433777, 0.5668041110038757], [0.47774598002433777, 0.5668041110038757], [0.47774598002433777, 0.5668041110038757], [0.47774598002433777, 0.5668041110038757], [0.47774598002433777, 0.5668041110038757], [0.47774598002433777, 0.5668041110038757], [0.47774598002433777, 0.5668041110038757], [0.47774598002433777, 0.5668041110038757], [0.47774598002433777, 0.5668041110038757]]
[epoch 74] Actual Positions:    [[0.2222222238779068, 0.6666666865348816], [0.6666666865348816, 1.0], [0.4444444477558136, 0.8888888955116272], [1.0, 0.3333333432674408], [0.4444444477558136, 0.4444444477558136], [0.2222222238779068, 0.2222222238779068], [0.3333333432674408, 0.8888888955116272], [0.6666666865348816, 0.0], [0.7777777910232544, 0.3333333432674408], [0.0, 0.8888888955116272]]
[epoch 75] Predicted Actions: [5, 5, 5, 5, 5, 5, 5, 5, 5, 5]
[epoch 75] Actual Actions:    [5, 5, 5, 5, 5, 5, 5, 5, 5, 5]
[epoch 75] Predicted Positions: [[0.47774603962898254, 0.5668038725852966], [0.47774603962898254, 0.5668038725852966], [0.47774603962898254, 0.5668038725852966], [0.47774603962898254, 0.5668038725852966], [0.47774603962898254, 0.5668038725852966], [0.47774603962898254, 0.5668038725852966], [0.47774603962898254, 0.5668038725852966], [0.47774603962898254, 0.5668038725852966], [0.47774603962898254, 0.5668038725852966], [0.47774603962898254, 0.5668038725852966]]
[epoch 75] Actual Positions:    [[0.2222222238779068, 0.6666666865348816], [0.6666666865348816, 1.0], [0.4444444477558136, 0.8888888955116272], [1.0, 0.3333333432674408], [0.4444444477558136, 0.4444444477558136], [0.2222222238779068, 0.2222222238779068], [0.3333333432674408, 0.8888888955116272], [0.6666666865348816, 0.0], [0.7777777910232544, 0.3333333432674408], [0.0, 0.8888888955116272]]
[epoch 75] Predicted Actions: [5, 5, 5, 5, 5, 5, 5, 5, 5, 5]
[epoch 75] Actual Actions:    [5, 5, 5, 5, 5, 5, 5, 5, 5, 5]
[epoch 75] Predicted Positions: [[0.47774603962898254, 0.5668037533760071], [0.47774603962898254, 0.5668037533760071], [0.47774603962898254, 0.5668037533760071], [0.47774603962898254, 0.5668037533760071], [0.47774603962898254, 0.5668037533760071], [0.47774603962898254, 0.5668037533760071], [0.47774603962898254, 0.5668037533760071], [0.47774603962898254, 0.5668037533760071], [0.47774603962898254, 0.5668037533760071], [0.47774603962898254, 0.5668037533760071]]
[epoch 75] Actual Positions:    [[0.2222222238779068, 0.6666666865348816], [0.6666666865348816, 1.0], [0.4444444477558136, 0.8888888955116272], [1.0, 0.3333333432674408], [0.4444444477558136, 0.4444444477558136], [0.2222222238779068, 0.2222222238779068], [0.3333333432674408, 0.8888888955116272], [0.6666666865348816, 0.0], [0.7777777910232544, 0.3333333432674408], [0.0, 0.8888888955116272]]
[epoch 75] Predicted Actions: [5, 5, 5, 5, 5, 5, 5, 5, 5, 5]
[epoch 75] Actual Actions:    [5, 5, 5, 5, 5, 5, 5, 5, 5, 5]
[epoch 75] Predicted Positions: [[0.4777460992336273, 0.566803514957428], [0.4777460992336273, 0.566803514957428], [0.4777460992336273, 0.566803514957428], [0.4777460992336273, 0.566803514957428], [0.4777460992336273, 0.566803514957428], [0.4777460992336273, 0.566803514957428], [0.4777460992336273, 0.566803514957428], [0.4777460992336273, 0.566803514957428], [0.4777460992336273, 0.566803514957428], [0.4777460992336273, 0.566803514957428]]
[epoch 75] Actual Positions:    [[0.2222222238779068, 0.6666666865348816], [0.6666666865348816, 1.0], [0.4444444477558136, 0.8888888955116272], [1.0, 0.3333333432674408], [0.4444444477558136, 0.4444444477558136], [0.2222222238779068, 0.2222222238779068], [0.3333333432674408, 0.8888888955116272], [0.6666666865348816, 0.0], [0.7777777910232544, 0.3333333432674408], [0.0, 0.8888888955116272]]
[epoch 75] Predicted Actions: [5, 5, 5, 5, 5, 5, 5, 5, 5, 5]
[epoch 75] Actual Actions:    [5, 5, 5, 5, 5, 5, 5, 5, 5, 5]
[epoch 75] Predicted Positions: [[0.4777461588382721, 0.5668032765388489], [0.4777461588382721, 0.5668032765388489], [0.4777461588382721, 0.5668032765388489], [0.4777461588382721, 0.5668032765388489], [0.4777461588382721, 0.5668032765388489], [0.4777461588382721, 0.5668032765388489], [0.4777461588382721, 0.5668032765388489], [0.4777461588382721, 0.5668032765388489], [0.4777461588382721, 0.5668032765388489], [0.4777461588382721, 0.5668032765388489]]
[epoch 75] Actual Positions:    [[0.2222222238779068, 0.6666666865348816], [0.6666666865348816, 1.0], [0.4444444477558136, 0.8888888955116272], [1.0, 0.3333333432674408], [0.4444444477558136, 0.4444444477558136], [0.2222222238779068, 0.2222222238779068], [0.3333333432674408, 0.8888888955116272], [0.6666666865348816, 0.0], [0.7777777910232544, 0.3333333432674408], [0.0, 0.8888888955116272]]
[epoch 75] Predicted Actions: [5, 5, 5, 5, 5, 5, 5, 5, 5, 5]
[epoch 75] Actual Actions:    [5, 5, 5, 5, 5, 5, 5, 5, 5, 5]
[epoch 75] Predicted Positions: [[0.47774621844291687, 0.5668030977249146], [0.47774621844291687, 0.5668030977249146], [0.47774621844291687, 0.5668030977249146], [0.47774621844291687, 0.5668030977249146], [0.47774621844291687, 0.5668030977249146], [0.47774621844291687, 0.5668030977249146], [0.47774621844291687, 0.5668030977249146], [0.47774621844291687, 0.5668030977249146], [0.47774621844291687, 0.5668030977249146], [0.47774621844291687, 0.5668030977249146]]
[epoch 75] Actual Positions:    [[0.2222222238779068, 0.6666666865348816], [0.6666666865348816, 1.0], [0.4444444477558136, 0.8888888955116272], [1.0, 0.3333333432674408], [0.4444444477558136, 0.4444444477558136], [0.2222222238779068, 0.2222222238779068], [0.3333333432674408, 0.8888888955116272], [0.6666666865348816, 0.0], [0.7777777910232544, 0.3333333432674408], [0.0, 0.8888888955116272]]
[epoch 76] Predicted Actions: [5, 5, 5, 5, 5, 5, 5, 5, 5, 5]
[epoch 76] Actual Actions:    [5, 5, 5, 5, 5, 5, 5, 5, 5, 5]
[epoch 76] Predicted Positions: [[0.47774624824523926, 0.5668029189109802], [0.47774624824523926, 0.5668029189109802], [0.47774624824523926, 0.5668029189109802], [0.47774624824523926, 0.5668029189109802], [0.47774624824523926, 0.5668029189109802], [0.47774624824523926, 0.5668029189109802], [0.47774624824523926, 0.5668029189109802], [0.47774624824523926, 0.5668029189109802], [0.47774624824523926, 0.5668029189109802], [0.47774624824523926, 0.5668029189109802]]
[epoch 76] Actual Positions:    [[0.2222222238779068, 0.6666666865348816], [0.6666666865348816, 1.0], [0.4444444477558136, 0.8888888955116272], [1.0, 0.3333333432674408], [0.4444444477558136, 0.4444444477558136], [0.2222222238779068, 0.2222222238779068], [0.3333333432674408, 0.8888888955116272], [0.6666666865348816, 0.0], [0.7777777910232544, 0.3333333432674408], [0.0, 0.8888888955116272]]
[epoch 76] Predicted Actions: [5, 5, 5, 5, 5, 5, 5, 5, 5, 5]
[epoch 76] Actual Actions:    [5, 5, 5, 5, 5, 5, 5, 5, 5, 5]
[epoch 76] Predicted Positions: [[0.47774630784988403, 0.5668026804924011], [0.47774630784988403, 0.5668026804924011], [0.47774630784988403, 0.5668026804924011], [0.47774630784988403, 0.5668026804924011], [0.47774630784988403, 0.5668026804924011], [0.47774630784988403, 0.5668026804924011], [0.47774630784988403, 0.5668026804924011], [0.47774630784988403, 0.5668026804924011], [0.47774630784988403, 0.5668026804924011], [0.47774630784988403, 0.5668026804924011]]
[epoch 76] Actual Positions:    [[0.2222222238779068, 0.6666666865348816], [0.6666666865348816, 1.0], [0.4444444477558136, 0.8888888955116272], [1.0, 0.3333333432674408], [0.4444444477558136, 0.4444444477558136], [0.2222222238779068, 0.2222222238779068], [0.3333333432674408, 0.8888888955116272], [0.6666666865348816, 0.0], [0.7777777910232544, 0.3333333432674408], [0.0, 0.8888888955116272]]
[epoch 76] Predicted Actions: [5, 5, 5, 5, 5, 5, 5, 5, 5, 5]
[epoch 76] Actual Actions:    [5, 5, 5, 5, 5, 5, 5, 5, 5, 5]
[epoch 76] Predicted Positions: [[0.47774630784988403, 0.5668025016784668], [0.47774630784988403, 0.5668025016784668], [0.47774630784988403, 0.5668025016784668], [0.47774630784988403, 0.5668025016784668], [0.47774630784988403, 0.5668025016784668], [0.47774630784988403, 0.5668025016784668], [0.47774630784988403, 0.5668025016784668], [0.47774630784988403, 0.5668025016784668], [0.47774630784988403, 0.5668025016784668], [0.47774630784988403, 0.5668025016784668]]
[epoch 76] Actual Positions:    [[0.2222222238779068, 0.6666666865348816], [0.6666666865348816, 1.0], [0.4444444477558136, 0.8888888955116272], [1.0, 0.3333333432674408], [0.4444444477558136, 0.4444444477558136], [0.2222222238779068, 0.2222222238779068], [0.3333333432674408, 0.8888888955116272], [0.6666666865348816, 0.0], [0.7777777910232544, 0.3333333432674408], [0.0, 0.8888888955116272]]
[epoch 76] Predicted Actions: [5, 5, 5, 5, 5, 5, 5, 5, 5, 5]
[epoch 76] Actual Actions:    [5, 5, 5, 5, 5, 5, 5, 5, 5, 5]
[epoch 76] Predicted Positions: [[0.4777464270591736, 0.5668023228645325], [0.4777464270591736, 0.5668023228645325], [0.4777464270591736, 0.5668023228645325], [0.4777464270591736, 0.5668023228645325], [0.4777464270591736, 0.5668023228645325], [0.4777464270591736, 0.5668023228645325], [0.4777464270591736, 0.5668023228645325], [0.4777464270591736, 0.5668023228645325], [0.4777464270591736, 0.5668023228645325], [0.4777464270591736, 0.5668023228645325]]
[epoch 76] Actual Positions:    [[0.2222222238779068, 0.6666666865348816], [0.6666666865348816, 1.0], [0.4444444477558136, 0.8888888955116272], [1.0, 0.3333333432674408], [0.4444444477558136, 0.4444444477558136], [0.2222222238779068, 0.2222222238779068], [0.3333333432674408, 0.8888888955116272], [0.6666666865348816, 0.0], [0.7777777910232544, 0.3333333432674408], [0.0, 0.8888888955116272]]
[epoch 76] Predicted Actions: [5, 5, 5, 5, 5, 5, 5, 5, 5, 5]
[epoch 76] Actual Actions:    [5, 5, 5, 5, 5, 5, 5, 5, 5, 5]
[epoch 76] Predicted Positions: [[0.4777464270591736, 0.5668021440505981], [0.4777464270591736, 0.5668021440505981], [0.4777464270591736, 0.5668021440505981], [0.4777464270591736, 0.5668021440505981], [0.4777464270591736, 0.5668021440505981], [0.4777464270591736, 0.5668021440505981], [0.4777464270591736, 0.5668021440505981], [0.4777464270591736, 0.5668021440505981], [0.4777464270591736, 0.5668021440505981], [0.4777464270591736, 0.5668021440505981]]
[epoch 76] Actual Positions:    [[0.2222222238779068, 0.6666666865348816], [0.6666666865348816, 1.0], [0.4444444477558136, 0.8888888955116272], [1.0, 0.3333333432674408], [0.4444444477558136, 0.4444444477558136], [0.2222222238779068, 0.2222222238779068], [0.3333333432674408, 0.8888888955116272], [0.6666666865348816, 0.0], [0.7777777910232544, 0.3333333432674408], [0.0, 0.8888888955116272]]
[epoch 77] Predicted Actions: [5, 5, 5, 5, 5, 5, 5, 5, 5, 5]
[epoch 77] Actual Actions:    [5, 5, 5, 5, 5, 5, 5, 5, 5, 5]
[epoch 77] Predicted Positions: [[0.47774648666381836, 0.566801905632019], [0.47774648666381836, 0.566801905632019], [0.47774648666381836, 0.566801905632019], [0.47774648666381836, 0.566801905632019], [0.47774648666381836, 0.566801905632019], [0.47774648666381836, 0.566801905632019], [0.47774648666381836, 0.566801905632019], [0.47774648666381836, 0.566801905632019], [0.47774648666381836, 0.566801905632019], [0.47774648666381836, 0.566801905632019]]
[epoch 77] Actual Positions:    [[0.2222222238779068, 0.6666666865348816], [0.6666666865348816, 1.0], [0.4444444477558136, 0.8888888955116272], [1.0, 0.3333333432674408], [0.4444444477558136, 0.4444444477558136], [0.2222222238779068, 0.2222222238779068], [0.3333333432674408, 0.8888888955116272], [0.6666666865348816, 0.0], [0.7777777910232544, 0.3333333432674408], [0.0, 0.8888888955116272]]
[epoch 77] Predicted Actions: [5, 5, 5, 5, 5, 5, 5, 5, 5, 5]
[epoch 77] Actual Actions:    [5, 5, 5, 5, 5, 5, 5, 5, 5, 5]
[epoch 77] Predicted Positions: [[0.47774651646614075, 0.5668017268180847], [0.47774651646614075, 0.5668017268180847], [0.47774651646614075, 0.5668017268180847], [0.47774651646614075, 0.5668017268180847], [0.47774651646614075, 0.5668017268180847], [0.47774651646614075, 0.5668017268180847], [0.47774651646614075, 0.5668017268180847], [0.47774651646614075, 0.5668017268180847], [0.47774651646614075, 0.5668017268180847], [0.47774651646614075, 0.5668017268180847]]
[epoch 77] Actual Positions:    [[0.2222222238779068, 0.6666666865348816], [0.6666666865348816, 1.0], [0.4444444477558136, 0.8888888955116272], [1.0, 0.3333333432674408], [0.4444444477558136, 0.4444444477558136], [0.2222222238779068, 0.2222222238779068], [0.3333333432674408, 0.8888888955116272], [0.6666666865348816, 0.0], [0.7777777910232544, 0.3333333432674408], [0.0, 0.8888888955116272]]
[epoch 77] Predicted Actions: [5, 5, 5, 5, 5, 5, 5, 5, 5, 5]
[epoch 77] Actual Actions:    [5, 5, 5, 5, 5, 5, 5, 5, 5, 5]
[epoch 77] Predicted Positions: [[0.47774651646614075, 0.5668015480041504], [0.47774651646614075, 0.5668015480041504], [0.47774651646614075, 0.5668015480041504], [0.47774651646614075, 0.5668015480041504], [0.47774651646614075, 0.5668015480041504], [0.47774651646614075, 0.5668015480041504], [0.47774651646614075, 0.5668015480041504], [0.47774651646614075, 0.5668015480041504], [0.47774651646614075, 0.5668015480041504], [0.47774651646614075, 0.5668015480041504]]
[epoch 77] Actual Positions:    [[0.2222222238779068, 0.6666666865348816], [0.6666666865348816, 1.0], [0.4444444477558136, 0.8888888955116272], [1.0, 0.3333333432674408], [0.4444444477558136, 0.4444444477558136], [0.2222222238779068, 0.2222222238779068], [0.3333333432674408, 0.8888888955116272], [0.6666666865348816, 0.0], [0.7777777910232544, 0.3333333432674408], [0.0, 0.8888888955116272]]
[epoch 77] Predicted Actions: [5, 5, 5, 5, 5, 5, 5, 5, 5, 5]
[epoch 77] Actual Actions:    [5, 5, 5, 5, 5, 5, 5, 5, 5, 5]
[epoch 77] Predicted Positions: [[0.4777465760707855, 0.5668014287948608], [0.4777465760707855, 0.5668014287948608], [0.4777465760707855, 0.5668014287948608], [0.4777465760707855, 0.5668014287948608], [0.4777465760707855, 0.5668014287948608], [0.4777465760707855, 0.5668014287948608], [0.4777465760707855, 0.5668014287948608], [0.4777465760707855, 0.5668014287948608], [0.4777465760707855, 0.5668014287948608], [0.4777465760707855, 0.5668014287948608]]
[epoch 77] Actual Positions:    [[0.2222222238779068, 0.6666666865348816], [0.6666666865348816, 1.0], [0.4444444477558136, 0.8888888955116272], [1.0, 0.3333333432674408], [0.4444444477558136, 0.4444444477558136], [0.2222222238779068, 0.2222222238779068], [0.3333333432674408, 0.8888888955116272], [0.6666666865348816, 0.0], [0.7777777910232544, 0.3333333432674408], [0.0, 0.8888888955116272]]
[epoch 77] Predicted Actions: [5, 5, 5, 5, 5, 5, 5, 5, 5, 5]
[epoch 77] Actual Actions:    [5, 5, 5, 5, 5, 5, 5, 5, 5, 5]
[epoch 77] Predicted Positions: [[0.4777466356754303, 0.5668011903762817], [0.4777466356754303, 0.5668011903762817], [0.4777466356754303, 0.5668011903762817], [0.4777466356754303, 0.5668011903762817], [0.4777466356754303, 0.5668011903762817], [0.4777466356754303, 0.5668011903762817], [0.4777466356754303, 0.5668011903762817], [0.4777466356754303, 0.5668011903762817], [0.4777466356754303, 0.5668011903762817], [0.4777466356754303, 0.5668011903762817]]
[epoch 77] Actual Positions:    [[0.2222222238779068, 0.6666666865348816], [0.6666666865348816, 1.0], [0.4444444477558136, 0.8888888955116272], [1.0, 0.3333333432674408], [0.4444444477558136, 0.4444444477558136], [0.2222222238779068, 0.2222222238779068], [0.3333333432674408, 0.8888888955116272], [0.6666666865348816, 0.0], [0.7777777910232544, 0.3333333432674408], [0.0, 0.8888888955116272]]
[epoch 78] Predicted Actions: [5, 5, 5, 5, 5, 5, 5, 5, 5, 5]
[epoch 78] Actual Actions:    [5, 5, 5, 5, 5, 5, 5, 5, 5, 5]
[epoch 78] Predicted Positions: [[0.4777466356754303, 0.5668010711669922], [0.4777466356754303, 0.5668010711669922], [0.4777466356754303, 0.5668010711669922], [0.4777466356754303, 0.5668010711669922], [0.4777466356754303, 0.5668010711669922], [0.4777466356754303, 0.5668010711669922], [0.4777466356754303, 0.5668010711669922], [0.4777466356754303, 0.5668010711669922], [0.4777466356754303, 0.5668010711669922], [0.4777466356754303, 0.5668010711669922]]
[epoch 78] Actual Positions:    [[0.2222222238779068, 0.6666666865348816], [0.6666666865348816, 1.0], [0.4444444477558136, 0.8888888955116272], [1.0, 0.3333333432674408], [0.4444444477558136, 0.4444444477558136], [0.2222222238779068, 0.2222222238779068], [0.3333333432674408, 0.8888888955116272], [0.6666666865348816, 0.0], [0.7777777910232544, 0.3333333432674408], [0.0, 0.8888888955116272]]
[epoch 78] Predicted Actions: [5, 5, 5, 5, 5, 5, 5, 5, 5, 5]
[epoch 78] Actual Actions:    [5, 5, 5, 5, 5, 5, 5, 5, 5, 5]
[epoch 78] Predicted Positions: [[0.47774675488471985, 0.5668008923530579], [0.47774675488471985, 0.5668008923530579], [0.47774675488471985, 0.5668008923530579], [0.47774675488471985, 0.5668008923530579], [0.47774675488471985, 0.5668008923530579], [0.47774675488471985, 0.5668008923530579], [0.47774675488471985, 0.5668008923530579], [0.47774675488471985, 0.5668008923530579], [0.47774675488471985, 0.5668008923530579], [0.47774675488471985, 0.5668008923530579]]
[epoch 78] Actual Positions:    [[0.2222222238779068, 0.6666666865348816], [0.6666666865348816, 1.0], [0.4444444477558136, 0.8888888955116272], [1.0, 0.3333333432674408], [0.4444444477558136, 0.4444444477558136], [0.2222222238779068, 0.2222222238779068], [0.3333333432674408, 0.8888888955116272], [0.6666666865348816, 0.0], [0.7777777910232544, 0.3333333432674408], [0.0, 0.8888888955116272]]
[epoch 78] Predicted Actions: [5, 5, 5, 5, 5, 5, 5, 5, 5, 5]
[epoch 78] Actual Actions:    [5, 5, 5, 5, 5, 5, 5, 5, 5, 5]
[epoch 78] Predicted Positions: [[0.47774675488471985, 0.5668007135391235], [0.47774675488471985, 0.5668007135391235], [0.47774675488471985, 0.5668007135391235], [0.47774675488471985, 0.5668007135391235], [0.47774675488471985, 0.5668007135391235], [0.47774675488471985, 0.5668007135391235], [0.47774675488471985, 0.5668007135391235], [0.47774675488471985, 0.5668007135391235], [0.47774675488471985, 0.5668007135391235], [0.47774675488471985, 0.5668007135391235]]
[epoch 78] Actual Positions:    [[0.2222222238779068, 0.6666666865348816], [0.6666666865348816, 1.0], [0.4444444477558136, 0.8888888955116272], [1.0, 0.3333333432674408], [0.4444444477558136, 0.4444444477558136], [0.2222222238779068, 0.2222222238779068], [0.3333333432674408, 0.8888888955116272], [0.6666666865348816, 0.0], [0.7777777910232544, 0.3333333432674408], [0.0, 0.8888888955116272]]
[epoch 78] Predicted Actions: [5, 5, 5, 5, 5, 5, 5, 5, 5, 5]
[epoch 78] Actual Actions:    [5, 5, 5, 5, 5, 5, 5, 5, 5, 5]
[epoch 78] Predicted Positions: [[0.47774675488471985, 0.5668005347251892], [0.47774675488471985, 0.5668005347251892], [0.47774675488471985, 0.5668005347251892], [0.47774675488471985, 0.5668005347251892], [0.47774675488471985, 0.5668005347251892], [0.47774675488471985, 0.5668005347251892], [0.47774675488471985, 0.5668005347251892], [0.47774675488471985, 0.5668005347251892], [0.47774675488471985, 0.5668005347251892], [0.47774675488471985, 0.5668005347251892]]
[epoch 78] Actual Positions:    [[0.2222222238779068, 0.6666666865348816], [0.6666666865348816, 1.0], [0.4444444477558136, 0.8888888955116272], [1.0, 0.3333333432674408], [0.4444444477558136, 0.4444444477558136], [0.2222222238779068, 0.2222222238779068], [0.3333333432674408, 0.8888888955116272], [0.6666666865348816, 0.0], [0.7777777910232544, 0.3333333432674408], [0.0, 0.8888888955116272]]
[epoch 78] Predicted Actions: [5, 5, 5, 5, 5, 5, 5, 5, 5, 5]
[epoch 78] Actual Actions:    [5, 5, 5, 5, 5, 5, 5, 5, 5, 5]
[epoch 78] Predicted Positions: [[0.4777468144893646, 0.5668003559112549], [0.4777468144893646, 0.5668003559112549], [0.4777468144893646, 0.5668003559112549], [0.4777468144893646, 0.5668003559112549], [0.4777468144893646, 0.5668003559112549], [0.4777468144893646, 0.5668003559112549], [0.4777468144893646, 0.5668003559112549], [0.4777468144893646, 0.5668003559112549], [0.4777468144893646, 0.5668003559112549], [0.4777468144893646, 0.5668003559112549]]
[epoch 78] Actual Positions:    [[0.2222222238779068, 0.6666666865348816], [0.6666666865348816, 1.0], [0.4444444477558136, 0.8888888955116272], [1.0, 0.3333333432674408], [0.4444444477558136, 0.4444444477558136], [0.2222222238779068, 0.2222222238779068], [0.3333333432674408, 0.8888888955116272], [0.6666666865348816, 0.0], [0.7777777910232544, 0.3333333432674408], [0.0, 0.8888888955116272]]
[epoch 79] Predicted Actions: [5, 5, 5, 5, 5, 5, 5, 5, 5, 5]
[epoch 79] Actual Actions:    [5, 5, 5, 5, 5, 5, 5, 5, 5, 5]
[epoch 79] Predicted Positions: [[0.477746844291687, 0.5668002367019653], [0.477746844291687, 0.5668002367019653], [0.477746844291687, 0.5668002367019653], [0.477746844291687, 0.5668002367019653], [0.477746844291687, 0.5668002367019653], [0.477746844291687, 0.5668002367019653], [0.477746844291687, 0.5668002367019653], [0.477746844291687, 0.5668002367019653], [0.477746844291687, 0.5668002367019653], [0.477746844291687, 0.5668002367019653]]
[epoch 79] Actual Positions:    [[0.2222222238779068, 0.6666666865348816], [0.6666666865348816, 1.0], [0.4444444477558136, 0.8888888955116272], [1.0, 0.3333333432674408], [0.4444444477558136, 0.4444444477558136], [0.2222222238779068, 0.2222222238779068], [0.3333333432674408, 0.8888888955116272], [0.6666666865348816, 0.0], [0.7777777910232544, 0.3333333432674408], [0.0, 0.8888888955116272]]
[epoch 79] Predicted Actions: [5, 5, 5, 5, 5, 5, 5, 5, 5, 5]
[epoch 79] Actual Actions:    [5, 5, 5, 5, 5, 5, 5, 5, 5, 5]
[epoch 79] Predicted Positions: [[0.477746844291687, 0.566800057888031], [0.477746844291687, 0.566800057888031], [0.477746844291687, 0.566800057888031], [0.477746844291687, 0.566800057888031], [0.477746844291687, 0.566800057888031], [0.477746844291687, 0.566800057888031], [0.477746844291687, 0.566800057888031], [0.477746844291687, 0.566800057888031], [0.477746844291687, 0.566800057888031], [0.477746844291687, 0.566800057888031]]
[epoch 79] Actual Positions:    [[0.2222222238779068, 0.6666666865348816], [0.6666666865348816, 1.0], [0.4444444477558136, 0.8888888955116272], [1.0, 0.3333333432674408], [0.4444444477558136, 0.4444444477558136], [0.2222222238779068, 0.2222222238779068], [0.3333333432674408, 0.8888888955116272], [0.6666666865348816, 0.0], [0.7777777910232544, 0.3333333432674408], [0.0, 0.8888888955116272]]
[epoch 79] Predicted Actions: [5, 5, 5, 5, 5, 5, 5, 5, 5, 5]
[epoch 79] Actual Actions:    [5, 5, 5, 5, 5, 5, 5, 5, 5, 5]
[epoch 79] Predicted Positions: [[0.4777469038963318, 0.5667999982833862], [0.4777469038963318, 0.5667999982833862], [0.4777469038963318, 0.5667999982833862], [0.4777469038963318, 0.5667999982833862], [0.4777469038963318, 0.5667999982833862], [0.4777469038963318, 0.5667999982833862], [0.4777469038963318, 0.5667999982833862], [0.4777469038963318, 0.5667999982833862], [0.4777469038963318, 0.5667999982833862], [0.4777469038963318, 0.5667999982833862]]
[epoch 79] Actual Positions:    [[0.2222222238779068, 0.6666666865348816], [0.6666666865348816, 1.0], [0.4444444477558136, 0.8888888955116272], [1.0, 0.3333333432674408], [0.4444444477558136, 0.4444444477558136], [0.2222222238779068, 0.2222222238779068], [0.3333333432674408, 0.8888888955116272], [0.6666666865348816, 0.0], [0.7777777910232544, 0.3333333432674408], [0.0, 0.8888888955116272]]
[epoch 79] Predicted Actions: [5, 5, 5, 5, 5, 5, 5, 5, 5, 5]
[epoch 79] Actual Actions:    [5, 5, 5, 5, 5, 5, 5, 5, 5, 5]
[epoch 79] Predicted Positions: [[0.47774696350097656, 0.5667998194694519], [0.47774696350097656, 0.5667998194694519], [0.47774696350097656, 0.5667998194694519], [0.47774696350097656, 0.5667998194694519], [0.47774696350097656, 0.5667998194694519], [0.47774696350097656, 0.5667998194694519], [0.47774696350097656, 0.5667998194694519], [0.47774696350097656, 0.5667998194694519], [0.47774696350097656, 0.5667998194694519], [0.47774696350097656, 0.5667998194694519]]
[epoch 79] Actual Positions:    [[0.2222222238779068, 0.6666666865348816], [0.6666666865348816, 1.0], [0.4444444477558136, 0.8888888955116272], [1.0, 0.3333333432674408], [0.4444444477558136, 0.4444444477558136], [0.2222222238779068, 0.2222222238779068], [0.3333333432674408, 0.8888888955116272], [0.6666666865348816, 0.0], [0.7777777910232544, 0.3333333432674408], [0.0, 0.8888888955116272]]
[epoch 79] Predicted Actions: [5, 5, 5, 5, 5, 5, 5, 5, 5, 5]
[epoch 79] Actual Actions:    [5, 5, 5, 5, 5, 5, 5, 5, 5, 5]
[epoch 79] Predicted Positions: [[0.47774696350097656, 0.5667997002601624], [0.47774696350097656, 0.5667997002601624], [0.47774696350097656, 0.5667997002601624], [0.47774696350097656, 0.5667997002601624], [0.47774696350097656, 0.5667997002601624], [0.47774696350097656, 0.5667997002601624], [0.47774696350097656, 0.5667997002601624], [0.47774696350097656, 0.5667997002601624], [0.47774696350097656, 0.5667997002601624], [0.47774696350097656, 0.5667997002601624]]
[epoch 79] Actual Positions:    [[0.2222222238779068, 0.6666666865348816], [0.6666666865348816, 1.0], [0.4444444477558136, 0.8888888955116272], [1.0, 0.3333333432674408], [0.4444444477558136, 0.4444444477558136], [0.2222222238779068, 0.2222222238779068], [0.3333333432674408, 0.8888888955116272], [0.6666666865348816, 0.0], [0.7777777910232544, 0.3333333432674408], [0.0, 0.8888888955116272]]
[epoch 80] Predicted Actions: [5, 5, 5, 5, 5, 5, 5, 5, 5, 5]
[epoch 80] Actual Actions:    [5, 5, 5, 5, 5, 5, 5, 5, 5, 5]
[epoch 80] Predicted Positions: [[0.47774702310562134, 0.566799521446228], [0.47774702310562134, 0.566799521446228], [0.47774702310562134, 0.566799521446228], [0.47774702310562134, 0.566799521446228], [0.47774702310562134, 0.566799521446228], [0.47774702310562134, 0.566799521446228], [0.47774702310562134, 0.566799521446228], [0.47774702310562134, 0.566799521446228], [0.47774702310562134, 0.566799521446228], [0.47774702310562134, 0.566799521446228]]
[epoch 80] Actual Positions:    [[0.2222222238779068, 0.6666666865348816], [0.6666666865348816, 1.0], [0.4444444477558136, 0.8888888955116272], [1.0, 0.3333333432674408], [0.4444444477558136, 0.4444444477558136], [0.2222222238779068, 0.2222222238779068], [0.3333333432674408, 0.8888888955116272], [0.6666666865348816, 0.0], [0.7777777910232544, 0.3333333432674408], [0.0, 0.8888888955116272]]
[epoch 80] Predicted Actions: [5, 5, 5, 5, 5, 5, 5, 5, 5, 5]
[epoch 80] Actual Actions:    [5, 5, 5, 5, 5, 5, 5, 5, 5, 5]
[epoch 80] Predicted Positions: [[0.4777470827102661, 0.5667993426322937], [0.4777470827102661, 0.5667993426322937], [0.4777470827102661, 0.5667993426322937], [0.4777470827102661, 0.5667993426322937], [0.4777470827102661, 0.5667993426322937], [0.4777470827102661, 0.5667993426322937], [0.4777470827102661, 0.5667993426322937], [0.4777470827102661, 0.5667993426322937], [0.4777470827102661, 0.5667993426322937], [0.4777470827102661, 0.5667993426322937]]
[epoch 80] Actual Positions:    [[0.2222222238779068, 0.6666666865348816], [0.6666666865348816, 1.0], [0.4444444477558136, 0.8888888955116272], [1.0, 0.3333333432674408], [0.4444444477558136, 0.4444444477558136], [0.2222222238779068, 0.2222222238779068], [0.3333333432674408, 0.8888888955116272], [0.6666666865348816, 0.0], [0.7777777910232544, 0.3333333432674408], [0.0, 0.8888888955116272]]
[epoch 80] Predicted Actions: [5, 5, 5, 5, 5, 5, 5, 5, 5, 5]
[epoch 80] Actual Actions:    [5, 5, 5, 5, 5, 5, 5, 5, 5, 5]
[epoch 80] Predicted Positions: [[0.4777470827102661, 0.5667992234230042], [0.4777470827102661, 0.5667992234230042], [0.4777470827102661, 0.5667992234230042], [0.4777470827102661, 0.5667992234230042], [0.4777470827102661, 0.5667992234230042], [0.4777470827102661, 0.5667992234230042], [0.4777470827102661, 0.5667992234230042], [0.4777470827102661, 0.5667992234230042], [0.4777470827102661, 0.5667992234230042], [0.4777470827102661, 0.5667992234230042]]
[epoch 80] Actual Positions:    [[0.2222222238779068, 0.6666666865348816], [0.6666666865348816, 1.0], [0.4444444477558136, 0.8888888955116272], [1.0, 0.3333333432674408], [0.4444444477558136, 0.4444444477558136], [0.2222222238779068, 0.2222222238779068], [0.3333333432674408, 0.8888888955116272], [0.6666666865348816, 0.0], [0.7777777910232544, 0.3333333432674408], [0.0, 0.8888888955116272]]
[epoch 80] Predicted Actions: [5, 5, 5, 5, 5, 5, 5, 5, 5, 5]
[epoch 80] Actual Actions:    [5, 5, 5, 5, 5, 5, 5, 5, 5, 5]
[epoch 80] Predicted Positions: [[0.4777471423149109, 0.5667991042137146], [0.4777471423149109, 0.5667991042137146], [0.4777471423149109, 0.5667991042137146], [0.4777471423149109, 0.5667991042137146], [0.4777471423149109, 0.5667991042137146], [0.4777471423149109, 0.5667991042137146], [0.4777471423149109, 0.5667991042137146], [0.4777471423149109, 0.5667991042137146], [0.4777471423149109, 0.5667991042137146], [0.4777471423149109, 0.5667991042137146]]
[epoch 80] Actual Positions:    [[0.2222222238779068, 0.6666666865348816], [0.6666666865348816, 1.0], [0.4444444477558136, 0.8888888955116272], [1.0, 0.3333333432674408], [0.4444444477558136, 0.4444444477558136], [0.2222222238779068, 0.2222222238779068], [0.3333333432674408, 0.8888888955116272], [0.6666666865348816, 0.0], [0.7777777910232544, 0.3333333432674408], [0.0, 0.8888888955116272]]
[epoch 80] Predicted Actions: [5, 5, 5, 5, 5, 5, 5, 5, 5, 5]
[epoch 80] Actual Actions:    [5, 5, 5, 5, 5, 5, 5, 5, 5, 5]
[epoch 80] Predicted Positions: [[0.4777471721172333, 0.566798985004425], [0.4777471721172333, 0.566798985004425], [0.4777471721172333, 0.566798985004425], [0.4777471721172333, 0.566798985004425], [0.4777471721172333, 0.566798985004425], [0.4777471721172333, 0.566798985004425], [0.4777471721172333, 0.566798985004425], [0.4777471721172333, 0.566798985004425], [0.4777471721172333, 0.566798985004425], [0.4777471721172333, 0.566798985004425]]
[epoch 80] Actual Positions:    [[0.2222222238779068, 0.6666666865348816], [0.6666666865348816, 1.0], [0.4444444477558136, 0.8888888955116272], [1.0, 0.3333333432674408], [0.4444444477558136, 0.4444444477558136], [0.2222222238779068, 0.2222222238779068], [0.3333333432674408, 0.8888888955116272], [0.6666666865348816, 0.0], [0.7777777910232544, 0.3333333432674408], [0.0, 0.8888888955116272]]
[epoch 81] Predicted Actions: [5, 5, 5, 5, 5, 5, 5, 5, 5, 5]
[epoch 81] Actual Actions:    [5, 5, 5, 5, 5, 5, 5, 5, 5, 5]
[epoch 81] Predicted Positions: [[0.4777471721172333, 0.5667988061904907], [0.4777471721172333, 0.5667988061904907], [0.4777471721172333, 0.5667988061904907], [0.4777471721172333, 0.5667988061904907], [0.4777471721172333, 0.5667988061904907], [0.4777471721172333, 0.5667988061904907], [0.4777471721172333, 0.5667988061904907], [0.4777471721172333, 0.5667988061904907], [0.4777471721172333, 0.5667988061904907], [0.4777471721172333, 0.5667988061904907]]
[epoch 81] Actual Positions:    [[0.2222222238779068, 0.6666666865348816], [0.6666666865348816, 1.0], [0.4444444477558136, 0.8888888955116272], [1.0, 0.3333333432674408], [0.4444444477558136, 0.4444444477558136], [0.2222222238779068, 0.2222222238779068], [0.3333333432674408, 0.8888888955116272], [0.6666666865348816, 0.0], [0.7777777910232544, 0.3333333432674408], [0.0, 0.8888888955116272]]
[epoch 81] Predicted Actions: [5, 5, 5, 5, 5, 5, 5, 5, 5, 5]
[epoch 81] Actual Actions:    [5, 5, 5, 5, 5, 5, 5, 5, 5, 5]
[epoch 81] Predicted Positions: [[0.4777471721172333, 0.566798746585846], [0.4777471721172333, 0.566798746585846], [0.4777471721172333, 0.566798746585846], [0.4777471721172333, 0.566798746585846], [0.4777471721172333, 0.566798746585846], [0.4777471721172333, 0.566798746585846], [0.4777471721172333, 0.566798746585846], [0.4777471721172333, 0.566798746585846], [0.4777471721172333, 0.566798746585846], [0.4777471721172333, 0.566798746585846]]
[epoch 81] Actual Positions:    [[0.2222222238779068, 0.6666666865348816], [0.6666666865348816, 1.0], [0.4444444477558136, 0.8888888955116272], [1.0, 0.3333333432674408], [0.4444444477558136, 0.4444444477558136], [0.2222222238779068, 0.2222222238779068], [0.3333333432674408, 0.8888888955116272], [0.6666666865348816, 0.0], [0.7777777910232544, 0.3333333432674408], [0.0, 0.8888888955116272]]
[epoch 81] Predicted Actions: [5, 5, 5, 5, 5, 5, 5, 5, 5, 5]
[epoch 81] Actual Actions:    [5, 5, 5, 5, 5, 5, 5, 5, 5, 5]
[epoch 81] Predicted Positions: [[0.47774723172187805, 0.5667986273765564], [0.47774723172187805, 0.5667986273765564], [0.47774723172187805, 0.5667986273765564], [0.47774723172187805, 0.5667986273765564], [0.47774723172187805, 0.5667986273765564], [0.47774723172187805, 0.5667986273765564], [0.47774723172187805, 0.5667986273765564], [0.47774723172187805, 0.5667986273765564], [0.47774723172187805, 0.5667986273765564], [0.47774723172187805, 0.5667986273765564]]
[epoch 81] Actual Positions:    [[0.2222222238779068, 0.6666666865348816], [0.6666666865348816, 1.0], [0.4444444477558136, 0.8888888955116272], [1.0, 0.3333333432674408], [0.4444444477558136, 0.4444444477558136], [0.2222222238779068, 0.2222222238779068], [0.3333333432674408, 0.8888888955116272], [0.6666666865348816, 0.0], [0.7777777910232544, 0.3333333432674408], [0.0, 0.8888888955116272]]
[epoch 81] Predicted Actions: [5, 5, 5, 5, 5, 5, 5, 5, 5, 5]
[epoch 81] Actual Actions:    [5, 5, 5, 5, 5, 5, 5, 5, 5, 5]
[epoch 81] Predicted Positions: [[0.47774723172187805, 0.5667984485626221], [0.47774723172187805, 0.5667984485626221], [0.47774723172187805, 0.5667984485626221], [0.47774723172187805, 0.5667984485626221], [0.47774723172187805, 0.5667984485626221], [0.47774723172187805, 0.5667984485626221], [0.47774723172187805, 0.5667984485626221], [0.47774723172187805, 0.5667984485626221], [0.47774723172187805, 0.5667984485626221], [0.47774723172187805, 0.5667984485626221]]
[epoch 81] Actual Positions:    [[0.2222222238779068, 0.6666666865348816], [0.6666666865348816, 1.0], [0.4444444477558136, 0.8888888955116272], [1.0, 0.3333333432674408], [0.4444444477558136, 0.4444444477558136], [0.2222222238779068, 0.2222222238779068], [0.3333333432674408, 0.8888888955116272], [0.6666666865348816, 0.0], [0.7777777910232544, 0.3333333432674408], [0.0, 0.8888888955116272]]
[epoch 81] Predicted Actions: [5, 5, 5, 5, 5, 5, 5, 5, 5, 5]
[epoch 81] Actual Actions:    [5, 5, 5, 5, 5, 5, 5, 5, 5, 5]
[epoch 81] Predicted Positions: [[0.4777472913265228, 0.5667983889579773], [0.4777472913265228, 0.5667983889579773], [0.4777472913265228, 0.5667983889579773], [0.4777472913265228, 0.5667983889579773], [0.4777472913265228, 0.5667983889579773], [0.4777472913265228, 0.5667983889579773], [0.4777472913265228, 0.5667983889579773], [0.4777472913265228, 0.5667983889579773], [0.4777472913265228, 0.5667983889579773], [0.4777472913265228, 0.5667983889579773]]
[epoch 81] Actual Positions:    [[0.2222222238779068, 0.6666666865348816], [0.6666666865348816, 1.0], [0.4444444477558136, 0.8888888955116272], [1.0, 0.3333333432674408], [0.4444444477558136, 0.4444444477558136], [0.2222222238779068, 0.2222222238779068], [0.3333333432674408, 0.8888888955116272], [0.6666666865348816, 0.0], [0.7777777910232544, 0.3333333432674408], [0.0, 0.8888888955116272]]
[epoch 82] Predicted Actions: [5, 5, 5, 5, 5, 5, 5, 5, 5, 5]
[epoch 82] Actual Actions:    [5, 5, 5, 5, 5, 5, 5, 5, 5, 5]
[epoch 82] Predicted Positions: [[0.4777472913265228, 0.566798210144043], [0.4777472913265228, 0.566798210144043], [0.4777472913265228, 0.566798210144043], [0.4777472913265228, 0.566798210144043], [0.4777472913265228, 0.566798210144043], [0.4777472913265228, 0.566798210144043], [0.4777472913265228, 0.566798210144043], [0.4777472913265228, 0.566798210144043], [0.4777472913265228, 0.566798210144043], [0.4777472913265228, 0.566798210144043]]
[epoch 82] Actual Positions:    [[0.2222222238779068, 0.6666666865348816], [0.6666666865348816, 1.0], [0.4444444477558136, 0.8888888955116272], [1.0, 0.3333333432674408], [0.4444444477558136, 0.4444444477558136], [0.2222222238779068, 0.2222222238779068], [0.3333333432674408, 0.8888888955116272], [0.6666666865348816, 0.0], [0.7777777910232544, 0.3333333432674408], [0.0, 0.8888888955116272]]
[epoch 82] Predicted Actions: [5, 5, 5, 5, 5, 5, 5, 5, 5, 5]
[epoch 82] Actual Actions:    [5, 5, 5, 5, 5, 5, 5, 5, 5, 5]
[epoch 82] Predicted Positions: [[0.4777472913265228, 0.5667980909347534], [0.4777472913265228, 0.5667980909347534], [0.4777472913265228, 0.5667980909347534], [0.4777472913265228, 0.5667980909347534], [0.4777472913265228, 0.5667980909347534], [0.4777472913265228, 0.5667980909347534], [0.4777472913265228, 0.5667980909347534], [0.4777472913265228, 0.5667980909347534], [0.4777472913265228, 0.5667980909347534], [0.4777472913265228, 0.5667980909347534]]
[epoch 82] Actual Positions:    [[0.2222222238779068, 0.6666666865348816], [0.6666666865348816, 1.0], [0.4444444477558136, 0.8888888955116272], [1.0, 0.3333333432674408], [0.4444444477558136, 0.4444444477558136], [0.2222222238779068, 0.2222222238779068], [0.3333333432674408, 0.8888888955116272], [0.6666666865348816, 0.0], [0.7777777910232544, 0.3333333432674408], [0.0, 0.8888888955116272]]
[epoch 82] Predicted Actions: [5, 5, 5, 5, 5, 5, 5, 5, 5, 5]
[epoch 82] Actual Actions:    [5, 5, 5, 5, 5, 5, 5, 5, 5, 5]
[epoch 82] Predicted Positions: [[0.4777473509311676, 0.5667979717254639], [0.4777473509311676, 0.5667979717254639], [0.4777473509311676, 0.5667979717254639], [0.4777473509311676, 0.5667979717254639], [0.4777473509311676, 0.5667979717254639], [0.4777473509311676, 0.5667979717254639], [0.4777473509311676, 0.5667979717254639], [0.4777473509311676, 0.5667979717254639], [0.4777473509311676, 0.5667979717254639], [0.4777473509311676, 0.5667979717254639]]
[epoch 82] Actual Positions:    [[0.2222222238779068, 0.6666666865348816], [0.6666666865348816, 1.0], [0.4444444477558136, 0.8888888955116272], [1.0, 0.3333333432674408], [0.4444444477558136, 0.4444444477558136], [0.2222222238779068, 0.2222222238779068], [0.3333333432674408, 0.8888888955116272], [0.6666666865348816, 0.0], [0.7777777910232544, 0.3333333432674408], [0.0, 0.8888888955116272]]
[epoch 82] Predicted Actions: [5, 5, 5, 5, 5, 5, 5, 5, 5, 5]
[epoch 82] Actual Actions:    [5, 5, 5, 5, 5, 5, 5, 5, 5, 5]
[epoch 82] Predicted Positions: [[0.4777474105358124, 0.5667979121208191], [0.4777474105358124, 0.5667979121208191], [0.4777474105358124, 0.5667979121208191], [0.4777474105358124, 0.5667979121208191], [0.4777474105358124, 0.5667979121208191], [0.4777474105358124, 0.5667979121208191], [0.4777474105358124, 0.5667979121208191], [0.4777474105358124, 0.5667979121208191], [0.4777474105358124, 0.5667979121208191], [0.4777474105358124, 0.5667979121208191]]
[epoch 82] Actual Positions:    [[0.2222222238779068, 0.6666666865348816], [0.6666666865348816, 1.0], [0.4444444477558136, 0.8888888955116272], [1.0, 0.3333333432674408], [0.4444444477558136, 0.4444444477558136], [0.2222222238779068, 0.2222222238779068], [0.3333333432674408, 0.8888888955116272], [0.6666666865348816, 0.0], [0.7777777910232544, 0.3333333432674408], [0.0, 0.8888888955116272]]
[epoch 82] Predicted Actions: [5, 5, 5, 5, 5, 5, 5, 5, 5, 5]
[epoch 82] Actual Actions:    [5, 5, 5, 5, 5, 5, 5, 5, 5, 5]
[epoch 82] Predicted Positions: [[0.4777474105358124, 0.5667977333068848], [0.4777474105358124, 0.5667977333068848], [0.4777474105358124, 0.5667977333068848], [0.4777474105358124, 0.5667977333068848], [0.4777474105358124, 0.5667977333068848], [0.4777474105358124, 0.5667977333068848], [0.4777474105358124, 0.5667977333068848], [0.4777474105358124, 0.5667977333068848], [0.4777474105358124, 0.5667977333068848], [0.4777474105358124, 0.5667977333068848]]
[epoch 82] Actual Positions:    [[0.2222222238779068, 0.6666666865348816], [0.6666666865348816, 1.0], [0.4444444477558136, 0.8888888955116272], [1.0, 0.3333333432674408], [0.4444444477558136, 0.4444444477558136], [0.2222222238779068, 0.2222222238779068], [0.3333333432674408, 0.8888888955116272], [0.6666666865348816, 0.0], [0.7777777910232544, 0.3333333432674408], [0.0, 0.8888888955116272]]
[epoch 83] Predicted Actions: [5, 5, 5, 5, 5, 5, 5, 5, 5, 5]
[epoch 83] Actual Actions:    [5, 5, 5, 5, 5, 5, 5, 5, 5, 5]
[epoch 83] Predicted Positions: [[0.4777474105358124, 0.56679767370224], [0.4777474105358124, 0.56679767370224], [0.4777474105358124, 0.56679767370224], [0.4777474105358124, 0.56679767370224], [0.4777474105358124, 0.56679767370224], [0.4777474105358124, 0.56679767370224], [0.4777474105358124, 0.56679767370224], [0.4777474105358124, 0.56679767370224], [0.4777474105358124, 0.56679767370224], [0.4777474105358124, 0.56679767370224]]
[epoch 83] Actual Positions:    [[0.2222222238779068, 0.6666666865348816], [0.6666666865348816, 1.0], [0.4444444477558136, 0.8888888955116272], [1.0, 0.3333333432674408], [0.4444444477558136, 0.4444444477558136], [0.2222222238779068, 0.2222222238779068], [0.3333333432674408, 0.8888888955116272], [0.6666666865348816, 0.0], [0.7777777910232544, 0.3333333432674408], [0.0, 0.8888888955116272]]
[epoch 83] Predicted Actions: [5, 5, 5, 5, 5, 5, 5, 5, 5, 5]
[epoch 83] Actual Actions:    [5, 5, 5, 5, 5, 5, 5, 5, 5, 5]
[epoch 83] Predicted Positions: [[0.47774747014045715, 0.5667976140975952], [0.47774747014045715, 0.5667976140975952], [0.47774747014045715, 0.5667976140975952], [0.47774747014045715, 0.5667976140975952], [0.47774747014045715, 0.5667976140975952], [0.47774747014045715, 0.5667976140975952], [0.47774747014045715, 0.5667976140975952], [0.47774747014045715, 0.5667976140975952], [0.47774747014045715, 0.5667976140975952], [0.47774747014045715, 0.5667976140975952]]
[epoch 83] Actual Positions:    [[0.2222222238779068, 0.6666666865348816], [0.6666666865348816, 1.0], [0.4444444477558136, 0.8888888955116272], [1.0, 0.3333333432674408], [0.4444444477558136, 0.4444444477558136], [0.2222222238779068, 0.2222222238779068], [0.3333333432674408, 0.8888888955116272], [0.6666666865348816, 0.0], [0.7777777910232544, 0.3333333432674408], [0.0, 0.8888888955116272]]
[epoch 83] Predicted Actions: [5, 5, 5, 5, 5, 5, 5, 5, 5, 5]
[epoch 83] Actual Actions:    [5, 5, 5, 5, 5, 5, 5, 5, 5, 5]
[epoch 83] Predicted Positions: [[0.47774749994277954, 0.5667974352836609], [0.47774749994277954, 0.5667974352836609], [0.47774749994277954, 0.5667974352836609], [0.47774749994277954, 0.5667974352836609], [0.47774749994277954, 0.5667974352836609], [0.47774749994277954, 0.5667974352836609], [0.47774749994277954, 0.5667974352836609], [0.47774749994277954, 0.5667974352836609], [0.47774749994277954, 0.5667974352836609], [0.47774749994277954, 0.5667974352836609]]
[epoch 83] Actual Positions:    [[0.2222222238779068, 0.6666666865348816], [0.6666666865348816, 1.0], [0.4444444477558136, 0.8888888955116272], [1.0, 0.3333333432674408], [0.4444444477558136, 0.4444444477558136], [0.2222222238779068, 0.2222222238779068], [0.3333333432674408, 0.8888888955116272], [0.6666666865348816, 0.0], [0.7777777910232544, 0.3333333432674408], [0.0, 0.8888888955116272]]
[epoch 83] Predicted Actions: [5, 5, 5, 5, 5, 5, 5, 5, 5, 5]
[epoch 83] Actual Actions:    [5, 5, 5, 5, 5, 5, 5, 5, 5, 5]
[epoch 83] Predicted Positions: [[0.47774749994277954, 0.5667973756790161], [0.47774749994277954, 0.5667973756790161], [0.47774749994277954, 0.5667973756790161], [0.47774749994277954, 0.5667973756790161], [0.47774749994277954, 0.5667973756790161], [0.47774749994277954, 0.5667973756790161], [0.47774749994277954, 0.5667973756790161], [0.47774749994277954, 0.5667973756790161], [0.47774749994277954, 0.5667973756790161], [0.47774749994277954, 0.5667973756790161]]
[epoch 83] Actual Positions:    [[0.2222222238779068, 0.6666666865348816], [0.6666666865348816, 1.0], [0.4444444477558136, 0.8888888955116272], [1.0, 0.3333333432674408], [0.4444444477558136, 0.4444444477558136], [0.2222222238779068, 0.2222222238779068], [0.3333333432674408, 0.8888888955116272], [0.6666666865348816, 0.0], [0.7777777910232544, 0.3333333432674408], [0.0, 0.8888888955116272]]
[epoch 83] Predicted Actions: [5, 5, 5, 5, 5, 5, 5, 5, 5, 5]
[epoch 83] Actual Actions:    [5, 5, 5, 5, 5, 5, 5, 5, 5, 5]
[epoch 83] Predicted Positions: [[0.47774749994277954, 0.5667973160743713], [0.47774749994277954, 0.5667973160743713], [0.47774749994277954, 0.5667973160743713], [0.47774749994277954, 0.5667973160743713], [0.47774749994277954, 0.5667973160743713], [0.47774749994277954, 0.5667973160743713], [0.47774749994277954, 0.5667973160743713], [0.47774749994277954, 0.5667973160743713], [0.47774749994277954, 0.5667973160743713], [0.47774749994277954, 0.5667973160743713]]
[epoch 83] Actual Positions:    [[0.2222222238779068, 0.6666666865348816], [0.6666666865348816, 1.0], [0.4444444477558136, 0.8888888955116272], [1.0, 0.3333333432674408], [0.4444444477558136, 0.4444444477558136], [0.2222222238779068, 0.2222222238779068], [0.3333333432674408, 0.8888888955116272], [0.6666666865348816, 0.0], [0.7777777910232544, 0.3333333432674408], [0.0, 0.8888888955116272]]
[epoch 84] Predicted Actions: [5, 5, 5, 5, 5, 5, 5, 5, 5, 5]
[epoch 84] Actual Actions:    [5, 5, 5, 5, 5, 5, 5, 5, 5, 5]
[epoch 84] Predicted Positions: [[0.4777475595474243, 0.566797137260437], [0.4777475595474243, 0.566797137260437], [0.4777475595474243, 0.566797137260437], [0.4777475595474243, 0.566797137260437], [0.4777475595474243, 0.566797137260437], [0.4777475595474243, 0.566797137260437], [0.4777475595474243, 0.566797137260437], [0.4777475595474243, 0.566797137260437], [0.4777475595474243, 0.566797137260437], [0.4777475595474243, 0.566797137260437]]
[epoch 84] Actual Positions:    [[0.2222222238779068, 0.6666666865348816], [0.6666666865348816, 1.0], [0.4444444477558136, 0.8888888955116272], [1.0, 0.3333333432674408], [0.4444444477558136, 0.4444444477558136], [0.2222222238779068, 0.2222222238779068], [0.3333333432674408, 0.8888888955116272], [0.6666666865348816, 0.0], [0.7777777910232544, 0.3333333432674408], [0.0, 0.8888888955116272]]
[epoch 84] Predicted Actions: [5, 5, 5, 5, 5, 5, 5, 5, 5, 5]
[epoch 84] Actual Actions:    [5, 5, 5, 5, 5, 5, 5, 5, 5, 5]
[epoch 84] Predicted Positions: [[0.4777476191520691, 0.5667970776557922], [0.4777476191520691, 0.5667970776557922], [0.4777476191520691, 0.5667970776557922], [0.4777476191520691, 0.5667970776557922], [0.4777476191520691, 0.5667970776557922], [0.4777476191520691, 0.5667970776557922], [0.4777476191520691, 0.5667970776557922], [0.4777476191520691, 0.5667970776557922], [0.4777476191520691, 0.5667970776557922], [0.4777476191520691, 0.5667970776557922]]
[epoch 84] Actual Positions:    [[0.2222222238779068, 0.6666666865348816], [0.6666666865348816, 1.0], [0.4444444477558136, 0.8888888955116272], [1.0, 0.3333333432674408], [0.4444444477558136, 0.4444444477558136], [0.2222222238779068, 0.2222222238779068], [0.3333333432674408, 0.8888888955116272], [0.6666666865348816, 0.0], [0.7777777910232544, 0.3333333432674408], [0.0, 0.8888888955116272]]
[epoch 84] Predicted Actions: [5, 5, 5, 5, 5, 5, 5, 5, 5, 5]
[epoch 84] Actual Actions:    [5, 5, 5, 5, 5, 5, 5, 5, 5, 5]
[epoch 84] Predicted Positions: [[0.4777476191520691, 0.5667970180511475], [0.4777476191520691, 0.5667970180511475], [0.4777476191520691, 0.5667970180511475], [0.4777476191520691, 0.5667970180511475], [0.4777476191520691, 0.5667970180511475], [0.4777476191520691, 0.5667970180511475], [0.4777476191520691, 0.5667970180511475], [0.4777476191520691, 0.5667970180511475], [0.4777476191520691, 0.5667970180511475], [0.4777476191520691, 0.5667970180511475]]
[epoch 84] Actual Positions:    [[0.2222222238779068, 0.6666666865348816], [0.6666666865348816, 1.0], [0.4444444477558136, 0.8888888955116272], [1.0, 0.3333333432674408], [0.4444444477558136, 0.4444444477558136], [0.2222222238779068, 0.2222222238779068], [0.3333333432674408, 0.8888888955116272], [0.6666666865348816, 0.0], [0.7777777910232544, 0.3333333432674408], [0.0, 0.8888888955116272]]
[epoch 84] Predicted Actions: [5, 5, 5, 5, 5, 5, 5, 5, 5, 5]
[epoch 84] Actual Actions:    [5, 5, 5, 5, 5, 5, 5, 5, 5, 5]
[epoch 84] Predicted Positions: [[0.4777476191520691, 0.5667968988418579], [0.4777476191520691, 0.5667968988418579], [0.4777476191520691, 0.5667968988418579], [0.4777476191520691, 0.5667968988418579], [0.4777476191520691, 0.5667968988418579], [0.4777476191520691, 0.5667968988418579], [0.4777476191520691, 0.5667968988418579], [0.4777476191520691, 0.5667968988418579], [0.4777476191520691, 0.5667968988418579], [0.4777476191520691, 0.5667968988418579]]
[epoch 84] Actual Positions:    [[0.2222222238779068, 0.6666666865348816], [0.6666666865348816, 1.0], [0.4444444477558136, 0.8888888955116272], [1.0, 0.3333333432674408], [0.4444444477558136, 0.4444444477558136], [0.2222222238779068, 0.2222222238779068], [0.3333333432674408, 0.8888888955116272], [0.6666666865348816, 0.0], [0.7777777910232544, 0.3333333432674408], [0.0, 0.8888888955116272]]
[epoch 84] Predicted Actions: [5, 5, 5, 5, 5, 5, 5, 5, 5, 5]
[epoch 84] Actual Actions:    [5, 5, 5, 5, 5, 5, 5, 5, 5, 5]
[epoch 84] Predicted Positions: [[0.4777476191520691, 0.5667968392372131], [0.4777476191520691, 0.5667968392372131], [0.4777476191520691, 0.5667968392372131], [0.4777476191520691, 0.5667968392372131], [0.4777476191520691, 0.5667968392372131], [0.4777476191520691, 0.5667968392372131], [0.4777476191520691, 0.5667968392372131], [0.4777476191520691, 0.5667968392372131], [0.4777476191520691, 0.5667968392372131], [0.4777476191520691, 0.5667968392372131]]
[epoch 84] Actual Positions:    [[0.2222222238779068, 0.6666666865348816], [0.6666666865348816, 1.0], [0.4444444477558136, 0.8888888955116272], [1.0, 0.3333333432674408], [0.4444444477558136, 0.4444444477558136], [0.2222222238779068, 0.2222222238779068], [0.3333333432674408, 0.8888888955116272], [0.6666666865348816, 0.0], [0.7777777910232544, 0.3333333432674408], [0.0, 0.8888888955116272]]
[epoch 85] Predicted Actions: [5, 5, 5, 5, 5, 5, 5, 5, 5, 5]
[epoch 85] Actual Actions:    [5, 5, 5, 5, 5, 5, 5, 5, 5, 5]
[epoch 85] Predicted Positions: [[0.47774767875671387, 0.5667967200279236], [0.47774767875671387, 0.5667967200279236], [0.47774767875671387, 0.5667967200279236], [0.47774767875671387, 0.5667967200279236], [0.47774767875671387, 0.5667967200279236], [0.47774767875671387, 0.5667967200279236], [0.47774767875671387, 0.5667967200279236], [0.47774767875671387, 0.5667967200279236], [0.47774767875671387, 0.5667967200279236], [0.47774767875671387, 0.5667967200279236]]
[epoch 85] Actual Positions:    [[0.2222222238779068, 0.6666666865348816], [0.6666666865348816, 1.0], [0.4444444477558136, 0.8888888955116272], [1.0, 0.3333333432674408], [0.4444444477558136, 0.4444444477558136], [0.2222222238779068, 0.2222222238779068], [0.3333333432674408, 0.8888888955116272], [0.6666666865348816, 0.0], [0.7777777910232544, 0.3333333432674408], [0.0, 0.8888888955116272]]
[epoch 85] Predicted Actions: [5, 5, 5, 5, 5, 5, 5, 5, 5, 5]
[epoch 85] Actual Actions:    [5, 5, 5, 5, 5, 5, 5, 5, 5, 5]
[epoch 85] Predicted Positions: [[0.47774767875671387, 0.5667966604232788], [0.47774767875671387, 0.5667966604232788], [0.47774767875671387, 0.5667966604232788], [0.47774767875671387, 0.5667966604232788], [0.47774767875671387, 0.5667966604232788], [0.47774767875671387, 0.5667966604232788], [0.47774767875671387, 0.5667966604232788], [0.47774767875671387, 0.5667966604232788], [0.47774767875671387, 0.5667966604232788], [0.47774767875671387, 0.5667966604232788]]
[epoch 85] Actual Positions:    [[0.2222222238779068, 0.6666666865348816], [0.6666666865348816, 1.0], [0.4444444477558136, 0.8888888955116272], [1.0, 0.3333333432674408], [0.4444444477558136, 0.4444444477558136], [0.2222222238779068, 0.2222222238779068], [0.3333333432674408, 0.8888888955116272], [0.6666666865348816, 0.0], [0.7777777910232544, 0.3333333432674408], [0.0, 0.8888888955116272]]
[epoch 85] Predicted Actions: [5, 5, 5, 5, 5, 5, 5, 5, 5, 5]
[epoch 85] Actual Actions:    [5, 5, 5, 5, 5, 5, 5, 5, 5, 5]
[epoch 85] Predicted Positions: [[0.47774767875671387, 0.566796600818634], [0.47774767875671387, 0.566796600818634], [0.47774767875671387, 0.566796600818634], [0.47774767875671387, 0.566796600818634], [0.47774767875671387, 0.566796600818634], [0.47774767875671387, 0.566796600818634], [0.47774767875671387, 0.566796600818634], [0.47774767875671387, 0.566796600818634], [0.47774767875671387, 0.566796600818634], [0.47774767875671387, 0.566796600818634]]
[epoch 85] Actual Positions:    [[0.2222222238779068, 0.6666666865348816], [0.6666666865348816, 1.0], [0.4444444477558136, 0.8888888955116272], [1.0, 0.3333333432674408], [0.4444444477558136, 0.4444444477558136], [0.2222222238779068, 0.2222222238779068], [0.3333333432674408, 0.8888888955116272], [0.6666666865348816, 0.0], [0.7777777910232544, 0.3333333432674408], [0.0, 0.8888888955116272]]
[epoch 85] Predicted Actions: [5, 5, 5, 5, 5, 5, 5, 5, 5, 5]
[epoch 85] Actual Actions:    [5, 5, 5, 5, 5, 5, 5, 5, 5, 5]
[epoch 85] Predicted Positions: [[0.47774773836135864, 0.5667965412139893], [0.47774773836135864, 0.5667965412139893], [0.47774773836135864, 0.5667965412139893], [0.47774773836135864, 0.5667965412139893], [0.47774773836135864, 0.5667965412139893], [0.47774773836135864, 0.5667965412139893], [0.47774773836135864, 0.5667965412139893], [0.47774773836135864, 0.5667965412139893], [0.47774773836135864, 0.5667965412139893], [0.47774773836135864, 0.5667965412139893]]
[epoch 85] Actual Positions:    [[0.2222222238779068, 0.6666666865348816], [0.6666666865348816, 1.0], [0.4444444477558136, 0.8888888955116272], [1.0, 0.3333333432674408], [0.4444444477558136, 0.4444444477558136], [0.2222222238779068, 0.2222222238779068], [0.3333333432674408, 0.8888888955116272], [0.6666666865348816, 0.0], [0.7777777910232544, 0.3333333432674408], [0.0, 0.8888888955116272]]
[epoch 85] Predicted Actions: [5, 5, 5, 5, 5, 5, 5, 5, 5, 5]
[epoch 85] Actual Actions:    [5, 5, 5, 5, 5, 5, 5, 5, 5, 5]
[epoch 85] Predicted Positions: [[0.47774773836135864, 0.5667964816093445], [0.47774773836135864, 0.5667964816093445], [0.47774773836135864, 0.5667964816093445], [0.47774773836135864, 0.5667964816093445], [0.47774773836135864, 0.5667964816093445], [0.47774773836135864, 0.5667964816093445], [0.47774773836135864, 0.5667964816093445], [0.47774773836135864, 0.5667964816093445], [0.47774773836135864, 0.5667964816093445], [0.47774773836135864, 0.5667964816093445]]
[epoch 85] Actual Positions:    [[0.2222222238779068, 0.6666666865348816], [0.6666666865348816, 1.0], [0.4444444477558136, 0.8888888955116272], [1.0, 0.3333333432674408], [0.4444444477558136, 0.4444444477558136], [0.2222222238779068, 0.2222222238779068], [0.3333333432674408, 0.8888888955116272], [0.6666666865348816, 0.0], [0.7777777910232544, 0.3333333432674408], [0.0, 0.8888888955116272]]
[epoch 86] Predicted Actions: [5, 5, 5, 5, 5, 5, 5, 5, 5, 5]
[epoch 86] Actual Actions:    [5, 5, 5, 5, 5, 5, 5, 5, 5, 5]
[epoch 86] Predicted Positions: [[0.47774773836135864, 0.5667963624000549], [0.47774773836135864, 0.5667963624000549], [0.47774773836135864, 0.5667963624000549], [0.47774773836135864, 0.5667963624000549], [0.47774773836135864, 0.5667963624000549], [0.47774773836135864, 0.5667963624000549], [0.47774773836135864, 0.5667963624000549], [0.47774773836135864, 0.5667963624000549], [0.47774773836135864, 0.5667963624000549], [0.47774773836135864, 0.5667963624000549]]
[epoch 86] Actual Positions:    [[0.2222222238779068, 0.6666666865348816], [0.6666666865348816, 1.0], [0.4444444477558136, 0.8888888955116272], [1.0, 0.3333333432674408], [0.4444444477558136, 0.4444444477558136], [0.2222222238779068, 0.2222222238779068], [0.3333333432674408, 0.8888888955116272], [0.6666666865348816, 0.0], [0.7777777910232544, 0.3333333432674408], [0.0, 0.8888888955116272]]
[epoch 86] Predicted Actions: [5, 5, 5, 5, 5, 5, 5, 5, 5, 5]
[epoch 86] Actual Actions:    [5, 5, 5, 5, 5, 5, 5, 5, 5, 5]
[epoch 86] Predicted Positions: [[0.47774773836135864, 0.5667963027954102], [0.47774773836135864, 0.5667963027954102], [0.47774773836135864, 0.5667963027954102], [0.47774773836135864, 0.5667963027954102], [0.47774773836135864, 0.5667963027954102], [0.47774773836135864, 0.5667963027954102], [0.47774773836135864, 0.5667963027954102], [0.47774773836135864, 0.5667963027954102], [0.47774773836135864, 0.5667963027954102], [0.47774773836135864, 0.5667963027954102]]
[epoch 86] Actual Positions:    [[0.2222222238779068, 0.6666666865348816], [0.6666666865348816, 1.0], [0.4444444477558136, 0.8888888955116272], [1.0, 0.3333333432674408], [0.4444444477558136, 0.4444444477558136], [0.2222222238779068, 0.2222222238779068], [0.3333333432674408, 0.8888888955116272], [0.6666666865348816, 0.0], [0.7777777910232544, 0.3333333432674408], [0.0, 0.8888888955116272]]
[epoch 86] Predicted Actions: [5, 5, 5, 5, 5, 5, 5, 5, 5, 5]
[epoch 86] Actual Actions:    [5, 5, 5, 5, 5, 5, 5, 5, 5, 5]
[epoch 86] Predicted Positions: [[0.47774773836135864, 0.5667962431907654], [0.47774773836135864, 0.5667962431907654], [0.47774773836135864, 0.5667962431907654], [0.47774773836135864, 0.5667962431907654], [0.47774773836135864, 0.5667962431907654], [0.47774773836135864, 0.5667962431907654], [0.47774773836135864, 0.5667962431907654], [0.47774773836135864, 0.5667962431907654], [0.47774773836135864, 0.5667962431907654], [0.47774773836135864, 0.5667962431907654]]
[epoch 86] Actual Positions:    [[0.2222222238779068, 0.6666666865348816], [0.6666666865348816, 1.0], [0.4444444477558136, 0.8888888955116272], [1.0, 0.3333333432674408], [0.4444444477558136, 0.4444444477558136], [0.2222222238779068, 0.2222222238779068], [0.3333333432674408, 0.8888888955116272], [0.6666666865348816, 0.0], [0.7777777910232544, 0.3333333432674408], [0.0, 0.8888888955116272]]
[epoch 86] Predicted Actions: [5, 5, 5, 5, 5, 5, 5, 5, 5, 5]
[epoch 86] Actual Actions:    [5, 5, 5, 5, 5, 5, 5, 5, 5, 5]
[epoch 86] Predicted Positions: [[0.47774776816368103, 0.5667961835861206], [0.47774776816368103, 0.5667961835861206], [0.47774776816368103, 0.5667961835861206], [0.47774776816368103, 0.5667961835861206], [0.47774776816368103, 0.5667961835861206], [0.47774776816368103, 0.5667961835861206], [0.47774776816368103, 0.5667961835861206], [0.47774776816368103, 0.5667961835861206], [0.47774776816368103, 0.5667961835861206], [0.47774776816368103, 0.5667961835861206]]
[epoch 86] Actual Positions:    [[0.2222222238779068, 0.6666666865348816], [0.6666666865348816, 1.0], [0.4444444477558136, 0.8888888955116272], [1.0, 0.3333333432674408], [0.4444444477558136, 0.4444444477558136], [0.2222222238779068, 0.2222222238779068], [0.3333333432674408, 0.8888888955116272], [0.6666666865348816, 0.0], [0.7777777910232544, 0.3333333432674408], [0.0, 0.8888888955116272]]
[epoch 86] Predicted Actions: [5, 5, 5, 5, 5, 5, 5, 5, 5, 5]
[epoch 86] Actual Actions:    [5, 5, 5, 5, 5, 5, 5, 5, 5, 5]
[epoch 86] Predicted Positions: [[0.47774776816368103, 0.566796064376831], [0.47774776816368103, 0.566796064376831], [0.47774776816368103, 0.566796064376831], [0.47774776816368103, 0.566796064376831], [0.47774776816368103, 0.566796064376831], [0.47774776816368103, 0.566796064376831], [0.47774776816368103, 0.566796064376831], [0.47774776816368103, 0.566796064376831], [0.47774776816368103, 0.566796064376831], [0.47774776816368103, 0.566796064376831]]
[epoch 86] Actual Positions:    [[0.2222222238779068, 0.6666666865348816], [0.6666666865348816, 1.0], [0.4444444477558136, 0.8888888955116272], [1.0, 0.3333333432674408], [0.4444444477558136, 0.4444444477558136], [0.2222222238779068, 0.2222222238779068], [0.3333333432674408, 0.8888888955116272], [0.6666666865348816, 0.0], [0.7777777910232544, 0.3333333432674408], [0.0, 0.8888888955116272]]
[epoch 87] Predicted Actions: [5, 5, 5, 5, 5, 5, 5, 5, 5, 5]
[epoch 87] Actual Actions:    [5, 5, 5, 5, 5, 5, 5, 5, 5, 5]
[epoch 87] Predicted Positions: [[0.4777478277683258, 0.566796064376831], [0.4777478277683258, 0.566796064376831], [0.4777478277683258, 0.566796064376831], [0.4777478277683258, 0.566796064376831], [0.4777478277683258, 0.566796064376831], [0.4777478277683258, 0.566796064376831], [0.4777478277683258, 0.566796064376831], [0.4777478277683258, 0.566796064376831], [0.4777478277683258, 0.566796064376831], [0.4777478277683258, 0.566796064376831]]
[epoch 87] Actual Positions:    [[0.2222222238779068, 0.6666666865348816], [0.6666666865348816, 1.0], [0.4444444477558136, 0.8888888955116272], [1.0, 0.3333333432674408], [0.4444444477558136, 0.4444444477558136], [0.2222222238779068, 0.2222222238779068], [0.3333333432674408, 0.8888888955116272], [0.6666666865348816, 0.0], [0.7777777910232544, 0.3333333432674408], [0.0, 0.8888888955116272]]
[epoch 87] Predicted Actions: [5, 5, 5, 5, 5, 5, 5, 5, 5, 5]
[epoch 87] Actual Actions:    [5, 5, 5, 5, 5, 5, 5, 5, 5, 5]
[epoch 87] Predicted Positions: [[0.4777478277683258, 0.5667960047721863], [0.4777478277683258, 0.5667960047721863], [0.4777478277683258, 0.5667960047721863], [0.4777478277683258, 0.5667960047721863], [0.4777478277683258, 0.5667960047721863], [0.4777478277683258, 0.5667960047721863], [0.4777478277683258, 0.5667960047721863], [0.4777478277683258, 0.5667960047721863], [0.4777478277683258, 0.5667960047721863], [0.4777478277683258, 0.5667960047721863]]
[epoch 87] Actual Positions:    [[0.2222222238779068, 0.6666666865348816], [0.6666666865348816, 1.0], [0.4444444477558136, 0.8888888955116272], [1.0, 0.3333333432674408], [0.4444444477558136, 0.4444444477558136], [0.2222222238779068, 0.2222222238779068], [0.3333333432674408, 0.8888888955116272], [0.6666666865348816, 0.0], [0.7777777910232544, 0.3333333432674408], [0.0, 0.8888888955116272]]
[epoch 87] Predicted Actions: [5, 5, 5, 5, 5, 5, 5, 5, 5, 5]
[epoch 87] Actual Actions:    [5, 5, 5, 5, 5, 5, 5, 5, 5, 5]
[epoch 87] Predicted Positions: [[0.4777478277683258, 0.5667959451675415], [0.4777478277683258, 0.5667959451675415], [0.4777478277683258, 0.5667959451675415], [0.4777478277683258, 0.5667959451675415], [0.4777478277683258, 0.5667959451675415], [0.4777478277683258, 0.5667959451675415], [0.4777478277683258, 0.5667959451675415], [0.4777478277683258, 0.5667959451675415], [0.4777478277683258, 0.5667959451675415], [0.4777478277683258, 0.5667959451675415]]
[epoch 87] Actual Positions:    [[0.2222222238779068, 0.6666666865348816], [0.6666666865348816, 1.0], [0.4444444477558136, 0.8888888955116272], [1.0, 0.3333333432674408], [0.4444444477558136, 0.4444444477558136], [0.2222222238779068, 0.2222222238779068], [0.3333333432674408, 0.8888888955116272], [0.6666666865348816, 0.0], [0.7777777910232544, 0.3333333432674408], [0.0, 0.8888888955116272]]
[epoch 87] Predicted Actions: [5, 5, 5, 5, 5, 5, 5, 5, 5, 5]
[epoch 87] Actual Actions:    [5, 5, 5, 5, 5, 5, 5, 5, 5, 5]
[epoch 87] Predicted Positions: [[0.4777478277683258, 0.566795825958252], [0.4777478277683258, 0.566795825958252], [0.4777478277683258, 0.566795825958252], [0.4777478277683258, 0.566795825958252], [0.4777478277683258, 0.566795825958252], [0.4777478277683258, 0.566795825958252], [0.4777478277683258, 0.566795825958252], [0.4777478277683258, 0.566795825958252], [0.4777478277683258, 0.566795825958252], [0.4777478277683258, 0.566795825958252]]
[epoch 87] Actual Positions:    [[0.2222222238779068, 0.6666666865348816], [0.6666666865348816, 1.0], [0.4444444477558136, 0.8888888955116272], [1.0, 0.3333333432674408], [0.4444444477558136, 0.4444444477558136], [0.2222222238779068, 0.2222222238779068], [0.3333333432674408, 0.8888888955116272], [0.6666666865348816, 0.0], [0.7777777910232544, 0.3333333432674408], [0.0, 0.8888888955116272]]
[epoch 87] Predicted Actions: [5, 5, 5, 5, 5, 5, 5, 5, 5, 5]
[epoch 87] Actual Actions:    [5, 5, 5, 5, 5, 5, 5, 5, 5, 5]
[epoch 87] Predicted Positions: [[0.4777478277683258, 0.5667957663536072], [0.4777478277683258, 0.5667957663536072], [0.4777478277683258, 0.5667957663536072], [0.4777478277683258, 0.5667957663536072], [0.4777478277683258, 0.5667957663536072], [0.4777478277683258, 0.5667957663536072], [0.4777478277683258, 0.5667957663536072], [0.4777478277683258, 0.5667957663536072], [0.4777478277683258, 0.5667957663536072], [0.4777478277683258, 0.5667957663536072]]
[epoch 87] Actual Positions:    [[0.2222222238779068, 0.6666666865348816], [0.6666666865348816, 1.0], [0.4444444477558136, 0.8888888955116272], [1.0, 0.3333333432674408], [0.4444444477558136, 0.4444444477558136], [0.2222222238779068, 0.2222222238779068], [0.3333333432674408, 0.8888888955116272], [0.6666666865348816, 0.0], [0.7777777910232544, 0.3333333432674408], [0.0, 0.8888888955116272]]
[epoch 88] Predicted Actions: [5, 5, 5, 5, 5, 5, 5, 5, 5, 5]
[epoch 88] Actual Actions:    [5, 5, 5, 5, 5, 5, 5, 5, 5, 5]
[epoch 88] Predicted Positions: [[0.4777478277683258, 0.5667957663536072], [0.4777478277683258, 0.5667957663536072], [0.4777478277683258, 0.5667957663536072], [0.4777478277683258, 0.5667957663536072], [0.4777478277683258, 0.5667957663536072], [0.4777478277683258, 0.5667957663536072], [0.4777478277683258, 0.5667957663536072], [0.4777478277683258, 0.5667957663536072], [0.4777478277683258, 0.5667957663536072], [0.4777478277683258, 0.5667957663536072]]
[epoch 88] Actual Positions:    [[0.2222222238779068, 0.6666666865348816], [0.6666666865348816, 1.0], [0.4444444477558136, 0.8888888955116272], [1.0, 0.3333333432674408], [0.4444444477558136, 0.4444444477558136], [0.2222222238779068, 0.2222222238779068], [0.3333333432674408, 0.8888888955116272], [0.6666666865348816, 0.0], [0.7777777910232544, 0.3333333432674408], [0.0, 0.8888888955116272]]
[epoch 88] Predicted Actions: [5, 5, 5, 5, 5, 5, 5, 5, 5, 5]
[epoch 88] Actual Actions:    [5, 5, 5, 5, 5, 5, 5, 5, 5, 5]
[epoch 88] Predicted Positions: [[0.4777478873729706, 0.5667957067489624], [0.4777478873729706, 0.5667957067489624], [0.4777478873729706, 0.5667957067489624], [0.4777478873729706, 0.5667957067489624], [0.4777478873729706, 0.5667957067489624], [0.4777478873729706, 0.5667957067489624], [0.4777478873729706, 0.5667957067489624], [0.4777478873729706, 0.5667957067489624], [0.4777478873729706, 0.5667957067489624], [0.4777478873729706, 0.5667957067489624]]
[epoch 88] Actual Positions:    [[0.2222222238779068, 0.6666666865348816], [0.6666666865348816, 1.0], [0.4444444477558136, 0.8888888955116272], [1.0, 0.3333333432674408], [0.4444444477558136, 0.4444444477558136], [0.2222222238779068, 0.2222222238779068], [0.3333333432674408, 0.8888888955116272], [0.6666666865348816, 0.0], [0.7777777910232544, 0.3333333432674408], [0.0, 0.8888888955116272]]
[epoch 88] Predicted Actions: [5, 5, 5, 5, 5, 5, 5, 5, 5, 5]
[epoch 88] Actual Actions:    [5, 5, 5, 5, 5, 5, 5, 5, 5, 5]
[epoch 88] Predicted Positions: [[0.47774794697761536, 0.5667955875396729], [0.47774794697761536, 0.5667955875396729], [0.47774794697761536, 0.5667955875396729], [0.47774794697761536, 0.5667955875396729], [0.47774794697761536, 0.5667955875396729], [0.47774794697761536, 0.5667955875396729], [0.47774794697761536, 0.5667955875396729], [0.47774794697761536, 0.5667955875396729], [0.47774794697761536, 0.5667955875396729], [0.47774794697761536, 0.5667955875396729]]
[epoch 88] Actual Positions:    [[0.2222222238779068, 0.6666666865348816], [0.6666666865348816, 1.0], [0.4444444477558136, 0.8888888955116272], [1.0, 0.3333333432674408], [0.4444444477558136, 0.4444444477558136], [0.2222222238779068, 0.2222222238779068], [0.3333333432674408, 0.8888888955116272], [0.6666666865348816, 0.0], [0.7777777910232544, 0.3333333432674408], [0.0, 0.8888888955116272]]
[epoch 88] Predicted Actions: [5, 5, 5, 5, 5, 5, 5, 5, 5, 5]
[epoch 88] Actual Actions:    [5, 5, 5, 5, 5, 5, 5, 5, 5, 5]
[epoch 88] Predicted Positions: [[0.47774794697761536, 0.5667955875396729], [0.47774794697761536, 0.5667955875396729], [0.47774794697761536, 0.5667955875396729], [0.47774794697761536, 0.5667955875396729], [0.47774794697761536, 0.5667955875396729], [0.47774794697761536, 0.5667955875396729], [0.47774794697761536, 0.5667955875396729], [0.47774794697761536, 0.5667955875396729], [0.47774794697761536, 0.5667955875396729], [0.47774794697761536, 0.5667955875396729]]
[epoch 88] Actual Positions:    [[0.2222222238779068, 0.6666666865348816], [0.6666666865348816, 1.0], [0.4444444477558136, 0.8888888955116272], [1.0, 0.3333333432674408], [0.4444444477558136, 0.4444444477558136], [0.2222222238779068, 0.2222222238779068], [0.3333333432674408, 0.8888888955116272], [0.6666666865348816, 0.0], [0.7777777910232544, 0.3333333432674408], [0.0, 0.8888888955116272]]
[epoch 88] Predicted Actions: [5, 5, 5, 5, 5, 5, 5, 5, 5, 5]
[epoch 88] Actual Actions:    [5, 5, 5, 5, 5, 5, 5, 5, 5, 5]
[epoch 88] Predicted Positions: [[0.47774794697761536, 0.5667955279350281], [0.47774794697761536, 0.5667955279350281], [0.47774794697761536, 0.5667955279350281], [0.47774794697761536, 0.5667955279350281], [0.47774794697761536, 0.5667955279350281], [0.47774794697761536, 0.5667955279350281], [0.47774794697761536, 0.5667955279350281], [0.47774794697761536, 0.5667955279350281], [0.47774794697761536, 0.5667955279350281], [0.47774794697761536, 0.5667955279350281]]
[epoch 88] Actual Positions:    [[0.2222222238779068, 0.6666666865348816], [0.6666666865348816, 1.0], [0.4444444477558136, 0.8888888955116272], [1.0, 0.3333333432674408], [0.4444444477558136, 0.4444444477558136], [0.2222222238779068, 0.2222222238779068], [0.3333333432674408, 0.8888888955116272], [0.6666666865348816, 0.0], [0.7777777910232544, 0.3333333432674408], [0.0, 0.8888888955116272]]
[epoch 89] Predicted Actions: [5, 5, 5, 5, 5, 5, 5, 5, 5, 5]
[epoch 89] Actual Actions:    [5, 5, 5, 5, 5, 5, 5, 5, 5, 5]
[epoch 89] Predicted Positions: [[0.47774794697761536, 0.5667955279350281], [0.47774794697761536, 0.5667955279350281], [0.47774794697761536, 0.5667955279350281], [0.47774794697761536, 0.5667955279350281], [0.47774794697761536, 0.5667955279350281], [0.47774794697761536, 0.5667955279350281], [0.47774794697761536, 0.5667955279350281], [0.47774794697761536, 0.5667955279350281], [0.47774794697761536, 0.5667955279350281], [0.47774794697761536, 0.5667955279350281]]
[epoch 89] Actual Positions:    [[0.2222222238779068, 0.6666666865348816], [0.6666666865348816, 1.0], [0.4444444477558136, 0.8888888955116272], [1.0, 0.3333333432674408], [0.4444444477558136, 0.4444444477558136], [0.2222222238779068, 0.2222222238779068], [0.3333333432674408, 0.8888888955116272], [0.6666666865348816, 0.0], [0.7777777910232544, 0.3333333432674408], [0.0, 0.8888888955116272]]
[epoch 89] Predicted Actions: [5, 5, 5, 5, 5, 5, 5, 5, 5, 5]
[epoch 89] Actual Actions:    [5, 5, 5, 5, 5, 5, 5, 5, 5, 5]
[epoch 89] Predicted Positions: [[0.47774794697761536, 0.5667954087257385], [0.47774794697761536, 0.5667954087257385], [0.47774794697761536, 0.5667954087257385], [0.47774794697761536, 0.5667954087257385], [0.47774794697761536, 0.5667954087257385], [0.47774794697761536, 0.5667954087257385], [0.47774794697761536, 0.5667954087257385], [0.47774794697761536, 0.5667954087257385], [0.47774794697761536, 0.5667954087257385], [0.47774794697761536, 0.5667954087257385]]
[epoch 89] Actual Positions:    [[0.2222222238779068, 0.6666666865348816], [0.6666666865348816, 1.0], [0.4444444477558136, 0.8888888955116272], [1.0, 0.3333333432674408], [0.4444444477558136, 0.4444444477558136], [0.2222222238779068, 0.2222222238779068], [0.3333333432674408, 0.8888888955116272], [0.6666666865348816, 0.0], [0.7777777910232544, 0.3333333432674408], [0.0, 0.8888888955116272]]
[epoch 89] Predicted Actions: [5, 5, 5, 5, 5, 5, 5, 5, 5, 5]
[epoch 89] Actual Actions:    [5, 5, 5, 5, 5, 5, 5, 5, 5, 5]
[epoch 89] Predicted Positions: [[0.47774794697761536, 0.5667954087257385], [0.47774794697761536, 0.5667954087257385], [0.47774794697761536, 0.5667954087257385], [0.47774794697761536, 0.5667954087257385], [0.47774794697761536, 0.5667954087257385], [0.47774794697761536, 0.5667954087257385], [0.47774794697761536, 0.5667954087257385], [0.47774794697761536, 0.5667954087257385], [0.47774794697761536, 0.5667954087257385], [0.47774794697761536, 0.5667954087257385]]
[epoch 89] Actual Positions:    [[0.2222222238779068, 0.6666666865348816], [0.6666666865348816, 1.0], [0.4444444477558136, 0.8888888955116272], [1.0, 0.3333333432674408], [0.4444444477558136, 0.4444444477558136], [0.2222222238779068, 0.2222222238779068], [0.3333333432674408, 0.8888888955116272], [0.6666666865348816, 0.0], [0.7777777910232544, 0.3333333432674408], [0.0, 0.8888888955116272]]
[epoch 89] Predicted Actions: [5, 5, 5, 5, 5, 5, 5, 5, 5, 5]
[epoch 89] Actual Actions:    [5, 5, 5, 5, 5, 5, 5, 5, 5, 5]
[epoch 89] Predicted Positions: [[0.47774794697761536, 0.5667953491210938], [0.47774794697761536, 0.5667953491210938], [0.47774794697761536, 0.5667953491210938], [0.47774794697761536, 0.5667953491210938], [0.47774794697761536, 0.5667953491210938], [0.47774794697761536, 0.5667953491210938], [0.47774794697761536, 0.5667953491210938], [0.47774794697761536, 0.5667953491210938], [0.47774794697761536, 0.5667953491210938], [0.47774794697761536, 0.5667953491210938]]
[epoch 89] Actual Positions:    [[0.2222222238779068, 0.6666666865348816], [0.6666666865348816, 1.0], [0.4444444477558136, 0.8888888955116272], [1.0, 0.3333333432674408], [0.4444444477558136, 0.4444444477558136], [0.2222222238779068, 0.2222222238779068], [0.3333333432674408, 0.8888888955116272], [0.6666666865348816, 0.0], [0.7777777910232544, 0.3333333432674408], [0.0, 0.8888888955116272]]
[epoch 89] Predicted Actions: [5, 5, 5, 5, 5, 5, 5, 5, 5, 5]
[epoch 89] Actual Actions:    [5, 5, 5, 5, 5, 5, 5, 5, 5, 5]
[epoch 89] Predicted Positions: [[0.47774794697761536, 0.566795289516449], [0.47774794697761536, 0.566795289516449], [0.47774794697761536, 0.566795289516449], [0.47774794697761536, 0.566795289516449], [0.47774794697761536, 0.566795289516449], [0.47774794697761536, 0.566795289516449], [0.47774794697761536, 0.566795289516449], [0.47774794697761536, 0.566795289516449], [0.47774794697761536, 0.566795289516449], [0.47774794697761536, 0.566795289516449]]
[epoch 89] Actual Positions:    [[0.2222222238779068, 0.6666666865348816], [0.6666666865348816, 1.0], [0.4444444477558136, 0.8888888955116272], [1.0, 0.3333333432674408], [0.4444444477558136, 0.4444444477558136], [0.2222222238779068, 0.2222222238779068], [0.3333333432674408, 0.8888888955116272], [0.6666666865348816, 0.0], [0.7777777910232544, 0.3333333432674408], [0.0, 0.8888888955116272]]
[epoch 90] Predicted Actions: [5, 5, 5, 5, 5, 5, 5, 5, 5, 5]
[epoch 90] Actual Actions:    [5, 5, 5, 5, 5, 5, 5, 5, 5, 5]
[epoch 90] Predicted Positions: [[0.47774800658226013, 0.5667952299118042], [0.47774800658226013, 0.5667952299118042], [0.47774800658226013, 0.5667952299118042], [0.47774800658226013, 0.5667952299118042], [0.47774800658226013, 0.5667952299118042], [0.47774800658226013, 0.5667952299118042], [0.47774800658226013, 0.5667952299118042], [0.47774800658226013, 0.5667952299118042], [0.47774800658226013, 0.5667952299118042], [0.47774800658226013, 0.5667952299118042]]
[epoch 90] Actual Positions:    [[0.2222222238779068, 0.6666666865348816], [0.6666666865348816, 1.0], [0.4444444477558136, 0.8888888955116272], [1.0, 0.3333333432674408], [0.4444444477558136, 0.4444444477558136], [0.2222222238779068, 0.2222222238779068], [0.3333333432674408, 0.8888888955116272], [0.6666666865348816, 0.0], [0.7777777910232544, 0.3333333432674408], [0.0, 0.8888888955116272]]
[epoch 90] Predicted Actions: [5, 5, 5, 5, 5, 5, 5, 5, 5, 5]
[epoch 90] Actual Actions:    [5, 5, 5, 5, 5, 5, 5, 5, 5, 5]
[epoch 90] Predicted Positions: [[0.47774800658226013, 0.5667952299118042], [0.47774800658226013, 0.5667952299118042], [0.47774800658226013, 0.5667952299118042], [0.47774800658226013, 0.5667952299118042], [0.47774800658226013, 0.5667952299118042], [0.47774800658226013, 0.5667952299118042], [0.47774800658226013, 0.5667952299118042], [0.47774800658226013, 0.5667952299118042], [0.47774800658226013, 0.5667952299118042], [0.47774800658226013, 0.5667952299118042]]
[epoch 90] Actual Positions:    [[0.2222222238779068, 0.6666666865348816], [0.6666666865348816, 1.0], [0.4444444477558136, 0.8888888955116272], [1.0, 0.3333333432674408], [0.4444444477558136, 0.4444444477558136], [0.2222222238779068, 0.2222222238779068], [0.3333333432674408, 0.8888888955116272], [0.6666666865348816, 0.0], [0.7777777910232544, 0.3333333432674408], [0.0, 0.8888888955116272]]
[epoch 90] Predicted Actions: [5, 5, 5, 5, 5, 5, 5, 5, 5, 5]
[epoch 90] Actual Actions:    [5, 5, 5, 5, 5, 5, 5, 5, 5, 5]
[epoch 90] Predicted Positions: [[0.47774800658226013, 0.5667951703071594], [0.47774800658226013, 0.5667951703071594], [0.47774800658226013, 0.5667951703071594], [0.47774800658226013, 0.5667951703071594], [0.47774800658226013, 0.5667951703071594], [0.47774800658226013, 0.5667951703071594], [0.47774800658226013, 0.5667951703071594], [0.47774800658226013, 0.5667951703071594], [0.47774800658226013, 0.5667951703071594], [0.47774800658226013, 0.5667951703071594]]
[epoch 90] Actual Positions:    [[0.2222222238779068, 0.6666666865348816], [0.6666666865348816, 1.0], [0.4444444477558136, 0.8888888955116272], [1.0, 0.3333333432674408], [0.4444444477558136, 0.4444444477558136], [0.2222222238779068, 0.2222222238779068], [0.3333333432674408, 0.8888888955116272], [0.6666666865348816, 0.0], [0.7777777910232544, 0.3333333432674408], [0.0, 0.8888888955116272]]
[epoch 90] Predicted Actions: [5, 5, 5, 5, 5, 5, 5, 5, 5, 5]
[epoch 90] Actual Actions:    [5, 5, 5, 5, 5, 5, 5, 5, 5, 5]
[epoch 90] Predicted Positions: [[0.47774800658226013, 0.5667951703071594], [0.47774800658226013, 0.5667951703071594], [0.47774800658226013, 0.5667951703071594], [0.47774800658226013, 0.5667951703071594], [0.47774800658226013, 0.5667951703071594], [0.47774800658226013, 0.5667951703071594], [0.47774800658226013, 0.5667951703071594], [0.47774800658226013, 0.5667951703071594], [0.47774800658226013, 0.5667951703071594], [0.47774800658226013, 0.5667951703071594]]
[epoch 90] Actual Positions:    [[0.2222222238779068, 0.6666666865348816], [0.6666666865348816, 1.0], [0.4444444477558136, 0.8888888955116272], [1.0, 0.3333333432674408], [0.4444444477558136, 0.4444444477558136], [0.2222222238779068, 0.2222222238779068], [0.3333333432674408, 0.8888888955116272], [0.6666666865348816, 0.0], [0.7777777910232544, 0.3333333432674408], [0.0, 0.8888888955116272]]
[epoch 90] Predicted Actions: [5, 5, 5, 5, 5, 5, 5, 5, 5, 5]
[epoch 90] Actual Actions:    [5, 5, 5, 5, 5, 5, 5, 5, 5, 5]
[epoch 90] Predicted Positions: [[0.47774800658226013, 0.5667950510978699], [0.47774800658226013, 0.5667950510978699], [0.47774800658226013, 0.5667950510978699], [0.47774800658226013, 0.5667950510978699], [0.47774800658226013, 0.5667950510978699], [0.47774800658226013, 0.5667950510978699], [0.47774800658226013, 0.5667950510978699], [0.47774800658226013, 0.5667950510978699], [0.47774800658226013, 0.5667950510978699], [0.47774800658226013, 0.5667950510978699]]
[epoch 90] Actual Positions:    [[0.2222222238779068, 0.6666666865348816], [0.6666666865348816, 1.0], [0.4444444477558136, 0.8888888955116272], [1.0, 0.3333333432674408], [0.4444444477558136, 0.4444444477558136], [0.2222222238779068, 0.2222222238779068], [0.3333333432674408, 0.8888888955116272], [0.6666666865348816, 0.0], [0.7777777910232544, 0.3333333432674408], [0.0, 0.8888888955116272]]
[epoch 91] Predicted Actions: [5, 5, 5, 5, 5, 5, 5, 5, 5, 5]
[epoch 91] Actual Actions:    [5, 5, 5, 5, 5, 5, 5, 5, 5, 5]
[epoch 91] Predicted Positions: [[0.4777480661869049, 0.5667950510978699], [0.4777480661869049, 0.5667950510978699], [0.4777480661869049, 0.5667950510978699], [0.4777480661869049, 0.5667950510978699], [0.4777480661869049, 0.5667950510978699], [0.4777480661869049, 0.5667950510978699], [0.4777480661869049, 0.5667950510978699], [0.4777480661869049, 0.5667950510978699], [0.4777480661869049, 0.5667950510978699], [0.4777480661869049, 0.5667950510978699]]
[epoch 91] Actual Positions:    [[0.2222222238779068, 0.6666666865348816], [0.6666666865348816, 1.0], [0.4444444477558136, 0.8888888955116272], [1.0, 0.3333333432674408], [0.4444444477558136, 0.4444444477558136], [0.2222222238779068, 0.2222222238779068], [0.3333333432674408, 0.8888888955116272], [0.6666666865348816, 0.0], [0.7777777910232544, 0.3333333432674408], [0.0, 0.8888888955116272]]
[epoch 91] Predicted Actions: [5, 5, 5, 5, 5, 5, 5, 5, 5, 5]
[epoch 91] Actual Actions:    [5, 5, 5, 5, 5, 5, 5, 5, 5, 5]
[epoch 91] Predicted Positions: [[0.4777480661869049, 0.5667950510978699], [0.4777480661869049, 0.5667950510978699], [0.4777480661869049, 0.5667950510978699], [0.4777480661869049, 0.5667950510978699], [0.4777480661869049, 0.5667950510978699], [0.4777480661869049, 0.5667950510978699], [0.4777480661869049, 0.5667950510978699], [0.4777480661869049, 0.5667950510978699], [0.4777480661869049, 0.5667950510978699], [0.4777480661869049, 0.5667950510978699]]
[epoch 91] Actual Positions:    [[0.2222222238779068, 0.6666666865348816], [0.6666666865348816, 1.0], [0.4444444477558136, 0.8888888955116272], [1.0, 0.3333333432674408], [0.4444444477558136, 0.4444444477558136], [0.2222222238779068, 0.2222222238779068], [0.3333333432674408, 0.8888888955116272], [0.6666666865348816, 0.0], [0.7777777910232544, 0.3333333432674408], [0.0, 0.8888888955116272]]
[epoch 91] Predicted Actions: [5, 5, 5, 5, 5, 5, 5, 5, 5, 5]
[epoch 91] Actual Actions:    [5, 5, 5, 5, 5, 5, 5, 5, 5, 5]
[epoch 91] Predicted Positions: [[0.4777480661869049, 0.5667949914932251], [0.4777480661869049, 0.5667949914932251], [0.4777480661869049, 0.5667949914932251], [0.4777480661869049, 0.5667949914932251], [0.4777480661869049, 0.5667949914932251], [0.4777480661869049, 0.5667949914932251], [0.4777480661869049, 0.5667949914932251], [0.4777480661869049, 0.5667949914932251], [0.4777480661869049, 0.5667949914932251], [0.4777480661869049, 0.5667949914932251]]
[epoch 91] Actual Positions:    [[0.2222222238779068, 0.6666666865348816], [0.6666666865348816, 1.0], [0.4444444477558136, 0.8888888955116272], [1.0, 0.3333333432674408], [0.4444444477558136, 0.4444444477558136], [0.2222222238779068, 0.2222222238779068], [0.3333333432674408, 0.8888888955116272], [0.6666666865348816, 0.0], [0.7777777910232544, 0.3333333432674408], [0.0, 0.8888888955116272]]
[epoch 91] Predicted Actions: [5, 5, 5, 5, 5, 5, 5, 5, 5, 5]
[epoch 91] Actual Actions:    [5, 5, 5, 5, 5, 5, 5, 5, 5, 5]
[epoch 91] Predicted Positions: [[0.4777480661869049, 0.5667949914932251], [0.4777480661869049, 0.5667949914932251], [0.4777480661869049, 0.5667949914932251], [0.4777480661869049, 0.5667949914932251], [0.4777480661869049, 0.5667949914932251], [0.4777480661869049, 0.5667949914932251], [0.4777480661869049, 0.5667949914932251], [0.4777480661869049, 0.5667949914932251], [0.4777480661869049, 0.5667949914932251], [0.4777480661869049, 0.5667949914932251]]
[epoch 91] Actual Positions:    [[0.2222222238779068, 0.6666666865348816], [0.6666666865348816, 1.0], [0.4444444477558136, 0.8888888955116272], [1.0, 0.3333333432674408], [0.4444444477558136, 0.4444444477558136], [0.2222222238779068, 0.2222222238779068], [0.3333333432674408, 0.8888888955116272], [0.6666666865348816, 0.0], [0.7777777910232544, 0.3333333432674408], [0.0, 0.8888888955116272]]
[epoch 91] Predicted Actions: [5, 5, 5, 5, 5, 5, 5, 5, 5, 5]
[epoch 91] Actual Actions:    [5, 5, 5, 5, 5, 5, 5, 5, 5, 5]
[epoch 91] Predicted Positions: [[0.4777480661869049, 0.5667949914932251], [0.4777480661869049, 0.5667949914932251], [0.4777480661869049, 0.5667949914932251], [0.4777480661869049, 0.5667949914932251], [0.4777480661869049, 0.5667949914932251], [0.4777480661869049, 0.5667949914932251], [0.4777480661869049, 0.5667949914932251], [0.4777480661869049, 0.5667949914932251], [0.4777480661869049, 0.5667949914932251], [0.4777480661869049, 0.5667949914932251]]
[epoch 91] Actual Positions:    [[0.2222222238779068, 0.6666666865348816], [0.6666666865348816, 1.0], [0.4444444477558136, 0.8888888955116272], [1.0, 0.3333333432674408], [0.4444444477558136, 0.4444444477558136], [0.2222222238779068, 0.2222222238779068], [0.3333333432674408, 0.8888888955116272], [0.6666666865348816, 0.0], [0.7777777910232544, 0.3333333432674408], [0.0, 0.8888888955116272]]
[epoch 92] Predicted Actions: [5, 5, 5, 5, 5, 5, 5, 5, 5, 5]
[epoch 92] Actual Actions:    [5, 5, 5, 5, 5, 5, 5, 5, 5, 5]
[epoch 92] Predicted Positions: [[0.4777480661869049, 0.5667949318885803], [0.4777480661869049, 0.5667949318885803], [0.4777480661869049, 0.5667949318885803], [0.4777480661869049, 0.5667949318885803], [0.4777480661869049, 0.5667949318885803], [0.4777480661869049, 0.5667949318885803], [0.4777480661869049, 0.5667949318885803], [0.4777480661869049, 0.5667949318885803], [0.4777480661869049, 0.5667949318885803], [0.4777480661869049, 0.5667949318885803]]
[epoch 92] Actual Positions:    [[0.2222222238779068, 0.6666666865348816], [0.6666666865348816, 1.0], [0.4444444477558136, 0.8888888955116272], [1.0, 0.3333333432674408], [0.4444444477558136, 0.4444444477558136], [0.2222222238779068, 0.2222222238779068], [0.3333333432674408, 0.8888888955116272], [0.6666666865348816, 0.0], [0.7777777910232544, 0.3333333432674408], [0.0, 0.8888888955116272]]
[epoch 92] Predicted Actions: [5, 5, 5, 5, 5, 5, 5, 5, 5, 5]
[epoch 92] Actual Actions:    [5, 5, 5, 5, 5, 5, 5, 5, 5, 5]
[epoch 92] Predicted Positions: [[0.4777480661869049, 0.5667949318885803], [0.4777480661869049, 0.5667949318885803], [0.4777480661869049, 0.5667949318885803], [0.4777480661869049, 0.5667949318885803], [0.4777480661869049, 0.5667949318885803], [0.4777480661869049, 0.5667949318885803], [0.4777480661869049, 0.5667949318885803], [0.4777480661869049, 0.5667949318885803], [0.4777480661869049, 0.5667949318885803], [0.4777480661869049, 0.5667949318885803]]
[epoch 92] Actual Positions:    [[0.2222222238779068, 0.6666666865348816], [0.6666666865348816, 1.0], [0.4444444477558136, 0.8888888955116272], [1.0, 0.3333333432674408], [0.4444444477558136, 0.4444444477558136], [0.2222222238779068, 0.2222222238779068], [0.3333333432674408, 0.8888888955116272], [0.6666666865348816, 0.0], [0.7777777910232544, 0.3333333432674408], [0.0, 0.8888888955116272]]
[epoch 92] Predicted Actions: [5, 5, 5, 5, 5, 5, 5, 5, 5, 5]
[epoch 92] Actual Actions:    [5, 5, 5, 5, 5, 5, 5, 5, 5, 5]
[epoch 92] Predicted Positions: [[0.4777480661869049, 0.5667948722839355], [0.4777480661869049, 0.5667948722839355], [0.4777480661869049, 0.5667948722839355], [0.4777480661869049, 0.5667948722839355], [0.4777480661869049, 0.5667948722839355], [0.4777480661869049, 0.5667948722839355], [0.4777480661869049, 0.5667948722839355], [0.4777480661869049, 0.5667948722839355], [0.4777480661869049, 0.5667948722839355], [0.4777480661869049, 0.5667948722839355]]
[epoch 92] Actual Positions:    [[0.2222222238779068, 0.6666666865348816], [0.6666666865348816, 1.0], [0.4444444477558136, 0.8888888955116272], [1.0, 0.3333333432674408], [0.4444444477558136, 0.4444444477558136], [0.2222222238779068, 0.2222222238779068], [0.3333333432674408, 0.8888888955116272], [0.6666666865348816, 0.0], [0.7777777910232544, 0.3333333432674408], [0.0, 0.8888888955116272]]
[epoch 92] Predicted Actions: [5, 5, 5, 5, 5, 5, 5, 5, 5, 5]
[epoch 92] Actual Actions:    [5, 5, 5, 5, 5, 5, 5, 5, 5, 5]
[epoch 92] Predicted Positions: [[0.4777480661869049, 0.5667948722839355], [0.4777480661869049, 0.5667948722839355], [0.4777480661869049, 0.5667948722839355], [0.4777480661869049, 0.5667948722839355], [0.4777480661869049, 0.5667948722839355], [0.4777480661869049, 0.5667948722839355], [0.4777480661869049, 0.5667948722839355], [0.4777480661869049, 0.5667948722839355], [0.4777480661869049, 0.5667948722839355], [0.4777480661869049, 0.5667948722839355]]
[epoch 92] Actual Positions:    [[0.2222222238779068, 0.6666666865348816], [0.6666666865348816, 1.0], [0.4444444477558136, 0.8888888955116272], [1.0, 0.3333333432674408], [0.4444444477558136, 0.4444444477558136], [0.2222222238779068, 0.2222222238779068], [0.3333333432674408, 0.8888888955116272], [0.6666666865348816, 0.0], [0.7777777910232544, 0.3333333432674408], [0.0, 0.8888888955116272]]
[epoch 92] Predicted Actions: [5, 5, 5, 5, 5, 5, 5, 5, 5, 5]
[epoch 92] Actual Actions:    [5, 5, 5, 5, 5, 5, 5, 5, 5, 5]
[epoch 92] Predicted Positions: [[0.4777480661869049, 0.5667948722839355], [0.4777480661869049, 0.5667948722839355], [0.4777480661869049, 0.5667948722839355], [0.4777480661869049, 0.5667948722839355], [0.4777480661869049, 0.5667948722839355], [0.4777480661869049, 0.5667948722839355], [0.4777480661869049, 0.5667948722839355], [0.4777480661869049, 0.5667948722839355], [0.4777480661869049, 0.5667948722839355], [0.4777480661869049, 0.5667948722839355]]
[epoch 92] Actual Positions:    [[0.2222222238779068, 0.6666666865348816], [0.6666666865348816, 1.0], [0.4444444477558136, 0.8888888955116272], [1.0, 0.3333333432674408], [0.4444444477558136, 0.4444444477558136], [0.2222222238779068, 0.2222222238779068], [0.3333333432674408, 0.8888888955116272], [0.6666666865348816, 0.0], [0.7777777910232544, 0.3333333432674408], [0.0, 0.8888888955116272]]
[epoch 93] Predicted Actions: [5, 5, 5, 5, 5, 5, 5, 5, 5, 5]
[epoch 93] Actual Actions:    [5, 5, 5, 5, 5, 5, 5, 5, 5, 5]
[epoch 93] Predicted Positions: [[0.4777480661869049, 0.5667948722839355], [0.4777480661869049, 0.5667948722839355], [0.4777480661869049, 0.5667948722839355], [0.4777480661869049, 0.5667948722839355], [0.4777480661869049, 0.5667948722839355], [0.4777480661869049, 0.5667948722839355], [0.4777480661869049, 0.5667948722839355], [0.4777480661869049, 0.5667948722839355], [0.4777480661869049, 0.5667948722839355], [0.4777480661869049, 0.5667948722839355]]
[epoch 93] Actual Positions:    [[0.2222222238779068, 0.6666666865348816], [0.6666666865348816, 1.0], [0.4444444477558136, 0.8888888955116272], [1.0, 0.3333333432674408], [0.4444444477558136, 0.4444444477558136], [0.2222222238779068, 0.2222222238779068], [0.3333333432674408, 0.8888888955116272], [0.6666666865348816, 0.0], [0.7777777910232544, 0.3333333432674408], [0.0, 0.8888888955116272]]
[epoch 93] Predicted Actions: [5, 5, 5, 5, 5, 5, 5, 5, 5, 5]
[epoch 93] Actual Actions:    [5, 5, 5, 5, 5, 5, 5, 5, 5, 5]
[epoch 93] Predicted Positions: [[0.4777480661869049, 0.566794753074646], [0.4777480661869049, 0.566794753074646], [0.4777480661869049, 0.566794753074646], [0.4777480661869049, 0.566794753074646], [0.4777480661869049, 0.566794753074646], [0.4777480661869049, 0.566794753074646], [0.4777480661869049, 0.566794753074646], [0.4777480661869049, 0.566794753074646], [0.4777480661869049, 0.566794753074646], [0.4777480661869049, 0.566794753074646]]
[epoch 93] Actual Positions:    [[0.2222222238779068, 0.6666666865348816], [0.6666666865348816, 1.0], [0.4444444477558136, 0.8888888955116272], [1.0, 0.3333333432674408], [0.4444444477558136, 0.4444444477558136], [0.2222222238779068, 0.2222222238779068], [0.3333333432674408, 0.8888888955116272], [0.6666666865348816, 0.0], [0.7777777910232544, 0.3333333432674408], [0.0, 0.8888888955116272]]
[epoch 93] Predicted Actions: [5, 5, 5, 5, 5, 5, 5, 5, 5, 5]
[epoch 93] Actual Actions:    [5, 5, 5, 5, 5, 5, 5, 5, 5, 5]
[epoch 93] Predicted Positions: [[0.4777480959892273, 0.566794753074646], [0.4777480959892273, 0.566794753074646], [0.4777480959892273, 0.566794753074646], [0.4777480959892273, 0.566794753074646], [0.4777480959892273, 0.566794753074646], [0.4777480959892273, 0.566794753074646], [0.4777480959892273, 0.566794753074646], [0.4777480959892273, 0.566794753074646], [0.4777480959892273, 0.566794753074646], [0.4777480959892273, 0.566794753074646]]
[epoch 93] Actual Positions:    [[0.2222222238779068, 0.6666666865348816], [0.6666666865348816, 1.0], [0.4444444477558136, 0.8888888955116272], [1.0, 0.3333333432674408], [0.4444444477558136, 0.4444444477558136], [0.2222222238779068, 0.2222222238779068], [0.3333333432674408, 0.8888888955116272], [0.6666666865348816, 0.0], [0.7777777910232544, 0.3333333432674408], [0.0, 0.8888888955116272]]
[epoch 93] Predicted Actions: [5, 5, 5, 5, 5, 5, 5, 5, 5, 5]
[epoch 93] Actual Actions:    [5, 5, 5, 5, 5, 5, 5, 5, 5, 5]
[epoch 93] Predicted Positions: [[0.4777480959892273, 0.566794753074646], [0.4777480959892273, 0.566794753074646], [0.4777480959892273, 0.566794753074646], [0.4777480959892273, 0.566794753074646], [0.4777480959892273, 0.566794753074646], [0.4777480959892273, 0.566794753074646], [0.4777480959892273, 0.566794753074646], [0.4777480959892273, 0.566794753074646], [0.4777480959892273, 0.566794753074646], [0.4777480959892273, 0.566794753074646]]
[epoch 93] Actual Positions:    [[0.2222222238779068, 0.6666666865348816], [0.6666666865348816, 1.0], [0.4444444477558136, 0.8888888955116272], [1.0, 0.3333333432674408], [0.4444444477558136, 0.4444444477558136], [0.2222222238779068, 0.2222222238779068], [0.3333333432674408, 0.8888888955116272], [0.6666666865348816, 0.0], [0.7777777910232544, 0.3333333432674408], [0.0, 0.8888888955116272]]
[epoch 93] Predicted Actions: [5, 5, 5, 5, 5, 5, 5, 5, 5, 5]
[epoch 93] Actual Actions:    [5, 5, 5, 5, 5, 5, 5, 5, 5, 5]
[epoch 93] Predicted Positions: [[0.4777480959892273, 0.5667946934700012], [0.4777480959892273, 0.5667946934700012], [0.4777480959892273, 0.5667946934700012], [0.4777480959892273, 0.5667946934700012], [0.4777480959892273, 0.5667946934700012], [0.4777480959892273, 0.5667946934700012], [0.4777480959892273, 0.5667946934700012], [0.4777480959892273, 0.5667946934700012], [0.4777480959892273, 0.5667946934700012], [0.4777480959892273, 0.5667946934700012]]
[epoch 93] Actual Positions:    [[0.2222222238779068, 0.6666666865348816], [0.6666666865348816, 1.0], [0.4444444477558136, 0.8888888955116272], [1.0, 0.3333333432674408], [0.4444444477558136, 0.4444444477558136], [0.2222222238779068, 0.2222222238779068], [0.3333333432674408, 0.8888888955116272], [0.6666666865348816, 0.0], [0.7777777910232544, 0.3333333432674408], [0.0, 0.8888888955116272]]
[epoch 94] Predicted Actions: [5, 5, 5, 5, 5, 5, 5, 5, 5, 5]
[epoch 94] Actual Actions:    [5, 5, 5, 5, 5, 5, 5, 5, 5, 5]
[epoch 94] Predicted Positions: [[0.4777480959892273, 0.5667946934700012], [0.4777480959892273, 0.5667946934700012], [0.4777480959892273, 0.5667946934700012], [0.4777480959892273, 0.5667946934700012], [0.4777480959892273, 0.5667946934700012], [0.4777480959892273, 0.5667946934700012], [0.4777480959892273, 0.5667946934700012], [0.4777480959892273, 0.5667946934700012], [0.4777480959892273, 0.5667946934700012], [0.4777480959892273, 0.5667946934700012]]
[epoch 94] Actual Positions:    [[0.2222222238779068, 0.6666666865348816], [0.6666666865348816, 1.0], [0.4444444477558136, 0.8888888955116272], [1.0, 0.3333333432674408], [0.4444444477558136, 0.4444444477558136], [0.2222222238779068, 0.2222222238779068], [0.3333333432674408, 0.8888888955116272], [0.6666666865348816, 0.0], [0.7777777910232544, 0.3333333432674408], [0.0, 0.8888888955116272]]
[epoch 94] Predicted Actions: [5, 5, 5, 5, 5, 5, 5, 5, 5, 5]
[epoch 94] Actual Actions:    [5, 5, 5, 5, 5, 5, 5, 5, 5, 5]
[epoch 94] Predicted Positions: [[0.4777480959892273, 0.5667946934700012], [0.4777480959892273, 0.5667946934700012], [0.4777480959892273, 0.5667946934700012], [0.4777480959892273, 0.5667946934700012], [0.4777480959892273, 0.5667946934700012], [0.4777480959892273, 0.5667946934700012], [0.4777480959892273, 0.5667946934700012], [0.4777480959892273, 0.5667946934700012], [0.4777480959892273, 0.5667946934700012], [0.4777480959892273, 0.5667946934700012]]
[epoch 94] Actual Positions:    [[0.2222222238779068, 0.6666666865348816], [0.6666666865348816, 1.0], [0.4444444477558136, 0.8888888955116272], [1.0, 0.3333333432674408], [0.4444444477558136, 0.4444444477558136], [0.2222222238779068, 0.2222222238779068], [0.3333333432674408, 0.8888888955116272], [0.6666666865348816, 0.0], [0.7777777910232544, 0.3333333432674408], [0.0, 0.8888888955116272]]
[epoch 94] Predicted Actions: [5, 5, 5, 5, 5, 5, 5, 5, 5, 5]
[epoch 94] Actual Actions:    [5, 5, 5, 5, 5, 5, 5, 5, 5, 5]
[epoch 94] Predicted Positions: [[0.47774815559387207, 0.5667946338653564], [0.47774815559387207, 0.5667946338653564], [0.47774815559387207, 0.5667946338653564], [0.47774815559387207, 0.5667946338653564], [0.47774815559387207, 0.5667946338653564], [0.47774815559387207, 0.5667946338653564], [0.47774815559387207, 0.5667946338653564], [0.47774815559387207, 0.5667946338653564], [0.47774815559387207, 0.5667946338653564], [0.47774815559387207, 0.5667946338653564]]
[epoch 94] Actual Positions:    [[0.2222222238779068, 0.6666666865348816], [0.6666666865348816, 1.0], [0.4444444477558136, 0.8888888955116272], [1.0, 0.3333333432674408], [0.4444444477558136, 0.4444444477558136], [0.2222222238779068, 0.2222222238779068], [0.3333333432674408, 0.8888888955116272], [0.6666666865348816, 0.0], [0.7777777910232544, 0.3333333432674408], [0.0, 0.8888888955116272]]
[epoch 94] Predicted Actions: [5, 5, 5, 5, 5, 5, 5, 5, 5, 5]
[epoch 94] Actual Actions:    [5, 5, 5, 5, 5, 5, 5, 5, 5, 5]
[epoch 94] Predicted Positions: [[0.47774815559387207, 0.5667946338653564], [0.47774815559387207, 0.5667946338653564], [0.47774815559387207, 0.5667946338653564], [0.47774815559387207, 0.5667946338653564], [0.47774815559387207, 0.5667946338653564], [0.47774815559387207, 0.5667946338653564], [0.47774815559387207, 0.5667946338653564], [0.47774815559387207, 0.5667946338653564], [0.47774815559387207, 0.5667946338653564], [0.47774815559387207, 0.5667946338653564]]
[epoch 94] Actual Positions:    [[0.2222222238779068, 0.6666666865348816], [0.6666666865348816, 1.0], [0.4444444477558136, 0.8888888955116272], [1.0, 0.3333333432674408], [0.4444444477558136, 0.4444444477558136], [0.2222222238779068, 0.2222222238779068], [0.3333333432674408, 0.8888888955116272], [0.6666666865348816, 0.0], [0.7777777910232544, 0.3333333432674408], [0.0, 0.8888888955116272]]
[epoch 94] Predicted Actions: [5, 5, 5, 5, 5, 5, 5, 5, 5, 5]
[epoch 94] Actual Actions:    [5, 5, 5, 5, 5, 5, 5, 5, 5, 5]
[epoch 94] Predicted Positions: [[0.47774815559387207, 0.5667946338653564], [0.47774815559387207, 0.5667946338653564], [0.47774815559387207, 0.5667946338653564], [0.47774815559387207, 0.5667946338653564], [0.47774815559387207, 0.5667946338653564], [0.47774815559387207, 0.5667946338653564], [0.47774815559387207, 0.5667946338653564], [0.47774815559387207, 0.5667946338653564], [0.47774815559387207, 0.5667946338653564], [0.47774815559387207, 0.5667946338653564]]
[epoch 94] Actual Positions:    [[0.2222222238779068, 0.6666666865348816], [0.6666666865348816, 1.0], [0.4444444477558136, 0.8888888955116272], [1.0, 0.3333333432674408], [0.4444444477558136, 0.4444444477558136], [0.2222222238779068, 0.2222222238779068], [0.3333333432674408, 0.8888888955116272], [0.6666666865348816, 0.0], [0.7777777910232544, 0.3333333432674408], [0.0, 0.8888888955116272]]
[epoch 95] Predicted Actions: [5, 5, 5, 5, 5, 5, 5, 5, 5, 5]
[epoch 95] Actual Actions:    [5, 5, 5, 5, 5, 5, 5, 5, 5, 5]
[epoch 95] Predicted Positions: [[0.47774815559387207, 0.5667946338653564], [0.47774815559387207, 0.5667946338653564], [0.47774815559387207, 0.5667946338653564], [0.47774815559387207, 0.5667946338653564], [0.47774815559387207, 0.5667946338653564], [0.47774815559387207, 0.5667946338653564], [0.47774815559387207, 0.5667946338653564], [0.47774815559387207, 0.5667946338653564], [0.47774815559387207, 0.5667946338653564], [0.47774815559387207, 0.5667946338653564]]
[epoch 95] Actual Positions:    [[0.2222222238779068, 0.6666666865348816], [0.6666666865348816, 1.0], [0.4444444477558136, 0.8888888955116272], [1.0, 0.3333333432674408], [0.4444444477558136, 0.4444444477558136], [0.2222222238779068, 0.2222222238779068], [0.3333333432674408, 0.8888888955116272], [0.6666666865348816, 0.0], [0.7777777910232544, 0.3333333432674408], [0.0, 0.8888888955116272]]
[epoch 95] Predicted Actions: [5, 5, 5, 5, 5, 5, 5, 5, 5, 5]
[epoch 95] Actual Actions:    [5, 5, 5, 5, 5, 5, 5, 5, 5, 5]
[epoch 95] Predicted Positions: [[0.47774815559387207, 0.5667946338653564], [0.47774815559387207, 0.5667946338653564], [0.47774815559387207, 0.5667946338653564], [0.47774815559387207, 0.5667946338653564], [0.47774815559387207, 0.5667946338653564], [0.47774815559387207, 0.5667946338653564], [0.47774815559387207, 0.5667946338653564], [0.47774815559387207, 0.5667946338653564], [0.47774815559387207, 0.5667946338653564], [0.47774815559387207, 0.5667946338653564]]
[epoch 95] Actual Positions:    [[0.2222222238779068, 0.6666666865348816], [0.6666666865348816, 1.0], [0.4444444477558136, 0.8888888955116272], [1.0, 0.3333333432674408], [0.4444444477558136, 0.4444444477558136], [0.2222222238779068, 0.2222222238779068], [0.3333333432674408, 0.8888888955116272], [0.6666666865348816, 0.0], [0.7777777910232544, 0.3333333432674408], [0.0, 0.8888888955116272]]
[epoch 95] Predicted Actions: [5, 5, 5, 5, 5, 5, 5, 5, 5, 5]
[epoch 95] Actual Actions:    [5, 5, 5, 5, 5, 5, 5, 5, 5, 5]
[epoch 95] Predicted Positions: [[0.47774815559387207, 0.5667946338653564], [0.47774815559387207, 0.5667946338653564], [0.47774815559387207, 0.5667946338653564], [0.47774815559387207, 0.5667946338653564], [0.47774815559387207, 0.5667946338653564], [0.47774815559387207, 0.5667946338653564], [0.47774815559387207, 0.5667946338653564], [0.47774815559387207, 0.5667946338653564], [0.47774815559387207, 0.5667946338653564], [0.47774815559387207, 0.5667946338653564]]
[epoch 95] Actual Positions:    [[0.2222222238779068, 0.6666666865348816], [0.6666666865348816, 1.0], [0.4444444477558136, 0.8888888955116272], [1.0, 0.3333333432674408], [0.4444444477558136, 0.4444444477558136], [0.2222222238779068, 0.2222222238779068], [0.3333333432674408, 0.8888888955116272], [0.6666666865348816, 0.0], [0.7777777910232544, 0.3333333432674408], [0.0, 0.8888888955116272]]
[epoch 95] Predicted Actions: [5, 5, 5, 5, 5, 5, 5, 5, 5, 5]
[epoch 95] Actual Actions:    [5, 5, 5, 5, 5, 5, 5, 5, 5, 5]
[epoch 95] Predicted Positions: [[0.47774815559387207, 0.5667946338653564], [0.47774815559387207, 0.5667946338653564], [0.47774815559387207, 0.5667946338653564], [0.47774815559387207, 0.5667946338653564], [0.47774815559387207, 0.5667946338653564], [0.47774815559387207, 0.5667946338653564], [0.47774815559387207, 0.5667946338653564], [0.47774815559387207, 0.5667946338653564], [0.47774815559387207, 0.5667946338653564], [0.47774815559387207, 0.5667946338653564]]
[epoch 95] Actual Positions:    [[0.2222222238779068, 0.6666666865348816], [0.6666666865348816, 1.0], [0.4444444477558136, 0.8888888955116272], [1.0, 0.3333333432674408], [0.4444444477558136, 0.4444444477558136], [0.2222222238779068, 0.2222222238779068], [0.3333333432674408, 0.8888888955116272], [0.6666666865348816, 0.0], [0.7777777910232544, 0.3333333432674408], [0.0, 0.8888888955116272]]
[epoch 95] Predicted Actions: [5, 5, 5, 5, 5, 5, 5, 5, 5, 5]
[epoch 95] Actual Actions:    [5, 5, 5, 5, 5, 5, 5, 5, 5, 5]
[epoch 95] Predicted Positions: [[0.47774815559387207, 0.5667945742607117], [0.47774815559387207, 0.5667945742607117], [0.47774815559387207, 0.5667945742607117], [0.47774815559387207, 0.5667945742607117], [0.47774815559387207, 0.5667945742607117], [0.47774815559387207, 0.5667945742607117], [0.47774815559387207, 0.5667945742607117], [0.47774815559387207, 0.5667945742607117], [0.47774815559387207, 0.5667945742607117], [0.47774815559387207, 0.5667945742607117]]
[epoch 95] Actual Positions:    [[0.2222222238779068, 0.6666666865348816], [0.6666666865348816, 1.0], [0.4444444477558136, 0.8888888955116272], [1.0, 0.3333333432674408], [0.4444444477558136, 0.4444444477558136], [0.2222222238779068, 0.2222222238779068], [0.3333333432674408, 0.8888888955116272], [0.6666666865348816, 0.0], [0.7777777910232544, 0.3333333432674408], [0.0, 0.8888888955116272]]
[epoch 96] Predicted Actions: [5, 5, 5, 5, 5, 5, 5, 5, 5, 5]
[epoch 96] Actual Actions:    [5, 5, 5, 5, 5, 5, 5, 5, 5, 5]
[epoch 96] Predicted Positions: [[0.47774815559387207, 0.5667945742607117], [0.47774815559387207, 0.5667945742607117], [0.47774815559387207, 0.5667945742607117], [0.47774815559387207, 0.5667945742607117], [0.47774815559387207, 0.5667945742607117], [0.47774815559387207, 0.5667945742607117], [0.47774815559387207, 0.5667945742607117], [0.47774815559387207, 0.5667945742607117], [0.47774815559387207, 0.5667945742607117], [0.47774815559387207, 0.5667945742607117]]
[epoch 96] Actual Positions:    [[0.2222222238779068, 0.6666666865348816], [0.6666666865348816, 1.0], [0.4444444477558136, 0.8888888955116272], [1.0, 0.3333333432674408], [0.4444444477558136, 0.4444444477558136], [0.2222222238779068, 0.2222222238779068], [0.3333333432674408, 0.8888888955116272], [0.6666666865348816, 0.0], [0.7777777910232544, 0.3333333432674408], [0.0, 0.8888888955116272]]
[epoch 96] Predicted Actions: [5, 5, 5, 5, 5, 5, 5, 5, 5, 5]
[epoch 96] Actual Actions:    [5, 5, 5, 5, 5, 5, 5, 5, 5, 5]
[epoch 96] Predicted Positions: [[0.47774815559387207, 0.5667945146560669], [0.47774815559387207, 0.5667945146560669], [0.47774815559387207, 0.5667945146560669], [0.47774815559387207, 0.5667945146560669], [0.47774815559387207, 0.5667945146560669], [0.47774815559387207, 0.5667945146560669], [0.47774815559387207, 0.5667945146560669], [0.47774815559387207, 0.5667945146560669], [0.47774815559387207, 0.5667945146560669], [0.47774815559387207, 0.5667945146560669]]
[epoch 96] Actual Positions:    [[0.2222222238779068, 0.6666666865348816], [0.6666666865348816, 1.0], [0.4444444477558136, 0.8888888955116272], [1.0, 0.3333333432674408], [0.4444444477558136, 0.4444444477558136], [0.2222222238779068, 0.2222222238779068], [0.3333333432674408, 0.8888888955116272], [0.6666666865348816, 0.0], [0.7777777910232544, 0.3333333432674408], [0.0, 0.8888888955116272]]
[epoch 96] Predicted Actions: [5, 5, 5, 5, 5, 5, 5, 5, 5, 5]
[epoch 96] Actual Actions:    [5, 5, 5, 5, 5, 5, 5, 5, 5, 5]
[epoch 96] Predicted Positions: [[0.47774815559387207, 0.5667945146560669], [0.47774815559387207, 0.5667945146560669], [0.47774815559387207, 0.5667945146560669], [0.47774815559387207, 0.5667945146560669], [0.47774815559387207, 0.5667945146560669], [0.47774815559387207, 0.5667945146560669], [0.47774815559387207, 0.5667945146560669], [0.47774815559387207, 0.5667945146560669], [0.47774815559387207, 0.5667945146560669], [0.47774815559387207, 0.5667945146560669]]
[epoch 96] Actual Positions:    [[0.2222222238779068, 0.6666666865348816], [0.6666666865348816, 1.0], [0.4444444477558136, 0.8888888955116272], [1.0, 0.3333333432674408], [0.4444444477558136, 0.4444444477558136], [0.2222222238779068, 0.2222222238779068], [0.3333333432674408, 0.8888888955116272], [0.6666666865348816, 0.0], [0.7777777910232544, 0.3333333432674408], [0.0, 0.8888888955116272]]
[epoch 96] Predicted Actions: [5, 5, 5, 5, 5, 5, 5, 5, 5, 5]
[epoch 96] Actual Actions:    [5, 5, 5, 5, 5, 5, 5, 5, 5, 5]
[epoch 96] Predicted Positions: [[0.47774815559387207, 0.5667945146560669], [0.47774815559387207, 0.5667945146560669], [0.47774815559387207, 0.5667945146560669], [0.47774815559387207, 0.5667945146560669], [0.47774815559387207, 0.5667945146560669], [0.47774815559387207, 0.5667945146560669], [0.47774815559387207, 0.5667945146560669], [0.47774815559387207, 0.5667945146560669], [0.47774815559387207, 0.5667945146560669], [0.47774815559387207, 0.5667945146560669]]
[epoch 96] Actual Positions:    [[0.2222222238779068, 0.6666666865348816], [0.6666666865348816, 1.0], [0.4444444477558136, 0.8888888955116272], [1.0, 0.3333333432674408], [0.4444444477558136, 0.4444444477558136], [0.2222222238779068, 0.2222222238779068], [0.3333333432674408, 0.8888888955116272], [0.6666666865348816, 0.0], [0.7777777910232544, 0.3333333432674408], [0.0, 0.8888888955116272]]
[epoch 96] Predicted Actions: [5, 5, 5, 5, 5, 5, 5, 5, 5, 5]
[epoch 96] Actual Actions:    [5, 5, 5, 5, 5, 5, 5, 5, 5, 5]
[epoch 96] Predicted Positions: [[0.47774815559387207, 0.5667945146560669], [0.47774815559387207, 0.5667945146560669], [0.47774815559387207, 0.5667945146560669], [0.47774815559387207, 0.5667945146560669], [0.47774815559387207, 0.5667945146560669], [0.47774815559387207, 0.5667945146560669], [0.47774815559387207, 0.5667945146560669], [0.47774815559387207, 0.5667945146560669], [0.47774815559387207, 0.5667945146560669], [0.47774815559387207, 0.5667945146560669]]
[epoch 96] Actual Positions:    [[0.2222222238779068, 0.6666666865348816], [0.6666666865348816, 1.0], [0.4444444477558136, 0.8888888955116272], [1.0, 0.3333333432674408], [0.4444444477558136, 0.4444444477558136], [0.2222222238779068, 0.2222222238779068], [0.3333333432674408, 0.8888888955116272], [0.6666666865348816, 0.0], [0.7777777910232544, 0.3333333432674408], [0.0, 0.8888888955116272]]
[epoch 97] Predicted Actions: [5, 5, 5, 5, 5, 5, 5, 5, 5, 5]
[epoch 97] Actual Actions:    [5, 5, 5, 5, 5, 5, 5, 5, 5, 5]
[epoch 97] Predicted Positions: [[0.47774815559387207, 0.5667945146560669], [0.47774815559387207, 0.5667945146560669], [0.47774815559387207, 0.5667945146560669], [0.47774815559387207, 0.5667945146560669], [0.47774815559387207, 0.5667945146560669], [0.47774815559387207, 0.5667945146560669], [0.47774815559387207, 0.5667945146560669], [0.47774815559387207, 0.5667945146560669], [0.47774815559387207, 0.5667945146560669], [0.47774815559387207, 0.5667945146560669]]
[epoch 97] Actual Positions:    [[0.2222222238779068, 0.6666666865348816], [0.6666666865348816, 1.0], [0.4444444477558136, 0.8888888955116272], [1.0, 0.3333333432674408], [0.4444444477558136, 0.4444444477558136], [0.2222222238779068, 0.2222222238779068], [0.3333333432674408, 0.8888888955116272], [0.6666666865348816, 0.0], [0.7777777910232544, 0.3333333432674408], [0.0, 0.8888888955116272]]
[epoch 97] Predicted Actions: [5, 5, 5, 5, 5, 5, 5, 5, 5, 5]
[epoch 97] Actual Actions:    [5, 5, 5, 5, 5, 5, 5, 5, 5, 5]
[epoch 97] Predicted Positions: [[0.47774815559387207, 0.5667945146560669], [0.47774815559387207, 0.5667945146560669], [0.47774815559387207, 0.5667945146560669], [0.47774815559387207, 0.5667945146560669], [0.47774815559387207, 0.5667945146560669], [0.47774815559387207, 0.5667945146560669], [0.47774815559387207, 0.5667945146560669], [0.47774815559387207, 0.5667945146560669], [0.47774815559387207, 0.5667945146560669], [0.47774815559387207, 0.5667945146560669]]
[epoch 97] Actual Positions:    [[0.2222222238779068, 0.6666666865348816], [0.6666666865348816, 1.0], [0.4444444477558136, 0.8888888955116272], [1.0, 0.3333333432674408], [0.4444444477558136, 0.4444444477558136], [0.2222222238779068, 0.2222222238779068], [0.3333333432674408, 0.8888888955116272], [0.6666666865348816, 0.0], [0.7777777910232544, 0.3333333432674408], [0.0, 0.8888888955116272]]
[epoch 97] Predicted Actions: [5, 5, 5, 5, 5, 5, 5, 5, 5, 5]
[epoch 97] Actual Actions:    [5, 5, 5, 5, 5, 5, 5, 5, 5, 5]
[epoch 97] Predicted Positions: [[0.47774815559387207, 0.5667945146560669], [0.47774815559387207, 0.5667945146560669], [0.47774815559387207, 0.5667945146560669], [0.47774815559387207, 0.5667945146560669], [0.47774815559387207, 0.5667945146560669], [0.47774815559387207, 0.5667945146560669], [0.47774815559387207, 0.5667945146560669], [0.47774815559387207, 0.5667945146560669], [0.47774815559387207, 0.5667945146560669], [0.47774815559387207, 0.5667945146560669]]
[epoch 97] Actual Positions:    [[0.2222222238779068, 0.6666666865348816], [0.6666666865348816, 1.0], [0.4444444477558136, 0.8888888955116272], [1.0, 0.3333333432674408], [0.4444444477558136, 0.4444444477558136], [0.2222222238779068, 0.2222222238779068], [0.3333333432674408, 0.8888888955116272], [0.6666666865348816, 0.0], [0.7777777910232544, 0.3333333432674408], [0.0, 0.8888888955116272]]
[epoch 97] Predicted Actions: [5, 5, 5, 5, 5, 5, 5, 5, 5, 5]
[epoch 97] Actual Actions:    [5, 5, 5, 5, 5, 5, 5, 5, 5, 5]
[epoch 97] Predicted Positions: [[0.47774815559387207, 0.5667944550514221], [0.47774815559387207, 0.5667944550514221], [0.47774815559387207, 0.5667944550514221], [0.47774815559387207, 0.5667944550514221], [0.47774815559387207, 0.5667944550514221], [0.47774815559387207, 0.5667944550514221], [0.47774815559387207, 0.5667944550514221], [0.47774815559387207, 0.5667944550514221], [0.47774815559387207, 0.5667944550514221], [0.47774815559387207, 0.5667944550514221]]
[epoch 97] Actual Positions:    [[0.2222222238779068, 0.6666666865348816], [0.6666666865348816, 1.0], [0.4444444477558136, 0.8888888955116272], [1.0, 0.3333333432674408], [0.4444444477558136, 0.4444444477558136], [0.2222222238779068, 0.2222222238779068], [0.3333333432674408, 0.8888888955116272], [0.6666666865348816, 0.0], [0.7777777910232544, 0.3333333432674408], [0.0, 0.8888888955116272]]
[epoch 97] Predicted Actions: [5, 5, 5, 5, 5, 5, 5, 5, 5, 5]
[epoch 97] Actual Actions:    [5, 5, 5, 5, 5, 5, 5, 5, 5, 5]
[epoch 97] Predicted Positions: [[0.47774815559387207, 0.5667944550514221], [0.47774815559387207, 0.5667944550514221], [0.47774815559387207, 0.5667944550514221], [0.47774815559387207, 0.5667944550514221], [0.47774815559387207, 0.5667944550514221], [0.47774815559387207, 0.5667944550514221], [0.47774815559387207, 0.5667944550514221], [0.47774815559387207, 0.5667944550514221], [0.47774815559387207, 0.5667944550514221], [0.47774815559387207, 0.5667944550514221]]
[epoch 97] Actual Positions:    [[0.2222222238779068, 0.6666666865348816], [0.6666666865348816, 1.0], [0.4444444477558136, 0.8888888955116272], [1.0, 0.3333333432674408], [0.4444444477558136, 0.4444444477558136], [0.2222222238779068, 0.2222222238779068], [0.3333333432674408, 0.8888888955116272], [0.6666666865348816, 0.0], [0.7777777910232544, 0.3333333432674408], [0.0, 0.8888888955116272]]
[epoch 98] Predicted Actions: [5, 5, 5, 5, 5, 5, 5, 5, 5, 5]
[epoch 98] Actual Actions:    [5, 5, 5, 5, 5, 5, 5, 5, 5, 5]
[epoch 98] Predicted Positions: [[0.47774815559387207, 0.5667944550514221], [0.47774815559387207, 0.5667944550514221], [0.47774815559387207, 0.5667944550514221], [0.47774815559387207, 0.5667944550514221], [0.47774815559387207, 0.5667944550514221], [0.47774815559387207, 0.5667944550514221], [0.47774815559387207, 0.5667944550514221], [0.47774815559387207, 0.5667944550514221], [0.47774815559387207, 0.5667944550514221], [0.47774815559387207, 0.5667944550514221]]
[epoch 98] Actual Positions:    [[0.2222222238779068, 0.6666666865348816], [0.6666666865348816, 1.0], [0.4444444477558136, 0.8888888955116272], [1.0, 0.3333333432674408], [0.4444444477558136, 0.4444444477558136], [0.2222222238779068, 0.2222222238779068], [0.3333333432674408, 0.8888888955116272], [0.6666666865348816, 0.0], [0.7777777910232544, 0.3333333432674408], [0.0, 0.8888888955116272]]
[epoch 98] Predicted Actions: [5, 5, 5, 5, 5, 5, 5, 5, 5, 5]
[epoch 98] Actual Actions:    [5, 5, 5, 5, 5, 5, 5, 5, 5, 5]
[epoch 98] Predicted Positions: [[0.47774815559387207, 0.5667944550514221], [0.47774815559387207, 0.5667944550514221], [0.47774815559387207, 0.5667944550514221], [0.47774815559387207, 0.5667944550514221], [0.47774815559387207, 0.5667944550514221], [0.47774815559387207, 0.5667944550514221], [0.47774815559387207, 0.5667944550514221], [0.47774815559387207, 0.5667944550514221], [0.47774815559387207, 0.5667944550514221], [0.47774815559387207, 0.5667944550514221]]
[epoch 98] Actual Positions:    [[0.2222222238779068, 0.6666666865348816], [0.6666666865348816, 1.0], [0.4444444477558136, 0.8888888955116272], [1.0, 0.3333333432674408], [0.4444444477558136, 0.4444444477558136], [0.2222222238779068, 0.2222222238779068], [0.3333333432674408, 0.8888888955116272], [0.6666666865348816, 0.0], [0.7777777910232544, 0.3333333432674408], [0.0, 0.8888888955116272]]
[epoch 98] Predicted Actions: [5, 5, 5, 5, 5, 5, 5, 5, 5, 5]
[epoch 98] Actual Actions:    [5, 5, 5, 5, 5, 5, 5, 5, 5, 5]
[epoch 98] Predicted Positions: [[0.47774815559387207, 0.5667944550514221], [0.47774815559387207, 0.5667944550514221], [0.47774815559387207, 0.5667944550514221], [0.47774815559387207, 0.5667944550514221], [0.47774815559387207, 0.5667944550514221], [0.47774815559387207, 0.5667944550514221], [0.47774815559387207, 0.5667944550514221], [0.47774815559387207, 0.5667944550514221], [0.47774815559387207, 0.5667944550514221], [0.47774815559387207, 0.5667944550514221]]
[epoch 98] Actual Positions:    [[0.2222222238779068, 0.6666666865348816], [0.6666666865348816, 1.0], [0.4444444477558136, 0.8888888955116272], [1.0, 0.3333333432674408], [0.4444444477558136, 0.4444444477558136], [0.2222222238779068, 0.2222222238779068], [0.3333333432674408, 0.8888888955116272], [0.6666666865348816, 0.0], [0.7777777910232544, 0.3333333432674408], [0.0, 0.8888888955116272]]
[epoch 98] Predicted Actions: [5, 5, 5, 5, 5, 5, 5, 5, 5, 5]
[epoch 98] Actual Actions:    [5, 5, 5, 5, 5, 5, 5, 5, 5, 5]
[epoch 98] Predicted Positions: [[0.47774815559387207, 0.5667944550514221], [0.47774815559387207, 0.5667944550514221], [0.47774815559387207, 0.5667944550514221], [0.47774815559387207, 0.5667944550514221], [0.47774815559387207, 0.5667944550514221], [0.47774815559387207, 0.5667944550514221], [0.47774815559387207, 0.5667944550514221], [0.47774815559387207, 0.5667944550514221], [0.47774815559387207, 0.5667944550514221], [0.47774815559387207, 0.5667944550514221]]
[epoch 98] Actual Positions:    [[0.2222222238779068, 0.6666666865348816], [0.6666666865348816, 1.0], [0.4444444477558136, 0.8888888955116272], [1.0, 0.3333333432674408], [0.4444444477558136, 0.4444444477558136], [0.2222222238779068, 0.2222222238779068], [0.3333333432674408, 0.8888888955116272], [0.6666666865348816, 0.0], [0.7777777910232544, 0.3333333432674408], [0.0, 0.8888888955116272]]
[epoch 98] Predicted Actions: [5, 5, 5, 5, 5, 5, 5, 5, 5, 5]
[epoch 98] Actual Actions:    [5, 5, 5, 5, 5, 5, 5, 5, 5, 5]
[epoch 98] Predicted Positions: [[0.47774815559387207, 0.5667944550514221], [0.47774815559387207, 0.5667944550514221], [0.47774815559387207, 0.5667944550514221], [0.47774815559387207, 0.5667944550514221], [0.47774815559387207, 0.5667944550514221], [0.47774815559387207, 0.5667944550514221], [0.47774815559387207, 0.5667944550514221], [0.47774815559387207, 0.5667944550514221], [0.47774815559387207, 0.5667944550514221], [0.47774815559387207, 0.5667944550514221]]
[epoch 98] Actual Positions:    [[0.2222222238779068, 0.6666666865348816], [0.6666666865348816, 1.0], [0.4444444477558136, 0.8888888955116272], [1.0, 0.3333333432674408], [0.4444444477558136, 0.4444444477558136], [0.2222222238779068, 0.2222222238779068], [0.3333333432674408, 0.8888888955116272], [0.6666666865348816, 0.0], [0.7777777910232544, 0.3333333432674408], [0.0, 0.8888888955116272]]
[epoch 99] Predicted Actions: [5, 5, 5, 5, 5, 5, 5, 5, 5, 5]
[epoch 99] Actual Actions:    [5, 5, 5, 5, 5, 5, 5, 5, 5, 5]
[epoch 99] Predicted Positions: [[0.47774815559387207, 0.5667944550514221], [0.47774815559387207, 0.5667944550514221], [0.47774815559387207, 0.5667944550514221], [0.47774815559387207, 0.5667944550514221], [0.47774815559387207, 0.5667944550514221], [0.47774815559387207, 0.5667944550514221], [0.47774815559387207, 0.5667944550514221], [0.47774815559387207, 0.5667944550514221], [0.47774815559387207, 0.5667944550514221], [0.47774815559387207, 0.5667944550514221]]
[epoch 99] Actual Positions:    [[0.2222222238779068, 0.6666666865348816], [0.6666666865348816, 1.0], [0.4444444477558136, 0.8888888955116272], [1.0, 0.3333333432674408], [0.4444444477558136, 0.4444444477558136], [0.2222222238779068, 0.2222222238779068], [0.3333333432674408, 0.8888888955116272], [0.6666666865348816, 0.0], [0.7777777910232544, 0.3333333432674408], [0.0, 0.8888888955116272]]
[epoch 99] Predicted Actions: [5, 5, 5, 5, 5, 5, 5, 5, 5, 5]
[epoch 99] Actual Actions:    [5, 5, 5, 5, 5, 5, 5, 5, 5, 5]
[epoch 99] Predicted Positions: [[0.47774815559387207, 0.5667944550514221], [0.47774815559387207, 0.5667944550514221], [0.47774815559387207, 0.5667944550514221], [0.47774815559387207, 0.5667944550514221], [0.47774815559387207, 0.5667944550514221], [0.47774815559387207, 0.5667944550514221], [0.47774815559387207, 0.5667944550514221], [0.47774815559387207, 0.5667944550514221], [0.47774815559387207, 0.5667944550514221], [0.47774815559387207, 0.5667944550514221]]
[epoch 99] Actual Positions:    [[0.2222222238779068, 0.6666666865348816], [0.6666666865348816, 1.0], [0.4444444477558136, 0.8888888955116272], [1.0, 0.3333333432674408], [0.4444444477558136, 0.4444444477558136], [0.2222222238779068, 0.2222222238779068], [0.3333333432674408, 0.8888888955116272], [0.6666666865348816, 0.0], [0.7777777910232544, 0.3333333432674408], [0.0, 0.8888888955116272]]
[epoch 99] Predicted Actions: [5, 5, 5, 5, 5, 5, 5, 5, 5, 5]
[epoch 99] Actual Actions:    [5, 5, 5, 5, 5, 5, 5, 5, 5, 5]
[epoch 99] Predicted Positions: [[0.47774815559387207, 0.5667944550514221], [0.47774815559387207, 0.5667944550514221], [0.47774815559387207, 0.5667944550514221], [0.47774815559387207, 0.5667944550514221], [0.47774815559387207, 0.5667944550514221], [0.47774815559387207, 0.5667944550514221], [0.47774815559387207, 0.5667944550514221], [0.47774815559387207, 0.5667944550514221], [0.47774815559387207, 0.5667944550514221], [0.47774815559387207, 0.5667944550514221]]
[epoch 99] Actual Positions:    [[0.2222222238779068, 0.6666666865348816], [0.6666666865348816, 1.0], [0.4444444477558136, 0.8888888955116272], [1.0, 0.3333333432674408], [0.4444444477558136, 0.4444444477558136], [0.2222222238779068, 0.2222222238779068], [0.3333333432674408, 0.8888888955116272], [0.6666666865348816, 0.0], [0.7777777910232544, 0.3333333432674408], [0.0, 0.8888888955116272]]
[epoch 99] Predicted Actions: [5, 5, 5, 5, 5, 5, 5, 5, 5, 5]
[epoch 99] Actual Actions:    [5, 5, 5, 5, 5, 5, 5, 5, 5, 5]
[epoch 99] Predicted Positions: [[0.47774815559387207, 0.5667944550514221], [0.47774815559387207, 0.5667944550514221], [0.47774815559387207, 0.5667944550514221], [0.47774815559387207, 0.5667944550514221], [0.47774815559387207, 0.5667944550514221], [0.47774815559387207, 0.5667944550514221], [0.47774815559387207, 0.5667944550514221], [0.47774815559387207, 0.5667944550514221], [0.47774815559387207, 0.5667944550514221], [0.47774815559387207, 0.5667944550514221]]
[epoch 99] Actual Positions:    [[0.2222222238779068, 0.6666666865348816], [0.6666666865348816, 1.0], [0.4444444477558136, 0.8888888955116272], [1.0, 0.3333333432674408], [0.4444444477558136, 0.4444444477558136], [0.2222222238779068, 0.2222222238779068], [0.3333333432674408, 0.8888888955116272], [0.6666666865348816, 0.0], [0.7777777910232544, 0.3333333432674408], [0.0, 0.8888888955116272]]
[epoch 99] Predicted Actions: [5, 5, 5, 5, 5, 5, 5, 5, 5, 5]
[epoch 99] Actual Actions:    [5, 5, 5, 5, 5, 5, 5, 5, 5, 5]
[epoch 99] Predicted Positions: [[0.47774815559387207, 0.5667944550514221], [0.47774815559387207, 0.5667944550514221], [0.47774815559387207, 0.5667944550514221], [0.47774815559387207, 0.5667944550514221], [0.47774815559387207, 0.5667944550514221], [0.47774815559387207, 0.5667944550514221], [0.47774815559387207, 0.5667944550514221], [0.47774815559387207, 0.5667944550514221], [0.47774815559387207, 0.5667944550514221], [0.47774815559387207, 0.5667944550514221]]
[epoch 99] Actual Positions:    [[0.2222222238779068, 0.6666666865348816], [0.6666666865348816, 1.0], [0.4444444477558136, 0.8888888955116272], [1.0, 0.3333333432674408], [0.4444444477558136, 0.4444444477558136], [0.2222222238779068, 0.2222222238779068], [0.3333333432674408, 0.8888888955116272], [0.6666666865348816, 0.0], [0.7777777910232544, 0.3333333432674408], [0.0, 0.8888888955116272]]
[epoch 100] Predicted Actions: [5, 5, 5, 5, 5, 5, 5, 5, 5, 5]
[epoch 100] Actual Actions:    [5, 5, 5, 5, 5, 5, 5, 5, 5, 5]
[epoch 100] Predicted Positions: [[0.47774815559387207, 0.5667944550514221], [0.47774815559387207, 0.5667944550514221], [0.47774815559387207, 0.5667944550514221], [0.47774815559387207, 0.5667944550514221], [0.47774815559387207, 0.5667944550514221], [0.47774815559387207, 0.5667944550514221], [0.47774815559387207, 0.5667944550514221], [0.47774815559387207, 0.5667944550514221], [0.47774815559387207, 0.5667944550514221], [0.47774815559387207, 0.5667944550514221]]
[epoch 100] Actual Positions:    [[0.2222222238779068, 0.6666666865348816], [0.6666666865348816, 1.0], [0.4444444477558136, 0.8888888955116272], [1.0, 0.3333333432674408], [0.4444444477558136, 0.4444444477558136], [0.2222222238779068, 0.2222222238779068], [0.3333333432674408, 0.8888888955116272], [0.6666666865348816, 0.0], [0.7777777910232544, 0.3333333432674408], [0.0, 0.8888888955116272]]
[epoch 100] Predicted Actions: [5, 5, 5, 5, 5, 5, 5, 5, 5, 5]
[epoch 100] Actual Actions:    [5, 5, 5, 5, 5, 5, 5, 5, 5, 5]
[epoch 100] Predicted Positions: [[0.47774815559387207, 0.5667944550514221], [0.47774815559387207, 0.5667944550514221], [0.47774815559387207, 0.5667944550514221], [0.47774815559387207, 0.5667944550514221], [0.47774815559387207, 0.5667944550514221], [0.47774815559387207, 0.5667944550514221], [0.47774815559387207, 0.5667944550514221], [0.47774815559387207, 0.5667944550514221], [0.47774815559387207, 0.5667944550514221], [0.47774815559387207, 0.5667944550514221]]
[epoch 100] Actual Positions:    [[0.2222222238779068, 0.6666666865348816], [0.6666666865348816, 1.0], [0.4444444477558136, 0.8888888955116272], [1.0, 0.3333333432674408], [0.4444444477558136, 0.4444444477558136], [0.2222222238779068, 0.2222222238779068], [0.3333333432674408, 0.8888888955116272], [0.6666666865348816, 0.0], [0.7777777910232544, 0.3333333432674408], [0.0, 0.8888888955116272]]
[epoch 100] Predicted Actions: [5, 5, 5, 5, 5, 5, 5, 5, 5, 5]
[epoch 100] Actual Actions:    [5, 5, 5, 5, 5, 5, 5, 5, 5, 5]
[epoch 100] Predicted Positions: [[0.47774815559387207, 0.5667944550514221], [0.47774815559387207, 0.5667944550514221], [0.47774815559387207, 0.5667944550514221], [0.47774815559387207, 0.5667944550514221], [0.47774815559387207, 0.5667944550514221], [0.47774815559387207, 0.5667944550514221], [0.47774815559387207, 0.5667944550514221], [0.47774815559387207, 0.5667944550514221], [0.47774815559387207, 0.5667944550514221], [0.47774815559387207, 0.5667944550514221]]
[epoch 100] Actual Positions:    [[0.2222222238779068, 0.6666666865348816], [0.6666666865348816, 1.0], [0.4444444477558136, 0.8888888955116272], [1.0, 0.3333333432674408], [0.4444444477558136, 0.4444444477558136], [0.2222222238779068, 0.2222222238779068], [0.3333333432674408, 0.8888888955116272], [0.6666666865348816, 0.0], [0.7777777910232544, 0.3333333432674408], [0.0, 0.8888888955116272]]
[epoch 100] Predicted Actions: [5, 5, 5, 5, 5, 5, 5, 5, 5, 5]
[epoch 100] Actual Actions:    [5, 5, 5, 5, 5, 5, 5, 5, 5, 5]
[epoch 100] Predicted Positions: [[0.47774815559387207, 0.5667944550514221], [0.47774815559387207, 0.5667944550514221], [0.47774815559387207, 0.5667944550514221], [0.47774815559387207, 0.5667944550514221], [0.47774815559387207, 0.5667944550514221], [0.47774815559387207, 0.5667944550514221], [0.47774815559387207, 0.5667944550514221], [0.47774815559387207, 0.5667944550514221], [0.47774815559387207, 0.5667944550514221], [0.47774815559387207, 0.5667944550514221]]
[epoch 100] Actual Positions:    [[0.2222222238779068, 0.6666666865348816], [0.6666666865348816, 1.0], [0.4444444477558136, 0.8888888955116272], [1.0, 0.3333333432674408], [0.4444444477558136, 0.4444444477558136], [0.2222222238779068, 0.2222222238779068], [0.3333333432674408, 0.8888888955116272], [0.6666666865348816, 0.0], [0.7777777910232544, 0.3333333432674408], [0.0, 0.8888888955116272]]
[epoch 100] Predicted Actions: [5, 5, 5, 5, 5, 5, 5, 5, 5, 5]
[epoch 100] Actual Actions:    [5, 5, 5, 5, 5, 5, 5, 5, 5, 5]
[epoch 100] Predicted Positions: [[0.47774815559387207, 0.5667944550514221], [0.47774815559387207, 0.5667944550514221], [0.47774815559387207, 0.5667944550514221], [0.47774815559387207, 0.5667944550514221], [0.47774815559387207, 0.5667944550514221], [0.47774815559387207, 0.5667944550514221], [0.47774815559387207, 0.5667944550514221], [0.47774815559387207, 0.5667944550514221], [0.47774815559387207, 0.5667944550514221], [0.47774815559387207, 0.5667944550514221]]
[epoch 100] Actual Positions:    [[0.2222222238779068, 0.6666666865348816], [0.6666666865348816, 1.0], [0.4444444477558136, 0.8888888955116272], [1.0, 0.3333333432674408], [0.4444444477558136, 0.4444444477558136], [0.2222222238779068, 0.2222222238779068], [0.3333333432674408, 0.8888888955116272], [0.6666666865348816, 0.0], [0.7777777910232544, 0.3333333432674408], [0.0, 0.8888888955116272]]
